time_sec,phase,chest_displacement,breathing_wave,heart_wave
0.0,-0.06662242488885234,-0.06662242488885234,0.0,0.0
0.05,0.13895065081425056,0.13895065081425056,0.0,0.0
0.1,0.3651187924080448,0.3651187924080448,0.0,0.0
0.15,0.2945163671880044,0.2945163671880044,0.0,0.0
0.2,0.31044976781473804,0.31044976781473804,0.0,0.0
0.25,0.3783094158708269,0.3783094158708269,0.0,0.0
0.3,0.46984763354811665,0.46984763354811665,0.0,0.0
0.35,0.3392011885056468,0.3392011885056468,0.0,0.0
0.4,0.3460705586691654,0.3460705586691654,0.0,0.0
0.45,0.4252779633156123,0.4252779633156123,0.0,0.0
0.5,0.3495692095598126,0.3495692095598126,0.0,0.0
0.55,0.49768400101224997,0.49768400101224997,0.0,0.0
0.6,0.47669439264234725,0.47669439264234725,0.0,0.0
0.65,0.7341127016754972,0.7341127016754972,0.0,0.0
0.7,0.766355858063823,0.766355858063823,0.0,0.0
0.75,0.8712525566202483,0.8712525566202483,0.0,0.0
0.8,0.893156489719954,0.893156489719954,0.0,0.0
0.85,0.943224650768729,0.943224650768729,0.0,0.0
0.9,0.9229179481283704,0.9229179481283704,0.0,0.0
0.95,0.8588566939666352,0.8588566939666352,0.0,0.0
1.0,0.8108176451184597,0.8108176451184597,0.0,0.0
1.05,0.7245503085669596,0.7245503085669596,0.0,0.0
1.1,0.6982117340024627,0.6982117340024627,0.0,0.0
1.15,0.5739733408630887,0.5739733408630887,0.0,0.0
1.2,0.6736017965554013,0.6736017965554013,0.0,0.0
1.25,0.6159210021204352,0.6159210021204352,0.0,0.0
1.3,0.7431873258919595,0.7431873258919595,0.0,0.0
1.35,0.6951947604173763,0.6951947604173763,0.14410083496394477,-0.01635631560391203
1.4,0.6862265188297815,0.6862265188297815,0.13613437847199064,-0.029160364981232492
1.45,0.7312152479859405,0.7312152479859405,0.12029711849889183,-0.036599295322614196
1.5,0.6900864696148429,0.6900864696148429,0.11352160772747104,-0.03543019382871773
1.55,0.6169074862748787,0.6169074862748787,0.10948642829456537,-0.026778512023902207
1.6,0.5668509125595428,0.5668509125595428,0.10165457874921839,-0.013425827066505391
1.65,0.4455478582416142,0.4455478582416142,0.10129553362307858,0.0028077699200044592
1.7,0.19042616091709427,0.19042616091709427,0.11570085842845834,0.019343108937671032
1.75,0.19691395379645743,0.19691395379645743,0.097508516759086,0.027984916859204453
1.8,0.11461294715211902,0.11461294715211902,0.08857276968823569,0.03147416283118294
1.85,0.033136846224112816,0.033136846224112816,0.07836776322308803,0.02819289088781607
1.9,0.05283046994775791,0.05283046994775791,0.05511289083504563,0.017816914617740622
1.95,-0.050475740903473745,-0.050475740903473745,0.04579659940659033,0.005494721040289394
2.0,-0.03763665539494286,-0.03763665539494286,0.022128571581793974,-0.00901038612274186
2.05,0.048941205394508476,0.048941205394508476,-0.010464466059070646,-0.02208506464693022
2.1,-0.030887094404075707,-0.030887094404075707,-0.02290824659728008,-0.028070054551376483
2.15,-0.0031256408756702783,-0.0031256408756702783,-0.04758232872719102,-0.029227649724304215
2.2,-0.11881965272635664,-0.11881965272635664,-0.054351249745283395,-0.02230083270738827
2.25,-0.1885626397018182,-0.1885626397018182,-0.0657311607944812,-0.011160890073677487
2.3,-0.36987117506805084,-0.36987117506805084,-0.06301556227576761,0.003842341381821809
2.35,-0.47577058752022494,-0.47577058752022494,-0.06867133435742782,0.017307226172853633
2.4,-0.6049415661529521,-0.6049415661529521,-0.07109140179825904,0.027698311411819724
2.45,-0.7243282914939135,-0.7243282914939135,-0.0743478787658414,0.03243576400564779
2.5,-0.7485385378647125,-0.7485385378647125,-0.08867991885190207,0.029395902705868983
2.55,-0.7088103501808948,-0.7088103501808948,-0.1102052453853595,0.01944059952030166
2.6,-0.722950685692679,-0.722950685692679,-0.12459080763363645,0.005981093753319742
2.65,-0.6135849489453622,-0.6135849489453622,-0.15265883887945195,-0.010410949619116502
2.7,-0.6837301482136061,-0.6837301482136061,-0.1579600397500421,-0.022468804442701117
2.75,-0.5941809452262822,-0.5941809452262822,-0.18072444191848294,-0.031785721679166296
2.8,-0.6234815549058057,-0.6234815549058057,-0.18753095255913432,-0.03286795818063787
2.85,-0.6021177434119679,-0.6021177434119679,-0.19844654733490605,-0.02754535150548119
2.9,-0.6455730731274903,-0.6455730731274903,-0.19965212428223497,-0.015431627110287158
2.95,-0.7644114837848194,-0.7644114837848194,-0.18999583957226407,0.0011600050318833503
3.0,-0.7687049783614395,-0.7687049783614395,-0.19234001529278338,0.016462895079048787
3.05,-0.8264810695077209,-0.8264810695077209,-0.18679373911128722,0.029317289848498643
3.1,-0.8574204698785971,-0.8574204698785971,-0.18306881147614168,0.035953239539665297
3.15,-0.8983766073114066,-0.8983766073114066,-0.17693021995983355,0.03548212348883413
3.2,-0.958177974995623,-0.958177974995623,-0.16751320277106588,0.02830582511450223
3.25,-0.8247593626927308,-0.8247593626927308,-0.18019138449500616,0.01347250578769872
3.3,-0.7776808573191529,-0.7776808573191529,-0.1814966802073561,-0.0024308339132796467
3.35,-0.6240991161162045,-0.6240991161162045,-0.19421253057567828,-0.018675748341290474
3.4,-0.49954047559768994,-0.49954047559768994,-0.2019111951140392,-0.030508427810899876
3.45,-0.5303033196673285,-0.5303033196673285,-0.1893848933240246,-0.034182587135638515
3.5,-0.40675361152843303,-0.40675361152843303,-0.1935932654027968,-0.032969694827156684
3.55,-0.38109464831104795,-0.38109464831104795,-0.18447334829790787,-0.024093927390889416
3.6,-0.36374093597730367,-0.36374093597730367,-0.17277899443127048,-0.01051075339391235
3.65,-0.39685712126591716,-0.39685712126591716,-0.15370105991596053,0.005637295620017727
3.7,-0.44445472073683523,-0.44445472073683523,-0.13185955065688665,0.0207851627811539
3.75,-0.4128969348408448,-0.4128969348408448,-0.11875227461530256,0.03083190451516498
3.8,-0.3347955304533393,-0.3347955304533393,-0.11066583011042704,0.03417167261454193
3.85,-0.32417378484120407,-0.32417378484120407,-0.09409615608710391,0.03152629033260882
3.9,-0.20021267840049028,-0.20021267840049028,-0.09068789876685977,0.021211321029729023
3.95,-0.08973019497317145,-0.08973019497317145,-0.08529147390589858,0.006995277132978804
4.0,0.018887447986711527,0.018887447986711527,-0.07920958567651083,-0.008242687178843387
4.05,-0.028575088677638888,-0.028575088677638888,-0.05412694747714012,-0.01930444649343238
4.1,0.20143180933824628,0.20143180933824628,-0.06186026960924722,-0.029295359964583274
4.15,0.36519058618891553,0.36519058618891553,-0.06126747726076369,-0.03213802560307278
4.2,0.3459354612334675,0.3459354612334675,-0.038307090334413325,-0.026162654515393596
4.25,0.5018455365991992,0.5018455365991992,-0.035791016935347045,-0.01738325458021148
4.3,0.3908414949187612,0.3908414949187612,-0.0011806699299505058,-0.002340006651334643
4.35,0.41678619204984946,0.41678619204984946,0.017006248436792284,0.010787425060724443
4.4,0.3610489597125238,0.3610489597125238,0.04443567943596897,0.022180376450403713
4.45,0.3607682044519579,0.3607682044519579,0.06439111288383781,0.028068044885586202
4.5,0.443621458345339,0.443621458345339,0.07332658175426278,0.02714594626931912
4.55,0.5641287169672969,0.5641287169672969,0.07665881073197564,0.020225052841394232
4.6,0.5447152216157815,0.5447152216157815,0.09559012601095562,0.010883320405735074
4.65,0.566785198787152,0.566785198787152,0.10836024844350073,-0.0012493347121322058
4.7,0.8745799602382067,0.8745799602382067,0.08591569403837222,-0.016826349498312257
4.75,0.8910623920171916,0.8910623920171916,0.09741730560176338,-0.025627415716115272
4.8,0.9244968805096695,0.9244968805096695,0.10622925527057499,-0.02971791259946899
4.85,0.910831505937094,0.910831505937094,0.11987166905904705,-0.02734717908967892
4.9,0.8731650367146977,0.8731650367146977,0.13540205300511246,-0.01913699106651871
4.95,0.835590747863053,0.835590747863053,0.14970263523702787,-0.006947148006108338
5.0,0.7537911706492896,0.7537911706492896,0.16778796098537752,0.007266246679448404
5.05,0.7210975113082485,0.7210975113082485,0.17826223309966255,0.01923196109217021
5.1,0.6654064534277768,0.6654064534277768,0.18952279524571644,0.0270776922682767
5.15,0.5895682745669343,0.5895682745669343,0.20105365087032637,0.02889931316426228
5.2,0.590249367495339,0.590249367495339,0.20120071623986113,0.023039434104061937
5.25,0.6766269880723333,0.6766269880723333,0.18896108562805036,0.0106666661517847
5.3,0.6377470108695222,0.6377470108695222,0.18971657403153772,-0.0028038376334942874
5.35,0.7203190091489083,0.7203190091489083,0.17426286703909158,-0.017356836168940407
5.4,0.7110983209894137,0.7110983209894137,0.16828805081759723,-0.027152969606511583
5.45,0.7332373292550525,0.7332373292550525,0.15735316692146845,-0.031700168446712626
5.5,0.7595077027159862,0.7595077027159862,0.14493963489643588,-0.029794056771023907
5.55,0.7409593227419058,0.7409593227419058,0.1371215909548121,-0.021288412227344195
5.6,0.5161838969694437,0.5161838969694437,0.15315138619063703,-0.005861506958424967
5.65,0.3385634310994821,0.3385634310994821,0.16249255665673923,0.010357547239958251
5.7,0.3745144531694628,0.3745144531694628,0.1450865068532862,0.02204870256927268
5.75,0.21195416823882618,0.21195416823882618,0.15011591425908777,0.03184015509515092
5.8,0.16197674978093793,0.16197674978093793,0.1404880775599547,0.03373221981220653
5.85,0.06291148459442089,0.06291148459442089,0.13548604086867835,0.02932602344021068
5.9,0.08648696025521448,0.08648696025521448,0.11475959926047592,0.017414335048974133
5.95,0.007908611029140353,0.007908611029140353,0.10532925263683951,0.0032677472692435486
6.0,0.016097550115629487,0.016097550115629487,0.08488537030779901,-0.012600443458186785
6.05,-0.01036788892025729,-0.01036788892025729,0.06815229176824911,-0.025474544761641415
6.1,-0.04191769332454958,-0.04191769332454958,0.05185076488281261,-0.03309582620531987
6.15,-0.0734760607361988,-0.0734760607361988,0.03558028743894175,-0.033988468688795466
6.2,-0.19567200518687022,-0.19567200518687022,0.0302728196294135,-0.026948766100961568
6.25,-0.2474433269973002,-0.2474433269973002,0.016755482376008563,-0.015619522195137014
6.3,-0.28453468165749507,-0.28453468165749507,0.0017662917026615385,-0.0018802973845495593
6.35,-0.4527457565526841,-0.4527457565526841,0.0027587627409026844,0.013116196639180637
6.4,-0.49667698464880516,-0.49667698464880516,-0.01075855245501984,0.023194335295814272
6.45,-0.6908797260979413,-0.6908797260979413,-0.006108387287296628,0.0300277388516884
6.5,-0.6847866956113849,-0.6847866956113849,-0.025142590619629427,0.028294031300108484
6.55,-0.7520466411326886,-0.7520466411326886,-0.03513525689792795,0.022187357943658927
6.6,-0.7842353077941746,-0.7842353077941746,-0.048862967381717096,0.011952271845139199
6.65,-0.787091728229596,-0.787091728229596,-0.06548529721071006,-4.649244242628708e-05
6.7,-0.6246465958890368,-0.6246465958890368,-0.10086913725942462,-0.013150428488478156
6.75,-0.6922929804637847,-0.6922929804637847,-0.10743713110294834,-0.020056527873474367
6.8,-0.6092313683595041,-0.6092313683595041,-0.13032725177705815,-0.024382997703659596
6.85,-0.6405627383739093,-0.6405627383739093,-0.13772527267284396,-0.02207797610197019
6.9,-0.6739669551148698,-0.6739669551148698,-0.1429252323860866,-0.014959561252463009
6.95,-0.7784859905188853,-0.7784859905188853,-0.13777911489968878,-0.003457625261107957
7.0,-0.8177061570979646,-0.8177061570979646,-0.13872856938381467,0.00845806465447373
7.05,-0.915850798279437,-0.915850798279437,-0.1311555872107436,0.019864895952216636
7.1,-0.9593145836159869,-0.9593145836159869,-0.1288224650769008,0.026919229547207525
7.15,-0.9561125408001517,-0.9561125408001517,-0.1309254635754698,0.02811247878084246
7.2,-0.96873535957833,-0.96873535957833,-0.13007139878147525,0.02375722795812057
7.25,-0.8403746636350063,-0.8403746636350063,-0.14490749331789718,0.012574921193431997
7.3,-0.760737177196901,-0.760737177196901,-0.15260033577189622,-0.0009345011967127237
7.35,-0.6439694364104909,-0.6439694364104909,-0.16313710325771696,-0.015090339226261972
7.4,-0.6090289439803133,-0.6090289439803133,-0.1621591143073346,-0.025348577684151767
7.45,-0.42865331231219167,-0.42865331231219167,-0.17661314179211968,-0.032207513737907846
7.5,-0.3979278763882181,-0.3979278763882181,-0.17114128077139526,-0.030396111388205627
7.55,-0.39984126311329593,-0.39984126311329593,-0.1597173644455543,-0.02161302223158888
7.6,-0.31998398652053817,-0.31998398652053817,-0.15614699211216093,-0.00904690496872485
7.65,-0.4252709211335055,-0.4252709211335055,-0.1288340678231395,0.008025662076789257
7.7,-0.41782459197877214,-0.41782459197877214,-0.11369878284364364,0.022391531388183183
7.75,-0.3158068728190735,-0.3158068728190735,-0.1088715740528474,0.031279975769600524
7.8,-0.4656849707466959,-0.4656849707466959,-0.07329502390177034,0.03714053382543238
7.85,-0.3160648369295903,-0.3160648369295903,-0.07307495356244707,0.03192927578310667
7.9,-0.21730223149573355,-0.21730223149573355,-0.06653812092086984,0.02105251283914179
7.95,-0.10214050915254363,-0.10214050915254363,-0.06163725035897108,0.005799877926358969
8.0,0.01851830600361182,0.01851830600361182,-0.057022582600122246,-0.010662841134453213
8.05,0.04560296817447178,0.04560296817447178,-0.04089639282409424,-0.023775291096823165
8.1,0.25286499446962557,0.25286499446962557,-0.04593197328957436,-0.034306323398837386
8.15,0.3489741826009576,0.3489741826009576,-0.0372933880928869,-0.03659983190179757
8.2,0.3850088392229996,0.3850088392229996,-0.02106419484133705,-0.03096227639444172
8.25,0.3489893451041807,0.3489893451041807,0.003943601681413508,-0.018454848401192152
8.3,0.35677559746841403,0.35677559746841403,0.023551875615769675,-0.0031141129645210035
8.35,0.316423963393755,0.316423963393755,0.048356749991494724,0.013023528413211095
8.4,0.36163947944622454,0.36163947944622454,0.062099675442629114,0.024941169501838476
8.45,0.31621908004677357,0.31621908004677357,0.08553526570032403,0.03238720291737182
8.5,0.45341383773811667,0.45341383773811667,0.0859210452511273,0.030470397887246727
8.55,0.5026672760013893,0.5026672760013893,0.0955430320232518,0.02304459903969843
8.6,0.5863566446267079,0.5863566446267079,0.09988111532168385,0.010303254060569348
8.65,0.5921865545669427,0.5921865545669427,0.11233134867198126,-0.00341729028469622
8.7,0.7315554673550649,0.7315554673550649,0.10770860044138779,-0.017646439793297875
8.75,0.83506164703541,0.83506164703541,0.10637469581534462,-0.02726231910806639
8.8,0.9433612903463244,0.9433612903463244,0.10370477233235119,-0.03090725393839526
8.85,1.0288811747139417,1.0288811747139417,0.10317615669959934,-0.027702772513773993
8.9,0.869657866299383,0.869657866299383,0.13121886811222958,-0.01571741140761443
8.95,0.8849341221575838,0.8849341221575838,0.1375322198193207,-0.002730104638079201
9.0,0.9022811510600844,0.9022811510600844,0.14248178327383054,0.010603615947451878
9.05,0.6777279644933215,0.6777279644933215,0.17493855357776664,0.024491376002276737
9.1,0.6749929534285791,0.6749929534285791,0.17919565453090402,0.030344539246194166
9.15,0.6240234075073051,0.6240234075073051,0.18721040267990446,0.030334920441492573
9.2,0.6153399004829714,0.6153399004829714,0.18811577971083632,0.023255266265507873
9.25,0.5961573931786786,0.5961573931786786,0.1881875580860759,0.01113614009961898
9.3,0.6583394690290462,0.6583394690290462,0.17656560300303964,-0.00476993178792932
9.35,0.6624867949718396,0.6624867949718396,0.1700724854079321,-0.019595642545702334
9.4,0.6835414237948304,0.6835414237948304,0.15997919723015072,-0.031396749554766006
9.45,0.7267143418787603,0.7267143418787603,0.14589052661538782,-0.037949246629636425
9.5,0.7133936113983819,0.7133936113983819,0.13742881659283887,-0.03693676294371239
9.55,0.5991349612817245,0.5991349612817245,0.14000193637337302,-0.02782605613694091
9.6,0.5494151307427367,0.5494151307427367,0.13384652649281775,-0.014272445828202546
9.65,0.4604227419355306,0.4604227419355306,0.13132797438664626,0.0024453061915600044
9.7,0.30294004966889887,0.30294004966889887,0.13587282963526753,0.019406906767677288
9.75,0.24598836618799352,0.24598836618799352,0.12722779072106596,0.031148250633392126
9.8,0.14466545557672217,0.14466545557672217,0.12266851487764001,0.03718333245865712
9.85,0.010570127148319161,0.010570127148319161,0.12080651327135694,0.03635092978688955
9.9,0.05682106002729461,0.05682106002729461,0.09629211087109883,0.026469703200358
9.95,0.0917994418756832,0.0917994418756832,0.0723105095149529,0.012162804098641044
10.0,-0.012025608518957613,-0.012025608518957613,0.06442016007460186,-0.0019598084362187486
10.05,-0.006149203203671301,-0.006149203203671301,0.04318019813592083,-0.01612475719894269
10.1,-0.0293688475157263,-0.0293688475157263,0.025364823960022116,-0.025879969934952587
10.15,-0.09286222856467606,-0.09286222856467606,0.012524026117619286,-0.029349279605281116
10.2,-0.0785254039071811,-0.0785254039071811,-0.009247360199430042,-0.027589262967780866
10.25,-0.20779292769724442,-0.20779292769724442,-0.013394744538606156,-0.018535643615324587
10.3,-0.33717105941586395,-0.33717105941586395,-0.01705866663958687,-0.006115419454037673
10.35,-0.41718390910268405,-0.41718390910268405,-0.026247153518158414,0.006328406943719793
10.4,-0.6651325398220751,-0.6651325398220751,-0.015209051519225232,0.018895215492838215
10.45,-0.641588972536965,-0.641588972536965,-0.03651464899697767,0.023542202483549962
10.5,-0.7253024008085461,-0.7253024008085461,-0.0449390765656241,0.024048702952457902
10.55,-0.720550868644104,-0.720550868644104,-0.06364392169735758,0.017952325519902917
10.6,-0.6880322186241129,-0.6880322186241129,-0.08514028509526662,0.0074313382848901965
10.65,-0.7511479292100895,-0.7511479292100895,-0.09443873488768907,-0.003570742884560274
10.7,-0.7135737230923965,-0.7135737230923965,-0.11475322802050351,-0.014939265603572447
10.75,-0.6513625317713739,-0.6513625317713739,-0.13673654171205604,-0.023163574661009993
10.8,-0.6136215594176523,-0.6136215594176523,-0.15418233914882595,-0.025816606441027023
10.85,-0.5857387108887938,-0.5857387108887938,-0.16854554782272352,-0.022450732645601695
10.9,-0.6850615974213015,-0.6850615974213015,-0.16572149800877956,-0.01220937943299363
10.95,-0.7548375951646676,-0.7548375951646676,-0.16451907705351157,0.0009482455536585379
11.0,-0.7906914382386397,-0.7906914382386397,-0.1656324323125812,0.014316045063150398
11.05,-0.8556580650532561,-0.8556580650532561,-0.1616837259039709,0.025906315045857817
11.1,-0.894888003166082,-0.894888003166082,-0.159372101207949,0.03258439227848931
11.15,-0.9826305143459406,-0.9826305143459406,-0.15004218759671856,0.03382026322154462
11.2,-0.853161573145566,-0.853161573145566,-0.16547838953411256,0.02589786417084808
11.25,-0.8863594556595288,-0.8863594556595288,-0.16031250197789673,0.014997346443529182
11.3,-0.7475510990829021,-0.7475510990829021,-0.17435917076532845,-0.0009175995996999021
11.35,-0.7007838313858046,-0.7007838313858046,-0.17598785953468654,-0.01535307488488608
11.4,-0.6523382904368017,-0.6523382904368017,-0.17626782637346228,-0.02661100665633341
11.45,-0.44994440175466494,-0.44994440175466494,-0.1932247629959934,-0.034466636659159604
11.5,-0.3354328350604567,-0.3354328350604567,-0.1977338714881014,-0.034568694599521534
11.55,-0.3386297435087117,-0.3386297435087117,-0.1860992052322548,-0.02665953141780048
11.6,-0.31199286053955294,-0.31199286053955294,-0.1760490496625634,-0.014087753431234987
11.65,-0.32542629771296977,-0.32542629771296977,-0.15948595189285505,0.0016822656958553886
11.7,-0.43323129833239044,-0.43323129833239044,-0.13030911654965738,0.018378395059344323
11.75,-0.4791951885750346,-0.4791951885750346,-0.10766872242754458,0.03086633941781256
11.8,-0.4012940375655294,-0.4012940375655294,-0.099358646989766,0.03586016381134933
11.85,-0.28545275530845843,-0.28545275530845843,-0.09524255072465262,0.033273902258168245
11.9,-0.24191816482730608,-0.24191816482730608,-0.08218051518410367,0.024881628071318055
11.95,-0.12054688008569972,-0.12054688008569972,-0.07811313861667821,0.01050080738135759
12.0,0.011466455891971294,0.011466455891971294,-0.07499195045797116,-0.006094636412196144
12.05,0.11186686209438917,0.11186686209438917,-0.06769516907352685,-0.021009885787762046
12.1,0.23874373008090402,0.23874373008090402,-0.06309966880289707,-0.0319255113200144
12.15,0.3607934770147621,0.3607934770147621,-0.057419336281857164,-0.036196914933125754
12.2,0.40567331078628077,0.40567331078628077,-0.04203123573957463,-0.032003435125398175
12.25,0.41221932049802734,0.41221932049802734,-0.02173482082344665,-0.020659059143870194
12.3,0.4112362179305757,0.4112362179305757,-0.0004985001110198406,-0.004939628724638167
12.35,0.4247634169999955,0.4247634169999955,0.018735963702239414,0.011476106964194467
12.4,0.3069740931593377,0.3069740931593377,0.05297341233411075,0.026864407674156883
12.45,0.3429149582661722,0.3429149582661722,0.06778393405238642,0.03441536218705814
12.5,0.41629678634710077,0.41629678634710077,0.07680378036643822,0.03395580577954315
12.55,0.5055934468044079,0.5055934468044079,0.08259934685464763,0.02585326041499714
12.6,0.5783500052435784,0.5783500052435784,0.08910655931406745,0.01234973364174171
12.65,0.6367081615948187,0.6367081615948187,0.09612636956240127,-0.003526204561802729
12.7,0.7439347541120567,0.7439347541120567,0.09618605397221959,-0.0190872024102483
12.75,0.8978425835674433,0.8978425835674433,0.08973485773851493,-0.03112332330248301
12.8,0.9810282640002262,0.9810282640002262,0.09102518100410747,-0.03588538487630085
12.85,0.9590707809877522,0.9590707809877522,0.10425030420305344,-0.03210102242250457
12.9,0.8989864471620398,0.8989864471620398,0.12125009073311013,-0.02136926394725503
12.95,0.8224281163308584,0.8224281163308584,0.13912837520054314,-0.006088785006942227
13.0,0.8001185388937534,0.8001185388937534,0.14915282302241156,0.009724051539236996
13.05,0.7737967025505503,0.7737967025505503,0.15808247009852872,0.023389410805335832
13.1,0.6742806512007075,0.6742806512007075,0.17399510503254642,0.032710389991205235
13.15,0.637243621009467,0.637243621009467,0.1805020791834738,0.03390045263038284
13.2,0.700072086069527,0.700072086069527,0.17309257642658785,0.026209097127310566
13.25,0.6070826313135703,0.6070826313135703,0.182321172586669,0.01454760599470659
13.3,0.6535097322924516,0.6535097322924516,0.17301066683328803,-0.0020818930270687106
13.35,0.7694467904133836,0.7694467904133836,0.15370874465098083,-0.01918826342151423
13.4,0.7053757268731234,0.7053757268731234,0.1544810229893403,-0.030094405344402907
13.45,0.7586776217351248,0.7586776217351248,0.1400451804053728,-0.03630630091098712
13.5,0.7547984623708781,0.7547984623708781,0.13140792624310763,-0.03452646325161743
13.55,0.5347904005814953,0.5347904005814953,0.1475530255576687,-0.023277317437712008
13.6,0.4047461233359269,0.4047461233359269,0.151697998778083,-0.008709988486223192
13.65,0.4588879775884962,0.4588879775884962,0.13247814143527092,0.004922022285482808
13.7,0.31660640108082205,0.31660640108082205,0.13540327397960797,0.01941632418298041
13.75,0.17715726247947428,0.17715726247947428,0.13669497255077262,0.0293107118864554
13.8,0.16782149718941886,0.16782149718941886,0.12113439597256674,0.031118658197940338
13.85,0.07964657147901025,0.07964657147901025,0.11377080874525784,0.02730069066582516
13.9,-0.028000337852659533,-0.028000337852659533,0.1076287920410258,0.018294089507232287
13.95,0.044060947638629444,0.044060947638629444,0.07911740469040719,0.003857978244606509
14.0,0.12643932836582114,0.12643932836582114,0.048888138852184224,-0.010792982649556315
14.05,0.02144445348148914,0.02144445348148914,0.04096840262992559,-0.02021559232389932
14.1,0.08003579741882463,0.08003579741882463,0.013774357303375577,-0.026896560431009874
14.15,-0.0059157975329207635,-0.0059157975329207635,0.004295086091704788,-0.025687274494041804
14.2,-0.07661044244710162,-0.07661044244710162,-0.006389255794057375,-0.01890548014027548
14.25,-0.3171070256030153,-0.3171070256030153,0.003680287431081934,-0.005729014389360199
14.3,-0.3622510197839157,-0.3622510197839157,-0.009262051471829957,0.006397084741750469
14.35,-0.4536411580454347,-0.4536411580454347,-0.016481320879426224,0.017688421620242138
14.4,-0.5141088459553492,-0.5141088459553492,-0.027143525236592955,0.024577169979935275
14.45,-0.7218934331545284,-0.7218934331545284,-0.020065043849630204,0.02777534258306041
14.5,-0.7485747889770241,-0.7485747889770241,-0.034549681609833016,0.022597305194946668
14.55,-0.8537983119201769,-0.8537983119201769,-0.03966132073547218,0.013444224158287551
14.6,-0.7945401312240635,-0.7945401312240635,-0.06425384660975919,-0.0007984296932776766
14.65,-0.6870016877717599,-0.6870016877717599,-0.09410332844717875,-0.015855691859799736
14.7,-0.6357100422255165,-0.6357100422255165,-0.11622522318778762,-0.027456872071251037
14.75,-0.6137537414189858,-0.6137537414189858,-0.13341248648093287,-0.03350528556740052
14.8,-0.6461856481864887,-0.6461856481864887,-0.1424320197040123,-0.03218305920382271
14.85,-0.5965478509805786,-0.5965478509805786,-0.15938840986021222,-0.025104944491286276
14.9,-0.7019383826615996,-0.7019383826615996,-0.15590590680906988,-0.010465743153197314
14.95,-0.7288187100394304,-0.7288187100394304,-0.159884463009848,0.0060072153229353215
15.0,-0.7626427305352068,-0.7626427305352068,-0.1612176181285293,0.022108588218230786
15.05,-0.7764615917082391,-0.7764615917082391,-0.1631631405932845,0.03431426496131181
15.1,-0.9630648396417258,-0.9630648396417258,-0.142918715057855,0.04273081605052455
15.15,-0.9102108233578143,-0.9102108233578143,-0.14992959951764606,0.04069966948577084
15.2,-0.8822107464107023,-0.8822107464107023,-0.15275286825122453,0.031936085561783456
15.25,-0.8643096394267239,-0.8643096394267239,-0.15310100514306038,0.01782939720566855
15.3,-0.6906316676246551,-0.6906316676246551,-0.17064580847242133,-0.0011677911910734468
15.35,-0.6576281214201621,-0.6576281214201621,-0.1698274264199826,-0.01786643152684024
15.4,-0.5485429239194748,-0.5485429239194748,-0.17636259710127372,-0.03184015298016474
15.45,-0.4642223225495362,-0.4642223225495362,-0.17813713953084595,-0.03917951786925582
15.5,-0.4624886035863377,-0.4624886035863377,-0.16824203529403342,-0.037815132268296255
15.55,-0.45458951644058254,-0.45458951644058254,-0.15742100654578126,-0.029261936144015066
15.6,-0.3204375766695491,-0.3204375766695491,-0.16012199949613604,-0.017019849743058865
15.65,-0.3616392242716852,-0.3616392242716852,-0.14044694320025117,-0.00013209542883458057
15.7,-0.4244928591648002,-0.4244928591648002,-0.11700712110894453,0.01599504845171403
15.75,-0.40478841495681017,-0.40478841495681017,-0.10263013688429111,0.027050052315213426
15.8,-0.3663169021754297,-0.3663169021754297,-0.08997394879538072,0.03196998684210992
15.85,-0.2507004351974886,-0.2507004351974886,-0.08609920459530147,0.029368524495109037
15.9,-0.2488426225561911,-0.2488426225561911,-0.0682925071891361,0.022419817384047552
15.95,-0.12445992254327581,-0.12445992254327581,-0.06481478342402289,0.009808278606703046
16.0,0.0036442917101763444,0.0036442917101763444,-0.061484090200315394,-0.004253212695881078
16.05,0.08859657546938138,0.08859657546938138,-0.05263848066430639,-0.016186573565850005
16.1,0.19887128468329524,0.19887128468329524,-0.046430150986909016,-0.02434499081581045
16.15,0.2713793638520746,0.2713793638520746,-0.03535428104987318,-0.02636371385724348
16.2,0.34507818222344616,0.34507818222344616,-0.024118292014387577,-0.022561274828900142
16.25,0.46955976304300184,0.46955976304300184,-0.01868327510262606,-0.014692508676019797
16.3,0.35306094096106627,0.35306094096106627,0.015587844776544183,-0.001032432129953275
16.35,0.39376854865957694,0.39376854865957694,0.030838435572152025,0.010568158659766434
16.4,0.3767172717804705,0.3767172717804705,0.05236080503505357,0.020462723593067646
16.45,0.4536376736086268,0.4536376736086268,0.061853666059071326,0.024784278178524053
16.5,0.4395131909868646,0.4395131909868646,0.0812286866351081,0.02497612098799552
16.55,0.45405215824760353,0.45405215824760353,0.0960290472514568,0.019537512397362657
16.6,0.5646266435574171,0.5646266435574171,0.09810736499454849,0.008758258619738803
16.65,0.625853931919381,0.625853931919381,0.10484442668414808,-0.0033727251869939833
16.7,0.7717180452395376,0.7717180452395376,0.10038734109656006,-0.016087789603698506
16.75,0.7659265556005426,0.7659265556005426,0.11302476422879655,-0.023873125915215416
16.8,0.8967492716749981,0.8967492716749981,0.10843522458835048,-0.02877336291944742
16.85,0.889361032777222,0.889361032777222,0.11944703466031732,-0.026454145884955555
16.9,0.9060978912455492,0.9060978912455492,0.12667676389729787,-0.01951224402716084
16.95,0.8634687509880545,0.8634687509880545,0.139950473104494,-0.008338295225256583
17.0,0.830476279320853,0.830476279320853,0.15086144850773414,0.003998393210249592
17.05,0.6462372784203623,0.6462372784203623,0.17828794534095643,0.017111725881954972
17.1,0.6605580227596045,0.6605580227596045,0.18016470153358471,0.024039599360468913
17.15,0.6488143209801837,0.6488143209801837,0.18314640257406983,0.026124219608622323
17.2,0.6355652153805201,0.6355652153805201,0.18432741516820303,0.022568577952944216
17.25,0.54857998153762,0.54857998153762,0.19229157757739673,0.015036620867458706
17.3,0.6320049182144313,0.6320049182144313,0.17794218801533268,0.0020954266870065815
17.35,0.6617556852799771,0.6617556852799771,0.16822260274108544,-0.010791030106555662
17.4,0.7834971925768078,0.7834971925768078,0.14613253378974506,-0.02282261330174902
17.45,0.7063898883215471,0.7063898883215471,0.14668303542106292,-0.02790158809536336
17.5,0.779437458153026,0.779437458153026,0.1284639564633495,-0.029277895566717543
17.55,0.6729745458204954,0.6729745458204954,0.130939438309449,-0.022454551476728105
17.6,0.6338224757476696,0.6338224757476696,0.12471743644469924,-0.01175140083813173
17.65,0.5249624532491154,0.5249624532491154,0.12609514516423023,0.002483441407409478
17.7,0.3750754075148932,0.3750754075148932,0.1315306027639304,0.017027333610910203
17.75,0.15749875245135528,0.15749875245135528,0.1439165627152607,0.029258949438177664
17.8,0.1232516907696474,0.1232516907696474,0.1330575397354598,0.03351415304150481
17.85,-0.02260651798056157,-0.02260651798056157,0.1340427006483562,0.03247078150688918
17.9,-0.04552446132084529,-0.04552446132084529,0.11891129049903426,0.023222896188173966
17.95,-0.02956999055270872,-0.02956999055270872,0.09786139741736465,0.008462681473405455
18.0,-0.036311694464141765,-0.036311694464141765,0.07856837800064005,-0.00825440445094711
18.05,0.022999536896809097,0.022999536896809097,0.050836748023760515,-0.02474369782884332
18.1,0.021775152684366608,0.021775152684366608,0.030189307337354414,-0.036079417498536444
18.15,-0.08265358849934959,-0.08265358849934959,0.02200363394962961,-0.03929171956591997
18.2,-0.02430119045897451,-0.02430119045897451,-0.005245328725345232,-0.036838843773352975
18.25,-0.21687024195464302,-0.21687024195464302,-0.0020613845705524663,-0.023858404099034298
18.3,-0.22625315709679833,-0.22625315709679833,-0.020186040949252484,-0.00822303506404174
18.35,-0.48946313079962545,-0.48946313079962545,-0.007596930377245162,0.012463791300462606
18.4,-0.5883618425312978,-0.5883618425312978,-0.014381505773254307,0.028825922141243073
18.45,-0.6144785361537687,-0.6144785361537687,-0.02972468539389865,0.038605562354491765
18.5,-0.7977229712239803,-0.7977229712239803,-0.02618324402957506,0.04263003642251085
18.55,-0.7523072517601683,-0.7523072517601683,-0.049750969700979225,0.03536946474810005
18.6,-0.7769745978043603,-0.7769745978043603,-0.06460816066633299,0.02215484795975
18.65,-0.6604709344144153,-0.6604709344144153,-0.09557876239581958,0.0031377732814544014
18.7,-0.705805957048739,-0.705805957048739,-0.10614599909749976,-0.013899855557658864
18.75,-0.6629030393241997,-0.6629030393241997,-0.12586260446450745,-0.028435702193360432
18.8,-0.6791012960343917,-0.6791012960343917,-0.13696317864617952,-0.03558090780523506
18.85,-0.7073364200020907,-0.7073364200020907,-0.14493495945230814,-0.03455691129643917
18.9,-0.650577194699711,-0.650577194699711,-0.16125369979638518,-0.02706851610932865
18.95,-0.6957664147235865,-0.6957664147235865,-0.1635122222987865,-0.012714051404948409
19.0,-0.8146068276376643,-0.8146068276376643,-0.15515418568488856,0.004927007275028295
19.05,-0.8647920749344072,-0.8647920749344072,-0.15338715312319495,0.02036353967846275
19.1,-0.8908331432988938,-0.8908331432988938,-0.15308177863540784,0.03098009261737032
19.15,-1.0102438491291377,-1.0102438491291377,-0.14039675827314377,0.03617741027759543
19.2,-0.8554072401469046,-0.8554072401469046,-0.15926663902437874,0.03049448777833882
19.25,-0.8100244249452562,-0.8100244249452562,-0.16376572663291017,0.020031396995264135
19.3,-0.8074584766617754,-0.8074584766617754,-0.1616904617985392,0.006298999859435939
19.35,-0.7021079842127138,-0.7021079842127138,-0.1703657573834988,-0.009467690708401087
19.4,-0.5739714284091911,-0.5739714284091911,-0.18009715871931473,-0.02293772452902138
19.45,-0.523850879133259,-0.523850879133259,-0.17868782567778027,-0.030145543318928256
19.5,-0.48523409423044933,-0.48523409423044933,-0.17404740443955932,-0.03059134067101513
19.55,-0.3842501851461644,-0.3842501851461644,-0.17502469246664124,-0.02533839536454417
19.6,-0.3898697988369231,-0.3898697988369231,-0.16152766176303593,-0.013597646192602767
19.65,-0.3790467273075345,-0.3790467273075345,-0.14841595053754364,0.0005560693112790338
19.7,-0.39428345182000146,-0.39428345182000146,-0.13090044503965434,0.014721163156882655
19.75,-0.44007532827734547,-0.44007532827734547,-0.10878467577957857,0.026096858101406422
19.8,-0.3280405995077048,-0.3280405995077048,-0.10481745042809898,0.030079508096750772
19.85,-0.28561675008555293,-0.28561675008555293,-0.0919853368639035,0.028740574544255534
19.9,-0.21693832851361783,-0.21693832851361783,-0.08179761500687978,0.02123691766885446
19.95,-0.17237541847564877,-0.17237541847564877,-0.06836853514776327,0.009891392397973913
20.0,0.015453894124995347,0.015453894124995347,-0.07179073768322765,-0.004891244045361654
20.05,0.07271840227310633,0.07271840227310633,-0.05932898330927734,-0.01657549101815156
20.1,0.24542855698269764,0.24542855698269764,-0.05974015295457381,-0.02587639528380888
20.15,0.3091023426294158,0.3091023426294158,-0.04671243136079975,-0.028296711355288794
20.2,0.3111437756624288,0.3111437756624288,-0.026026831102634814,-0.02419715287619366
20.25,0.40462678522810686,0.40462678522810686,-0.01601357080640497,-0.016545297554265443
20.3,0.35051655891820915,0.35051655891820915,0.011944668540762909,-0.004059537123608411
20.35,0.3350786720759656,0.3350786720759656,0.03440287688484251,0.008366800749241541
20.4,0.36200073666438326,0.36200073666438326,0.05106270311968503,0.018145407587774345
20.45,0.3506679431501957,0.3506679431501957,0.07142619877122115,0.024236112254949996
20.5,0.43411901162488364,0.43411901162488364,0.07890537820402013,0.023675048603141326
20.55,0.4654846194646537,0.4654846194646537,0.0916538585896899,0.018396528035110226
20.6,0.5514431212966422,0.5514431212966422,0.09614612850209561,0.008261865627467047
20.65,0.6178514392149003,0.6178514392149003,0.1018831645991445,-0.003539488150511045
20.7,0.7259270519591512,0.7259270519591512,0.10161550109687228,-0.015185353423483218
20.75,0.828102878732742,0.828102878732742,0.10102249769019273,-0.023587997089881567
20.8,0.9165557938941157,0.9165557938941157,0.10139446955688301,-0.026886347395322596
20.85,0.9160259989309708,0.9160259989309708,0.11167933090275911,-0.02346114354356452
20.9,0.8628593411870313,0.8628593411870313,0.12759763769662832,-0.014442449119580626
20.95,0.9093847127963184,0.9093847127963184,0.13052644945271666,-0.0035690036420128112
21.0,0.768968773442162,0.768968773442162,0.15464755595446814,0.01047007457182614
21.05,0.6990817587286876,0.6990817587286876,0.16878666889674232,0.021547409739981312
21.1,0.6724346001632495,0.6724346001632495,0.17598416423386457,0.027630459498590346
21.15,0.6414927869285415,0.6414927869285415,0.1814553241647146,0.027906993705025238
21.2,0.6154360819747923,0.6154360819747923,0.1846096438252386,0.022103491429317508
21.25,0.6238603608093108,0.6238603608093108,0.1813196698223184,0.010988960483882055
21.3,0.7231583691346758,0.7231583691346758,0.16579031442803524,-0.003952338431930244
21.35,0.656381550690568,0.656381550690568,0.16824175479454975,-0.016542899857690953
21.4,0.6187419207274255,0.6187419207274255,0.16578027112080632,-0.026616048227939882
21.45,0.6392265062353525,0.6392265062353525,0.15494812236911396,-0.032416001820505344
21.5,0.7082519186371109,0.7082519186371109,0.13719031464256437,-0.03267626747985038
21.55,0.6998791012217732,0.6998791012217732,0.12778369439332787,-0.02587796703250978
21.6,0.4802266122693691,0.4802266122693691,0.14263911022612732,-0.011740040103986002
21.65,0.434861061731572,0.434861061731572,0.13586758385197317,0.0021678373125682765
21.7,0.3751123061133303,0.3751123061133303,0.12936695069748197,0.015446705563310636
21.75,0.23133807199552,0.23133807199552,0.13189637690750203,0.02634928492291226
21.8,0.11659091105923826,0.11659091105923826,0.12979096758446998,0.03146928937947918
21.85,-0.03531722510317381,-0.03531722510317381,0.13045343809992113,0.03091549649008
21.9,0.06778023254033512,0.06778023254033512,0.09969511738791399,0.021415331449716003
21.95,0.020180771707303154,0.020180771707303154,0.08573765584782274,0.010039763850180102
22.0,0.044174850472807836,0.044174850472807836,0.0626479897240892,-0.003708798768944863
22.05,0.025419526532463668,0.025419526532463668,0.04479644686639187,-0.0157076317231722
22.1,0.017575785182542103,0.017575785182542103,0.025405298416372173,-0.024308101159825842
22.15,-0.019441436738145797,-0.019441436738145797,0.0100864338255047,-0.02734200453037982
22.2,-0.14442476108414726,-0.14442476108414726,0.0056473841751233395,-0.02347852606593722
22.25,-0.15954929396223566,-0.15954929396223566,-0.011244484676596892,-0.015989937865664827
22.3,-0.24094443308616498,-0.24094443308616498,-0.019761720339369664,-0.004295989347057913
22.35,-0.4109304565322529,-0.4109304565322529,-0.017259654457180956,0.009389342702150416
22.4,-0.6195585229414062,-0.6195585229414062,-0.00994254119401668,0.021573364203573035
22.45,-0.6585526370289704,-0.6585526370289704,-0.022856644894923207,0.02704352605943709
22.5,-0.5592647434880782,-0.5592647434880782,-0.05232672772433284,0.024823985124644676
22.55,-0.7385234448114552,-0.7385234448114552,-0.04810725244020272,0.020402498210943695
22.6,-0.6409218117333344,-0.6409218117333344,-0.07652063000798427,0.007867899771182092
22.65,-0.6747530160991793,-0.6747530160991793,-0.08812832274021815,-0.004838884340850915
22.7,-0.6684769160422143,-0.6684769160422143,-0.10403401775635783,-0.01691005851876979
22.75,-0.5984208427781886,-0.5984208427781886,-0.12609326576103738,-0.02593383479763846
22.8,-0.6648855128563412,-0.6648855128563412,-0.13024081620940747,-0.027517217325106463
22.85,-0.5518775749890095,-0.5518775749890095,-0.15427987620363487,-0.025321147722448634
22.9,-0.6731226490288087,-0.6731226490288087,-0.14819638489316975,-0.014700114883623348
22.95,-0.6662993749554333,-0.6662993749554333,-0.15592138908161673,-0.0023885729592152036
23.0,-0.7891246617572791,-0.7891246617572791,-0.14640347069945314,0.01228644354740475
23.05,-0.8020780900091921,-0.8020780900091921,-0.14863328335259404,0.023379429120401245
23.1,-0.8119242863154106,-0.8119242863154106,-0.1499782843101479,0.03005239120015909
23.15,-0.8513143681622455,-0.8513143681622455,-0.14653338111752393,0.03143695455121082
23.2,-0.8913022420671168,-0.8913022420671168,-0.14189809319553653,0.026962720332918244
23.25,-0.8273959417700711,-0.8273959417700711,-0.14851904014535336,0.01627252769726766
23.3,-0.6809615373037077,-0.6809615373037077,-0.16421822509738698,0.00176630902222902
23.35,-0.7221768359129822,-0.7221768359129822,-0.15576109396736953,-0.010296046963086702
23.4,-0.5981036945981041,-0.5981036945981041,-0.16543068333776348,-0.02192440792833633
23.45,-0.461861861961927,-0.461861861961927,-0.17510279011824534,-0.029031368550147853
23.5,-0.38586467538444774,-0.38586467538444774,-0.175667730827644,-0.02955898826710398
23.55,-0.4646724606147014,-0.4646724606147014,-0.15600534073800068,-0.02241196474877724
23.6,-0.4438022593075812,-0.4438022593075812,-0.14663353598424295,-0.012237859693488692
23.65,-0.4610662954426974,-0.4610662954426974,-0.1315506853558057,0.0006859017803278998
23.7,-0.35693655947393504,-0.35693655947393504,-0.12996378297801625,0.0117709537462676
23.75,-0.39731070134977275,-0.39731070134977275,-0.11024977264466782,0.022015511215766972
23.8,-0.3521199177160276,-0.3521199177160276,-0.10002081507312297,0.026413739710982688
23.85,-0.2856407155107091,-0.2856407155107091,-0.09198241342463605,0.024935775878213336
23.9,-0.22394656483519862,-0.22394656483519862,-0.0826976690282005,0.01839887020229995
23.95,-0.20206548252108297,-0.20206548252108297,-0.06839793884548985,0.00886074622463162
24.0,-0.0004098699274932496,-0.0004098699274932496,-0.07487028188695402,-0.004233524124483366
24.05,0.13227907712220063,0.13227907712220063,-0.07292296742658672,-0.015050575008527111
24.1,0.21349941255572788,0.21349941255572788,-0.06407803776999502,-0.021657688258674562
24.15,0.44139831612071156,0.44139831612071156,-0.07166858861537927,-0.025314703071537197
24.2,0.524480225618138,0.524480225618138,-0.06097822848262473,-0.021834605725443487
24.25,0.43413487445846777,0.43413487445846777,-0.02851031360717649,-0.011627542247754788
24.3,0.4543199459036805,0.4543199459036805,-0.00920799253809802,-0.00023146722608157687
24.35,0.4694363113627826,0.4694363113627826,0.011058826733570153,0.011497128025536525
24.4,0.35447730598759764,0.35447730598759764,0.0462578997524164,0.02269961678609546
24.45,0.4013166657703743,0.4013166657703743,0.061267939501526765,0.02740771825189133
24.5,0.37702393423431474,0.37702393423431474,0.08335979272252324,0.027409785169464906
24.55,0.4854211206002456,0.4854211206002456,0.08850022341044628,0.01985708137753546
24.6,0.5201964853029546,0.5201964853029546,0.10079326771812343,0.008481761976501098
24.65,0.6397677349692612,0.6397677349692612,0.10123523876660895,-0.006697796128846138
24.7,0.7457994493332314,0.7457994493332314,0.10227613345322677,-0.02156217778363376
24.75,0.7855126447322618,0.7855126447322618,0.10997951156979777,-0.032439641258790855
24.8,0.8841502884137138,0.8841502884137138,0.1096607136402959,-0.038450514983663156
24.85,1.0431174455618188,1.0431174455618188,0.10111696678679441,-0.03805180155136542
24.9,0.9329000231366434,0.9329000231366434,0.1238160377380591,-0.026876228733584168
24.95,0.8545827212553208,0.8545827212553208,0.141859207836246,-0.010656015731715434
25.0,0.8189987565566846,0.8189987565566846,0.15321941978379644,0.007303876544119328
25.05,0.7393960146370223,0.7393960146370223,0.1684151558534414,0.024402977434293958
25.1,0.7486549424780615,0.7486549424780615,0.1710118427315186,0.035451344224523014
25.15,0.6422017795333778,0.6422017795333778,0.18550881836939773,0.040779272897318565
25.2,0.5995002532338071,0.5995002532338071,0.19021402540682186,0.037240597504911
25.25,0.621620845990678,0.621620845990678,0.18519104422773655,0.025762863120277032
25.3,0.6340928776477516,0.6340928776477516,0.1790104298423023,0.009719510740928422
25.35,0.6452370693325984,0.6452370693325984,0.1715765736899381,-0.0077569693010923115
25.4,0.7345989060350079,0.7345989060350079,0.1530611872641804,-0.024280096757538866
25.45,0.732465333186687,0.732465333186687,0.14436812541219732,-0.034661247601896275
25.5,0.7462664989819174,0.7462664989819174,0.13285473830046166,-0.03839801530858946
25.55,0.6530659287785603,0.6530659287785603,0.133565283028927,-0.033354329779618754
25.6,0.5059623919706758,0.5059623919706758,0.13964692004652907,-0.02128552499599081
25.65,0.44102697530938884,0.44102697530938884,0.13467565310324006,-0.0064305487814262045
25.7,0.307196434253586,0.307196434253586,0.13689699124140653,0.009927381964987585
25.75,0.13190304325835522,0.13190304325835522,0.14255356674221736,0.02401365543966545
25.8,-0.011062926038470686,-0.011062926038470686,0.14288766148600332,0.03202670482133947
25.85,0.003550375749196616,0.003550375749196616,0.12254810126765579,0.030791198757814442
25.9,0.021502546986548472,0.021502546986548472,0.10068728869821524,0.02252696391691714
25.95,-0.05484182676783082,-0.05484182676783082,0.08898188666167281,0.010324897198478416
26.0,0.01472054576719125,0.01472054576719125,0.05938489958725619,-0.005989774578307972
26.05,0.01436568571488005,0.01436568571488005,0.03774715517588547,-0.020061332810836552
26.1,0.024228882267086416,0.024228882267086416,0.015278530229808482,-0.029729703841740313
26.15,-0.09371514154618697,-0.09371514154618697,0.008647813001334017,-0.031028993298723433
26.2,-0.11820246611976067,-0.11820246611976067,-0.008743747250615524,-0.026226817270468803
26.25,-0.12942383447845895,-0.12942383447845895,-0.026804428347768593,-0.015270633694929923
26.3,-0.2857245714492615,-0.2857245714492615,-0.026729280913262096,0.0013768235374843696
26.35,-0.41306141355629794,-0.41306141355629794,-0.0296331987827627,0.01785230763224787
26.4,-0.5570774913264788,-0.5570774913264788,-0.029546157701776286,0.031096000166083774
26.45,-0.712912012902064,-0.712912012902064,-0.02831505308799041,0.03821514527172147
26.5,-0.652991452898579,-0.652991452898579,-0.05241599713302544,0.03489286838137449
26.55,-0.6696444998603949,-0.6696444998603949,-0.066982050663976,0.025436468569307896
26.6,-0.6769884640404578,-0.6769884640404578,-0.0819789253651285,0.010751644400320275
26.65,-0.6334726343555994,-0.6334726343555994,-0.1021685959495829,-0.006587552131816504
26.7,-0.6691100987137236,-0.6691100987137236,-0.11170102688684269,-0.021358917788413315
26.75,-0.6655047859633609,-0.6655047859633609,-0.12463626536333511,-0.03201050303320273
26.8,-0.631468748533237,-0.631468748533237,-0.13955846794463472,-0.03634098631721472
26.85,-0.57049287375595,-0.57049287375595,-0.15595841704521293,-0.033630401575596054
26.9,-0.6529150789895815,-0.6529150789895815,-0.15345081953462864,-0.022541338141557885
26.95,-0.7367827807177801,-0.7367827807177801,-0.1491091446734436,-0.007243916733791177
27.0,-0.8853924016276798,-0.8853924016276798,-0.1356968031615462,0.009937214428212122
27.05,-0.8169457565507251,-0.8169457565507251,-0.1469645810314194,0.022054409342972734
27.1,-0.8235398561658882,-0.8235398561658882,-0.14838685426773618,0.03032005097679432
27.15,-0.842923771173675,-0.842923771173675,-0.146946325969555,0.0323576332432211
27.2,-0.9244502147681234,-0.9244502147681234,-0.13718935454939118,0.028631808837509102
27.25,-0.9338736403567417,-0.9338736403567417,-0.13496122922691695,0.018645090404211247
27.3,-0.754611854674179,-0.754611854674179,-0.15449450183970553,0.003320809635012006
27.35,-0.7018203206906968,-0.7018203206906968,-0.15760386387043288,-0.010159565188665823
27.4,-0.6236749920061276,-0.6236749920061276,-0.16249620853480287,-0.020949316775601284
27.45,-0.41779538362991686,-0.41779538362991686,-0.18079708983831413,-0.02830854527853291
27.5,-0.35628276502535655,-0.35628276502535655,-0.17962927600220643,-0.027701988791447984
27.55,-0.42485778112589356,-0.42485778112589356,-0.1612993315140781,-0.019696738597746215
27.6,-0.3725105766232218,-0.3725105766232218,-0.15546613018107588,-0.009089287516667821
27.65,-0.42776463189454894,-0.42776463189454894,-0.13518030300704104,0.004922290145476834
27.7,-0.4002798562992808,-0.4002798562992808,-0.12395191448101554,0.017253388235802122
27.75,-0.32974420294243967,-0.32974420294243967,-0.11653015866954743,0.025898003914230364
27.8,-0.3808003838775472,-0.3808003838775472,-0.0941787005062605,0.031017404104819315
27.85,-0.3317512540717093,-0.3317512540717093,-0.08313756296738527,0.028669573099926862
27.9,-0.3357393047281033,-0.3357393047281033,-0.06557908455073261,0.021170546439053556
27.95,-0.1271289965964352,-0.1271289965964352,-0.07308813084174523,0.00667290779576917
28.0,0.0005386298372292263,0.0005386298372292263,-0.07049095481241517,-0.008325214631394781
28.05,0.10164025640346111,0.10164025640346111,-0.06442761104856186,-0.021560254873985503
28.1,0.3011073422809993,0.3011073422809993,-0.06925672886715445,-0.03198957900171669
28.15,0.29511023967024935,0.29511023967024935,-0.04867855262511432,-0.03373598685569341
28.2,0.5231487687111493,0.5231487687111493,-0.05529207542334755,-0.03185888281440956
28.25,0.4811212078703328,0.4811212078703328,-0.029005069884401623,-0.02035466240022129
28.3,0.4633070572147773,0.4633070572147773,-0.005027423135071017,-0.005136717263210676
28.35,0.4043946978952693,0.4043946978952693,0.02361145415144093,0.011553018395437781
28.4,0.34287749762400516,0.34287749762400516,0.052189529601021745,0.02582947806423812
28.45,0.3337948729680607,0.3337948729680607,0.07333873008054959,0.034146358809199945
28.5,0.4534831499853018,0.4534831499853018,0.07774693505506437,0.033889986399938156
28.55,0.48102088373157426,0.48102088373157426,0.09180450648142219,0.027803340063377213
28.6,0.5780736683497599,0.5780736683497599,0.09649930393534131,0.014981254900452651
28.65,0.6397589501817122,0.6397589501817122,0.10382304301348703,-0.0007739124207408986
28.7,0.7590470814400568,0.7590470814400568,0.10313058248592051,-0.017460780894708212
28.75,0.8728294376721794,0.8728294376721794,0.10206987147618234,-0.03086078004088021
28.8,0.9505991604900002,0.9505991604900002,0.10434472092980054,-0.037731354190423984
28.85,0.9299298027238515,0.9299298027238515,0.11795489616450855,-0.0356578759850144
28.9,0.8196086405605695,0.8196086405605695,0.1409983717710003,-0.024957679877217757
28.95,0.9177656650105419,0.9177656650105419,0.13782060127771628,-0.011578264723032732
29.0,0.759414432255929,0.759414432255929,0.16425630178859185,0.007224531306791597
29.05,0.7144336268963746,0.7144336268963746,0.17488144661511207,0.022660974753536678
29.1,0.6990942070796914,0.6990942070796914,0.18020918443249886,0.03240800485780641
29.15,0.6223124656257453,0.6223124656257453,0.19066490374107808,0.03557817556281252
29.2,0.6061313393409583,0.6061313393409583,0.1917422961696137,0.03017628348664459
29.25,0.6068425258183424,0.6068425258183424,0.1887078755851381,0.018116110718620192
29.3,0.6673728808199035,0.6673728808199035,0.1765302990739191,0.0015893827295100226
29.35,0.6926836731474532,0.6926836731474532,0.16682094215620713,-0.01462906619687452
29.4,0.7237717206324147,0.7237717206324147,0.1550210518586311,-0.02763544428450367
29.45,0.7860932313743785,0.7860932313743785,0.13845730012540367,-0.03517015659621208
29.5,0.6946850165149997,0.6946850165149997,0.13960188580794386,-0.033585365385694364
29.55,0.5428355053431585,0.5428355053431585,0.14691066795463573,-0.02449909019135651
29.6,0.4954700372004695,0.4954700372004695,0.1406599039036823,-0.01188229967680056
29.65,0.39236496516561686,0.39236496516561686,0.13999824625943105,0.0035863362056794594
29.7,0.29047064299331027,0.29047064299331027,0.1378370116029746,0.017896993411868872
29.75,0.19457154588332967,0.19457154588332967,0.133807814375027,0.02793149608633889
29.8,0.11049742895532022,0.11049742895532022,0.12688426041257747,0.031496939874282565
29.85,0.03423820238684049,0.03423820238684049,0.11780692217327912,0.028005285187386333
29.9,0.030099065042694693,0.030099065042694693,0.09886295350345292,0.01761691832117226
29.95,-0.008443879529058071,-0.008443879529058071,0.08346156889169351,0.004093052673042233
30.0,-0.08355259230018161,-0.08355259230018161,0.0716831635471574,-0.009477674215126129
30.05,-0.050544680607615036,-0.050544680607615036,0.04646403344757181,-0.021936743373649016
30.1,-0.060712309140765794,-0.060712309140765794,0.026466386894670915,-0.028840194149891363
30.15,-0.007383159557035578,-0.007383159557035578,-0.0007537714370299416,-0.03024809562541263
30.2,-0.14050669210067523,-0.14050669210067523,-0.005036637865748595,-0.022970385698058118
30.25,-0.23274832044008328,-0.23274832044008328,-0.013520085983441777,-0.011532682593902287
30.3,-0.356544263380197,-0.356544263380197,-0.017631332314470918,0.0024880249713322504
30.35,-0.486231432759887,-0.486231432759887,-0.02047384212337178,0.015874553425489425
30.4,-0.484030064121955,-0.484030064121955,-0.03907331353440658,0.024236771576600164
30.45,-0.6818499693676241,-0.6818499693676241,-0.03330238919089018,0.030172621031494047
30.5,-0.6797782230128397,-0.6797782230128397,-0.05098816331639932,0.027743172666695706
30.55,-0.7531367987499215,-0.7531367987499215,-0.059365179819222555,0.02106419561464973
30.6,-0.7219099026944119,-0.7219099026944119,-0.07952093603147836,0.009277377718094108
30.65,-0.6271838903976891,-0.6271838903976891,-0.10642649206268454,-0.0048335820528836665
30.7,-0.5716475462261864,-0.5716475462261864,-0.1273889821306466,-0.017315810617589234
30.75,-0.6379299407293587,-0.6379299407293587,-0.1321787196212215,-0.02465871308861725
30.8,-0.633063622674872,-0.633063622674872,-0.14366730133366892,-0.027640091405387424
30.85,-0.6140815825258623,-0.6140815825258623,-0.15490175650129823,-0.0247896722804254
30.9,-0.6400753374569623,-0.6400753374569623,-0.15896180960129241,-0.01593274573579072
30.95,-0.7312987084385013,-0.7312987084385013,-0.15351728568632217,-0.0027134240525961656
31.0,-0.7769312028559756,-0.7769312028559756,-0.15172451827206176,0.010649813599379524
31.05,-0.9279403436623971,-0.9279403436623971,-0.13625146483006417,0.02318585353944404
31.1,-0.9572472621461602,-0.9572472621461602,-0.13426802110950692,0.029424484469381954
31.15,-0.9378598999065103,-0.9378598999065103,-0.13751174730322302,0.028929759212456108
31.2,-0.8676337711219662,-0.8676337711219662,-0.14572719187611996,0.021716802117137543
31.25,-0.8723957462321126,-0.8723957462321126,-0.1441946565286015,0.010876693254686395
31.3,-0.7473173102011414,-0.7473173102011414,-0.15701285273137153,-0.003798443991740024
31.35,-0.716987260631661,-0.716987260631661,-0.15734232090915298,-0.01640475471933821
31.4,-0.5646992808745338,-0.5646992808745338,-0.1708703941114866,-0.027037017967474593
31.45,-0.4717979499725298,-0.4717979499725298,-0.17543290692316107,-0.03127223830757533
31.5,-0.4656140454670624,-0.4656140454670624,-0.16769020684783298,-0.027850210294332847
31.55,-0.36305548965979484,-0.36305548965979484,-0.16968177199144502,-0.01964119145358821
31.6,-0.3754013078024345,-0.3754013078024345,-0.15626024126374674,-0.005628323668708399
31.65,-0.46934856642538636,-0.46934856642538636,-0.13150528739827688,0.0109654098310958
31.7,-0.38469573243131555,-0.38469573243131555,-0.1268783239376662,0.023553502362616937
31.75,-0.3922171078534956,-0.3922171078534956,-0.11051866197496231,0.032938911177433736
31.8,-0.354109812407,-0.354109812407,-0.0989761721206055,0.035495650559883185
31.85,-0.2491938324659309,-0.2491938324659309,-0.09447576361073542,0.030427688087450857
31.9,-0.2765959226354,-0.2765959226354,-0.07389443854656053,0.021221485122883525
31.95,-0.1321759341492524,-0.1321759341492524,-0.07347461714121784,0.005949098622112321
32.0,0.048007762518643374,0.048007762518643374,-0.07659540789131317,-0.010645988506425891
32.05,0.060146711444397455,0.060146711444397455,-0.059277187924584605,-0.022724896996444834
32.1,0.25776580515087555,0.25776580515087555,-0.063442096386401,-0.032366970395354584
32.15,0.42765482090876,0.42765482090876,-0.06327332793581963,-0.03527611680015171
32.2,0.27998531411197103,0.27998531411197103,-0.024659108875863044,-0.027559345986692577
32.25,0.46427570600230705,0.46427570600230705,-0.025512801642713582,-0.01903361291681319
32.3,0.4437101176338439,0.4437101176338439,-0.0015797250381936335,-0.0048385012313626125
32.35,0.2912188655699012,0.2912188655699012,0.03801214116645194,0.011264377116487503
32.4,0.3580959571918728,0.3580959571918728,0.05036317713603224,0.021750666118598334
32.45,0.3515543319998422,0.3515543319998422,0.07045510923374311,0.02816851581311554
32.5,0.3746157025202978,0.3746157025202978,0.08575019504932914,0.027942814958971943
32.55,0.44191664853694057,0.44191664853694057,0.09415312042588501,0.02102966240219455
32.6,0.5370788293028105,0.5370788293028105,0.09781632624685434,0.009157781914504495
32.65,0.6371250259373001,0.6371250259373001,0.09974570878341756,-0.0048615434320075715
32.7,0.7262614862797697,0.7262614862797697,0.10155014358050438,-0.017877037024539494
32.75,0.8813744380886951,0.8813744380886951,0.09475982062716914,-0.02810882228086138
32.8,0.8935090592551129,0.8935090592551129,0.10432711645768339,-0.03075374819040503
32.85,0.957128427933492,0.957128427933492,0.10726391827517752,-0.02753768738045787
32.9,0.8666461117181204,0.8666461117181204,0.127536564142383,-0.01638474041711256
32.95,0.9096509505970781,0.9096509505970781,0.13088892174366323,-0.0030772930412060868
33.0,0.7720244879977131,0.7720244879977131,0.15454614204413333,0.013509833280760402
33.05,0.7581453474713963,0.7581453474713963,0.16223370611947618,0.026007745225584973
33.1,0.6533888989911238,0.6533888989911238,0.17874379980913382,0.03434416874467835
33.15,0.755711290964954,0.755711290964954,0.16871347914513082,0.03293412400200868
33.2,0.6703267216724061,0.6703267216724061,0.17925963099283174,0.02690759293739333
33.25,0.6138517368329977,0.6138517368329977,0.18431159524230634,0.014858866718527583
33.3,0.6005305308850003,0.6005305308850003,0.18227810098663377,-0.0008167186377083593
33.35,0.74575681772894,0.74575681772894,0.15979568518291065,-0.01839952790539529
33.4,0.7479127710802644,0.7479127710802644,0.15287508069143252,-0.030750077591535876
33.45,0.7511083744990275,0.7511083744990275,0.14462390710690898,-0.037381729649156745
33.5,0.7300045094255816,0.7300045094255816,0.1386590716082153,-0.03680570828678242
33.55,0.7008513772972979,0.7008513772972979,0.13252065801918933,-0.0294868049709343
33.6,0.5846720689712215,0.5846720689712215,0.13564106337990406,-0.015993118792163457
33.65,0.46825772342167055,0.46825772342167055,0.1379558960345304,-6.94057269019843e-05
33.7,0.35107692389081535,0.35107692389081535,0.13937363324958088,0.015223549044691687
33.75,0.25695731111237036,0.25695731111237036,0.1363065145145208,0.026658235520139482
33.8,0.11817597679498552,0.11817597679498552,0.13730323280700227,0.03297391942535224
33.85,-0.06792171475458193,-0.06792171475458193,0.14244170721368976,0.03321471414386644
33.9,0.05203737605701998,0.05203737605701998,0.10916865475360917,0.023135152573312796
33.95,-0.0010442902935023915,-0.0010442902935023915,0.09551027659029432,0.010784679233436869
34.0,-0.009904424566681872,-0.009904424566681872,0.0758788391995746,-0.004048056961779649
34.05,-0.0514262547633616,-0.0514262547633616,0.05943094049783815,-0.017354703302385744
34.1,-0.04477628237255858,-0.04477628237255858,0.03722009052472741,-0.027390967841223725
34.15,0.028422647811270782,0.028422647811270782,0.007148204147175689,-0.032328931673352504
34.2,-0.03088524026378038,-0.03088524026378038,-0.00656806911233602,-0.02869878381112651
34.25,-0.2397455508926002,-0.2397455508926002,-0.0018332153084192008,-0.01697494804174566
34.3,-0.32431399656820337,-0.32431399656820337,-0.011370316072726145,-0.002891192109607599
34.35,-0.4062694431658438,-0.4062694431658438,-0.02095139010564586,0.012119313689878638
34.4,-0.5361333417324302,-0.5361333417324302,-0.02427997338828899,0.02543149570364308
34.45,-0.722303302971147,-0.722303302971147,-0.02092776116467816,0.034312377662154274
34.5,-0.717473464304642,-0.717473464304642,-0.03998026066630646,0.03385564130132624
34.55,-0.8379200765892043,-0.8379200765892043,-0.04423019091416936,0.028145438693069697
34.6,-0.8040524132408372,-0.8040524132408372,-0.06662415511369343,0.014892276149507944
34.65,-0.8197656711509029,-0.8197656711509029,-0.08245582059500138,-0.0007132423211646889
34.7,-0.636988509926776,-0.636988509926776,-0.1210125931740525,-0.018717704703296378
34.75,-0.622696468604414,-0.622696468604414,-0.13790316363460237,-0.030979090572381962
34.8,-0.5914380340534099,-0.5914380340534099,-0.15505535823166416,-0.03728476344808344
34.85,-0.5458196559892595,-0.5458196559892595,-0.17170103400854575,-0.036198554061922406
34.9,-0.7652408541105741,-0.7652408541105741,-0.15441060323766964,-0.024256767969721753
34.95,-0.7963441434937168,-0.7963441434937168,-0.1579069701911071,-0.009302136908399676
35.0,-0.7577588526553992,-0.7577588526553992,-0.16796567243106403,0.0071482801573145545
35.05,-0.8195001352336737,-0.8195001352336737,-0.16425858675706334,0.02372533590322616
35.1,-0.9059702061209074,-0.9059702061209074,-0.1561740371041042,0.036009586318871606
35.15,-0.9429179564229436,-0.9429179564229436,-0.1526450361648404,0.040545484740191984
35.2,-0.9445626272772703,-0.9445626272772703,-0.15223106161195044,0.036573971182028736
35.25,-0.8233893776002615,-0.8233893776002615,-0.16535912725851154,0.02383118131421776
35.3,-0.8235444460317863,-0.8235444460317863,-0.16261494866142123,0.008088233463265817
35.35,-0.6737125325253678,-0.6737125325253678,-0.17619549485085037,-0.01063692499213049
35.4,-0.6522840549845881,-0.6522840549845881,-0.1730037215820769,-0.02495439801074595
35.45,-0.5191201285646453,-0.5191201285646453,-0.18118044517176488,-0.034989552213624285
35.5,-0.37952152819096674,-0.37952152819096674,-0.18831350433509145,-0.03757798240346108
35.55,-0.3897798916938531,-0.3897798916938531,-0.17569895093606966,-0.030501425863023488
35.6,-0.38970212158278417,-0.38970212158278417,-0.16234005642875887,-0.017442654349225286
35.65,-0.35093902066157784,-0.35093902066157784,-0.15184835837023586,-0.0016677321391362723
35.7,-0.3490631553267719,-0.3490631553267719,-0.13596267545719326,0.014385153300040827
35.75,-0.4985122797114247,-0.4985122797114247,-0.1010690317102485,0.028977318038253756
35.8,-0.41006197164141706,-0.41006197164141706,-0.09413937432224849,0.03457905917891079
35.85,-0.3299053877698966,-0.3299053877698966,-0.08571065039264805,0.03335727988674086
35.9,-0.2637034021081913,-0.2637034021081913,-0.07568615197558781,0.025753799841123737
35.95,-0.14900114485233912,-0.14900114485233912,-0.07112545276771283,0.012561796055972796
36.0,-0.003918327086052654,-0.003918327086052654,-0.06992148641520368,-0.003395494924085009
36.05,0.2086010698219857,0.2086010698219857,-0.07602710586067044,-0.01944837006468657
36.1,0.3407606452368435,0.3407606452368435,-0.0719166606059634,-0.030498852008787703
36.15,0.27844012683715663,0.27844012683715663,-0.043640485564763055,-0.03266982105148618
36.2,0.3930774001787685,0.3930774001787685,-0.03610831750889131,-0.029879801615703847
36.25,0.3967785345771851,0.3967785345771851,-0.014718509773559856,-0.01908281984151321
36.3,0.32904693310123373,0.32904693310123373,0.01502323219966636,-0.003218832976554135
36.35,0.4112252028426462,0.4112252028426462,0.02660992435063404,0.011333675077198914
36.4,0.4289658922538857,0.4289658922538857,0.0449060677002111,0.023861052219428656
36.45,0.4078088670123264,0.4078088670123264,0.0672105319767296,0.031201489841776106
36.5,0.43557608460535013,0.43557608460535013,0.08236701163768483,0.030681049489290107
36.55,0.38601998350430683,0.38601998350430683,0.10520131962833892,0.02411400725474258
36.6,0.577486546268801,0.577486546268801,0.0978684078049005,0.009146262096834206
36.65,0.5732641847971824,0.5732641847971824,0.1122661946239655,-0.005421687001827929
36.7,0.7253084856260725,0.7253084856260725,0.10694219097222453,-0.020767149644801267
36.75,0.8301030548250335,0.8301030548250335,0.10606397521108936,-0.031176444495176772
36.8,0.9148403838681475,0.9148403838681475,0.10660160394610217,-0.0350222838868358
36.85,0.9102532225015869,0.9102532225015869,0.11721239216574526,-0.030849968169307816
36.9,0.8652178117834578,0.8652178117834578,0.1315413090028843,-0.020245772615485186
36.95,0.761230172481958,0.761230172481958,0.1519705619270851,-0.00516420503049832
37.0,0.8660590698500499,0.8660590698500499,0.1460513392330803,0.008000955885441818
37.05,0.7063015515102193,0.7063015515102193,0.16987321733044405,0.022545615792441537
37.1,0.6403622845480709,0.6403622845480709,0.1809862468103539,0.031216133971032654
37.15,0.6279734684972144,0.6279734684972144,0.18348469327326433,0.032903951258176245
37.2,0.5678735490651591,0.5678735490651591,0.1898252626388462,0.028590654502139226
37.25,0.597900356263285,0.597900356263285,0.18305185227087958,0.01743776129479218
37.3,0.669994727435141,0.669994727435141,0.16968324210333868,0.002207310104477735
37.35,0.6966664850370115,0.6966664850370115,0.1599842947225764,-0.013050568097784432
37.4,0.7104117669547536,0.7104117669547536,0.15084068288953154,-0.025647546312068673
37.45,0.7910627305536617,0.7910627305536617,0.1325415358848637,-0.03392140783832446
37.5,0.6987752233415051,0.6987752233415051,0.13417306813280558,-0.033108318550143415
37.55,0.6843874619099498,0.6843874619099498,0.12584071587531295,-0.02649102651669569
37.6,0.48437587386587594,0.48437587386587594,0.13900390496463078,-0.012216418883276625
37.65,0.49898917155857525,0.49898917155857525,0.1255986671276707,0.00161676968543733
37.7,0.3631044784025711,0.3631044784025711,0.1292156263105407,0.016490560458027603
37.75,0.17091338978531204,0.17091338978531204,0.13834465693077166,0.028122255584172494
37.8,0.06903288448752665,0.06903288448752665,0.13514248356285288,0.0324689908336876
37.85,0.08337379769555309,0.08337379769555309,0.11668741547836677,0.02848122828045716
37.9,0.0031747742619968405,0.0031747742619968405,0.10830586281434688,0.019684388891835856
37.95,0.05279835910048302,0.05279835910048302,0.08338014545138156,0.005126857308581573
38.0,0.05073822238627659,0.05073822238627659,0.06389376810085896,-0.009932682769742076
38.05,-0.0647402255198567,-0.0647402255198567,0.05773523491314411,-0.02157197315731616
38.1,0.09486016190759985,0.09486016190759985,0.0187959393670296,-0.03215213203214606
38.15,-0.05142786456962517,-0.05142786456962517,0.01632179551592209,-0.03219216067719214
38.2,-0.11314732013714911,-0.11314732013714911,0.004551317350804098,-0.026455207967381687
38.25,-0.2455681566164214,-0.2455681566164214,0.0013197965249595648,-0.014153814004212882
38.3,-0.31954875456200704,-0.31954875456200704,-0.0082724413712515,0.0004532939179391271
38.35,-0.49391223663894174,-0.49391223663894174,-0.0058395349539681245,0.016207654618161798
38.4,-0.4682316122830956,-0.4682316122830956,-0.02736269777423486,0.026041378160745105
38.45,-0.6775395290596289,-0.6775395290596289,-0.020408735461434485,0.03335487645185231
38.5,-0.7586972733372683,-0.7586972733372683,-0.02892641657180774,0.03226088526025313
38.55,-0.7995297643923137,-0.7995297643923137,-0.04209043496268964,0.024269627730892595
38.6,-0.7358625395522108,-0.7358625395522108,-0.06778232639712312,0.010319740485135436
38.65,-0.6420240669380033,-0.6420240669380033,-0.09604492595290766,-0.005791912303739799
38.7,-0.7009394206408291,-0.7009394206408291,-0.10523172413148539,-0.018462489671481855
38.75,-0.7293495667967452,-0.7293495667967452,-0.11658649532747702,-0.027287718456420244
38.8,-0.6283604270260014,-0.6283604270260014,-0.14184083910295342,-0.0316664007602363
38.85,-0.6222454670447217,-0.6222454670447217,-0.1542373431814947,-0.028025565338162747
38.9,-0.6519986009940973,-0.6519986009940973,-0.16012181773440248,-0.01800543828625683
38.95,-0.7322315772741858,-0.7322315772741858,-0.1580230598447618,-0.0035777045415124873
39.0,-0.8006298971646046,-0.8006298971646046,-0.1556802072520681,0.011529230300819688
39.05,-0.8553044824383484,-0.8553044824383484,-0.15335045389449464,0.024304285972621555
39.1,-0.9074418688223611,-0.9074418688223611,-0.14989040015487012,0.03239589961897786
39.15,-0.8990010601320505,-0.8990010601320505,-0.1525751781597931,0.03348466050722885
39.2,-0.873122222610585,-0.873122222610585,-0.15597936889302189,0.027884720168996728
39.25,-0.871615598948762,-0.871615598948762,-0.1550933613029059,0.01727162835095523
39.3,-0.8152898740884753,-0.8152898740884753,-0.1595981504322008,0.0028583300517449565
39.35,-0.681200143687884,-0.681200143687884,-0.1719778469010036,-0.012736302287435788
39.4,-0.5334427318687454,-0.5334427318687454,-0.18420648338612125,-0.02569141451862468
39.45,-0.43671327928727227,-0.43671327928727227,-0.18828491887731558,-0.032742152313142175
39.5,-0.35851006161555615,-0.35851006161555615,-0.18807092492461322,-0.03295803943754972
39.55,-0.42861321436947647,-0.42861321436947647,-0.1681589040581439,-0.024680000034114476
39.6,-0.3864744653999755,-0.3864744653999755,-0.15968940272063784,-0.012818335512563757
39.65,-0.3118986098463672,-0.3118986098463672,-0.15360956679595372,0.0011579427950019244
39.7,-0.43090964411347393,-0.43090964411347393,-0.12315381686936691,0.01719619146979307
39.75,-0.38791272857348263,-0.38791272857348263,-0.11127767071190728,0.027697341506363115
39.8,-0.42010092426319245,-0.42010092426319245,-0.08980317881705698,0.03359299835860017
39.85,-0.29236036831097895,-0.29236036831097895,-0.0871191997151504,0.03074729786572309
39.9,-0.22544060780465208,-0.22544060780465208,-0.07696621029179122,0.02239536698598317
39.95,-0.1404647866927872,-0.1404647866927872,-0.06864703910925946,0.009223381099386122
40.0,0.0045924482720167996,0.0045924482720167996,-0.06709645938045551,-0.00650288924611518
40.05,0.16582124120802802,0.16582124120802802,-0.067263645553367,-0.020918610530541903
40.1,0.27660469945136107,0.27660469945136107,-0.06078769570582652,-0.030226048124410446
40.15,0.2893550148834928,0.2893550148834928,-0.04190847716430192,-0.03193312126051692
40.2,0.35893335666063014,0.35893335666063014,-0.029289509323790718,-0.027615023564198062
40.25,0.44688683804117957,0.44688683804117957,-0.018689259355712643,-0.017753317591414967
40.3,0.4912516349402909,0.4912516349402909,-0.002802369584616526,-0.0037881803166827446
40.35,0.34184695347098604,0.34184695347098604,0.03605019178482253,0.013130919369981247
40.4,0.42100691457323053,0.42100691457323053,0.04700048612564025,0.024190346484497614
40.45,0.3785769939185023,0.3785769939185023,0.07141678809194825,0.03143925528518614
40.5,0.4445052369444968,0.4445052369444968,0.08148331470028715,0.030561531382402633
40.55,0.43683655920270587,0.43683655920270587,0.09909500931279885,0.024146452155765327
40.6,0.638789367242649,0.638789367242649,0.0902883269883039,0.010078719840418705
40.65,0.6527147289957129,0.6527147289957129,0.1026958561146742,-0.0038058814920508407
40.7,0.756153010034752,0.756153010034752,0.10330162635289128,-0.018148862403010384
40.75,0.8770414079838974,0.8770414079838974,0.10086280036728255,-0.029134313099801867
40.8,0.9140539343267722,0.9140539343267722,0.10776363821421461,-0.033263672217980184
40.85,0.9743487868971827,0.9743487868971827,0.11100285094476206,-0.031024274945302664
40.9,0.9216102515018568,0.9216102515018568,0.12682200272000066,-0.0212077638912074
40.95,0.8218833816955771,0.8218833816955771,0.14745131988678703,-0.006685398664545381
41.0,0.8462639403530144,0.8462639403530144,0.1518525049098634,0.007392556947346431
41.05,0.7243401578888242,0.7243401578888242,0.17185267310199437,0.0214483415792735
41.1,0.6182738799850154,0.6182738799850154,0.1879186440037756,0.030552419722221485
41.15,0.6899617148116207,0.6899617148116207,0.18102799098848643,0.030776145038105326
41.2,0.5288555462200237,0.5288555462200237,0.19939085649961674,0.027162420337911965
41.25,0.7123943244944846,0.7123943244944846,0.1746044368776824,0.0132898906452813
41.3,0.5979747122128879,0.5979747122128879,0.18357158882621352,7.55128565836612e-05
41.35,0.686975676542089,0.686975676542089,0.16642915337944797,-0.015905398142457238
41.4,0.7585576537248102,0.7585576537248102,0.14998321224632735,-0.028516260077284975
41.45,0.7114205014100698,0.7114205014100698,0.14626926159278178,-0.03385800458076434
41.5,0.7393215830177277,0.7393215830177277,0.13300295917746063,-0.03325009850209987
41.55,0.6404741022671329,0.6404741022671329,0.13408129292800983,-0.024384003315357405
41.6,0.6470387523485572,0.6470387523485572,0.12176327435487524,-0.012057282600564665
41.65,0.48704496440494494,0.48704496440494494,0.12842343177863702,0.0045980676877302685
41.7,0.36830372220054375,0.36830372220054375,0.12936786816482398,0.019689182822255617
41.75,0.15989250688313175,0.15989250688313175,0.13987577230515408,0.03193161295303595
41.8,0.07599671730817734,0.07599671730817734,0.13421033181518152,0.03630942310635127
41.85,0.12250435076433747,0.12250435076433747,0.11124544859097633,0.03188224197878122
41.9,0.09289115713326236,0.09289115713326236,0.09639341130772729,0.022033095404660415
41.95,-0.020523981210401086,-0.020523981210401086,0.0908600749295325,0.008844114499896104
42.0,-0.00208953202876669,-0.00208953202876669,0.0687591601273898,-0.007630697794527111
42.05,-0.0227474203363297,-0.0227474203363297,0.05084123082681705,-0.021917345558481356
42.1,-0.006696211062572146,-0.006696211062572146,0.02850653130671466,-0.03214817108085019
42.15,0.019739325822443143,0.019739325822443143,0.0054069061718289785,-0.03604917506187839
42.2,-0.1871950443016086,-0.1871950443016086,0.01026515023428015,-0.029871275553185625
42.25,-0.24354196247462173,-0.24354196247462173,-0.0024153787410716716,-0.019678709248152036
42.3,-0.27928668775232246,-0.27928668775232246,-0.017298055217565347,-0.006035754628407602
42.35,-0.4419374680109776,-0.4419374680109776,-0.01647416922929021,0.009969616830336052
42.4,-0.5731810568194817,-0.5731810568194817,-0.019441357414107102,0.023086048692897026
42.45,-0.7279908753340751,-0.7279908753340751,-0.01970590114598976,0.031435119708509436
42.5,-0.6262370727690374,-0.6262370727690374,-0.0501472714355669,0.02994998282972314
42.55,-0.6850162217298892,-0.6850162217298892,-0.06131687561566376,0.02428167948112389
42.6,-0.7235071485142913,-0.7235071485142913,-0.0743331613381803,0.01362024802207236
42.65,-0.6473466025028695,-0.6473466025028695,-0.10012325891526311,-0.0006788976496889151
42.7,-0.6668830106202095,-0.6668830106202095,-0.11333590154184993,-0.012809784900951112
42.75,-0.6060255719549545,-0.6060255719549545,-0.1346941512577201,-0.022342063752416493
42.8,-0.5591442797780475,-0.5591442797780475,-0.152660360733171,-0.026165275195787242
42.85,-0.5606684319278683,-0.5606684319278683,-0.16238095852038725,-0.02322859048297716
42.9,-0.5994341709935163,-0.5994341709935163,-0.1658437876873661,-0.014454927994993691
42.95,-0.6832286243400597,-0.6832286243400597,-0.16177077649358118,-0.0016516531688060552
43.0,-0.7162805994061621,-0.7162805994061621,-0.16188070093536802,0.01132212776938167
43.05,-0.9448203532549044,-0.9448203532549044,-0.13734968515896925,0.024861810701764273
43.1,-0.8643766970374009,-0.8643766970374009,-0.14836917711410502,0.02978925494952458
43.15,-0.9406789372774937,-0.9406789372774937,-0.13981918262817505,0.030621471848229862
43.2,-0.9311557688975214,-0.9311557688975214,-0.14058401648631086,0.023920779514718268
43.25,-0.8651340943183282,-0.8651340943183282,-0.14737781292742053,0.011320266590384738
43.3,-0.7484382689600864,-0.7484382689600864,-0.15893588439792453,-0.00461588889751126
43.35,-0.653499019597357,-0.653499019597357,-0.16671612968740812,-0.019822700627977335
43.4,-0.4576354147017544,-0.4576354147017544,-0.18502062921122345,-0.0327973648285424
43.45,-0.5786236593479998,-0.5786236593479998,-0.16378503267434064,-0.035588073527564476
43.5,-0.5116675771167757,-0.5116675771167757,-0.16286291567511527,-0.03362321801140079
43.55,-0.32025919171348327,-0.32025919171348327,-0.1753570144227289,-0.026315770462097862
43.6,-0.4662414283163434,-0.4662414283163434,-0.14600545577575472,-0.00934573762069724
43.65,-0.38656346502475636,-0.38656346502475636,-0.14226955500079821,0.006902484695491864
43.7,-0.4779578697963575,-0.4779578697963575,-0.11699629003791263,0.024159868498983574
43.75,-0.47874525555389963,-0.47874525555389963,-0.10173105061543065,0.03568760750477807
43.8,-0.33131062661848976,-0.33131062661848976,-0.10368409587424203,0.03837287137796579
43.85,-0.34330332684594694,-0.34330332684594694,-0.08615097127831912,0.03548483252487853
43.9,-0.2943965292119078,-0.2943965292119078,-0.07539088845708329,0.025071781270897774
43.95,-0.19824271339122146,-0.19824271339122146,-0.07015038160999902,0.009734473682229555
44.0,-0.04543030509952267,-0.04543030509952267,-0.0713187293490798,-0.007349334203110265
44.05,0.158939805027089,0.158939805027089,-0.07789531075911271,-0.02271202110281985
44.1,0.18888764418259507,0.18888764418259507,-0.06310636726803898,-0.03066568699819579
44.15,0.39239977690810807,0.39239977690810807,-0.06791882163671699,-0.03427566570047257
44.2,0.3838498789407291,0.3838498789407291,-0.046372693095447934,-0.028353519006644214
44.25,0.3674484408371843,0.3674484408371843,-0.023517455493265303,-0.01687792371572753
44.3,0.41501164567696774,0.41501164567696774,-0.007956372418341112,-0.003181091046442623
44.35,0.4568438561380669,0.4568438561380669,0.008480517712684217,0.010732912552754516
44.4,0.4233698970772592,0.4233698970772592,0.033422983219513626,0.02285435430314822
44.45,0.38105718751380563,0.38105718751380563,0.05869124655027628,0.029932081485287587
44.5,0.2978827499142367,0.2978827499142367,0.08760114627557378,0.031046003089896284
44.55,0.3843980032078352,0.3843980032078352,0.09501876314704097,0.023406716662730188
44.6,0.5400305444138682,0.5400305444138682,0.0924285720202921,0.00970182369489442
44.65,0.6675221772865303,0.6675221772865303,0.09200952099594265,-0.006267942555271583
44.7,0.8125999499331993,0.8125999499331993,0.08852037867507975,-0.02190845588425378
44.75,0.8165585628911778,0.8165585628911778,0.10106035948261795,-0.03194503464565298
44.8,0.8201908915776934,0.8201908915776934,0.11251740409802176,-0.03585247244092751
44.85,0.9523126125986944,0.9523126125986944,0.1079520755062152,-0.0342870132206549
44.9,0.8580022445660821,0.8580022445660821,0.12953353355384828,-0.02307503745469823
44.95,0.8624538965263655,0.8624538965263655,0.13809365417209554,-0.008470008260436993
45.0,0.8377203050347121,0.8377203050347121,0.1488576705798509,0.008161705009912649
45.05,0.6946822643087349,0.6946822643087349,0.17208239112899681,0.02448748782807658
45.1,0.6976783621153995,0.6976783621153995,0.17592865004613414,0.03385405232102247
45.15,0.573510117081326,0.573510117081326,0.19292157636542048,0.037807985440314745
45.2,0.6811008533018498,0.6811008533018498,0.18008697421448883,0.031192272790682866
45.25,0.5406061013144298,0.5406061013144298,0.19472218523133458,0.021484060993103453
45.3,0.6650675737598776,0.6650675737598776,0.17586047102419453,0.004367189619438123
45.35,0.7419830553921939,0.7419830553921939,0.16081935460356087,-0.012788800441198594
45.4,0.8086081493342712,0.8086081493342712,0.14578855929966633,-0.027039882168352708
45.45,0.7236603698427424,0.7236603698427424,0.14775394166296701,-0.03374940183606984
45.5,0.6768133006669157,0.6768133006669157,0.14446941570731792,-0.03392496718697157
45.55,0.704986030302164,0.704986030302164,0.13134327352557004,-0.028138512549469447
45.6,0.5475302203117711,0.5475302203117711,0.1394405030809371,-0.014613265491734466
45.65,0.435067023891179,0.435067023891179,0.14096701900329195,0.0007683735558096485
45.7,0.34511031687895705,0.34511031687895705,0.13876066525372932,0.015044134335927644
45.75,0.21597472675008778,0.21597472675008778,0.13992095214562064,0.026114612672304662
45.8,0.15956274455140806,0.15956274455140806,0.13096636173296491,0.03044200661290775
45.85,0.0337654011767302,0.0337654011767302,0.12885992977423377,0.0289897847162927
45.9,0.0738415955887639,0.0738415955887639,0.10562822291296839,0.01912853238876265
45.95,0.026113896518016842,0.026113896518016842,0.09188812836363958,0.006072328730197082
46.0,0.008111933208430424,0.008111933208430424,0.07395725032848097,-0.008771776146726931
46.05,0.032425574889170916,0.032425574889170916,0.050404690784595314,-0.02220676431752744
46.1,0.02335026607493411,0.02335026607493411,0.03108168540100215,-0.030302594245796247
46.15,0.04950481052341657,0.04950481052341657,0.007876509142604649,-0.03221343492768363
46.2,-0.0641384889954609,-0.0641384889954609,0.0016974194860971872,-0.025465135242198487
46.25,-0.22705356240934885,-0.22705356240934885,0.0021933355720894824,-0.012665051577984924
46.3,-0.3699410078323121,-0.3699410078323121,0.0004800167820620321,0.002643127290020743
46.35,-0.4255098512049905,-0.4255098512049905,-0.011496470573430648,0.016407985758209963
46.4,-0.5501554076109942,-0.5501554076109942,-0.014918471513192332,0.02768624790505607
46.45,-0.701523015861055,-0.701523015861055,-0.015440078946256743,0.03365485477091001
46.5,-0.7062008707827925,-0.7062008707827925,-0.03328579499242311,0.03099613186921011
46.55,-0.6884945878906181,-0.6884945878906181,-0.05386381279634176,0.021815396051627037
46.6,-0.7133109068406288,-0.7133109068406288,-0.06883294127897592,0.008787753479741308
46.65,-0.7209836695771834,-0.7209836695771834,-0.08499183252518563,-0.00611965147507566
46.7,-0.6793388402982892,-0.6793388402982892,-0.10621361871399508,-0.02014359062250801
46.75,-0.6182913853986732,-0.6182913853986732,-0.12823237186043407,-0.029912677030858755
46.8,-0.6637941584004446,-0.6637941584004446,-0.1362680940917805,-0.031771963817210785
46.85,-0.5883726691191205,-0.5883726691191205,-0.1564613106462854,-0.028204344718626217
46.9,-0.7057784991345302,-0.7057784991345302,-0.15180232031493396,-0.016142247153929697
46.95,-0.782446081485608,-0.782446081485608,-0.1500956603837019,-0.001056742519455294
47.0,-0.8053245420712015,-0.8053245420712015,-0.15343469039305943,0.013708123141592934
47.05,-0.8703898751581743,-0.8703898751581743,-0.15021443187200192,0.02622215534671824
47.1,-0.7809203019110078,-0.7809203019110078,-0.16407186782501562,0.03142755692443433
47.15,-0.9639995441855913,-0.9639995441855913,-0.14380211628900325,0.03369533645073752
47.2,-0.898553987547768,-0.898553987547768,-0.1520761968796706,0.02633742547151907
47.25,-0.8418085358112086,-0.8418085358112086,-0.15825761107296113,0.014296212985774628
47.3,-0.7165341093334341,-0.7165341093334341,-0.17112501451577197,-0.0008702978714467158
47.35,-0.6526308510354571,-0.6526308510354571,-0.1750704022213634,-0.014528102668959549
47.4,-0.5577175747402808,-0.5577175747402808,-0.1810347606464572,-0.025228415187319424
47.45,-0.5382575494942552,-0.5382575494942552,-0.17588653125135462,-0.02965441157121696
47.5,-0.36378722638418926,-0.36378722638418926,-0.18708689465180428,-0.029947024445755956
47.55,-0.408982756285467,-0.408982756285467,-0.1705551490729745,-0.02149676749877624
47.6,-0.33571641321150913,-0.33571641321150913,-0.1659218147833093,-0.010306679444343008
47.65,-0.3901404571041801,-0.3901404571041801,-0.14472231952924866,0.00437821477489843
47.7,-0.40423135777868174,-0.40423135777868174,-0.12716739910937663,0.01749825194507839
47.75,-0.4443062333396262,-0.4443062333396262,-0.10544522704598769,0.027312640049403834
47.8,-0.3746289510702228,-0.3746289510702228,-0.0964500865032992,0.030207185478446724
47.85,-0.29124155273507957,-0.29124155273507957,-0.08864382060908046,0.026797423259850236
47.9,-0.2536468607380045,-0.2536468607380045,-0.0753490550601517,0.018544649628408426
47.95,-0.10769147078915244,-0.10769147078915244,-0.07455315008501587,0.005271923189589894
48.0,-0.06862077111839165,-0.06862077111839165,-0.06070197596232042,-0.007594846774717515
48.05,0.2184559342498692,0.2184559342498692,-0.07617888332031604,-0.021907405781010754
48.1,0.21367025694614533,0.21367025694614533,-0.05586442991245189,-0.028091998232774654
48.15,0.2596371198943563,0.2596371198943563,-0.041294577961190335,-0.029120504969771244
48.2,0.41604935725350456,0.41604935725350456,-0.03935571472635995,-0.025471812575563798
48.25,0.5251132413387798,0.5251132413387798,-0.031322710388365,-0.016014916822178638
48.3,0.3541772308045823,0.3541772308045823,0.010384844955073733,0.00013331207304758283
48.35,0.4527571192492008,0.4527571192492008,0.019747451409472476,0.012803868827119244
48.4,0.42165822998991986,0.42165822998991986,0.04398054028319912,0.024358817486689298
48.45,0.3322689708109079,0.3322689708109079,0.07414756864441548,0.03160897607045591
48.5,0.393848740357533,0.393848740357533,0.08507056555973089,0.030575020877358257
48.55,0.44042121630129055,0.44042121630129055,0.0963079468685035,0.02350401383557221
48.6,0.6146660034087952,0.6146660034087952,0.09101535551036966,0.009898844944393897
48.65,0.6193688920204685,0.6193688920204685,0.10448747905455677,-0.0038915930593791817
48.7,0.7494321558843327,0.7494321558843327,0.10188273960833902,-0.018770555933320866
48.75,0.8211751290175457,0.8211751290175457,0.10511668630183599,-0.029443675943750587
48.8,0.9711416489603456,0.9711416489603456,0.09846370291235393,-0.03552214960097843
48.85,0.9627452361549119,0.9627452361549119,0.11000312975551779,-0.03286637212304233
48.9,0.8865072040997881,0.8865072040997881,0.12860184124508833,-0.023048920779829493
48.95,0.9109391225918776,0.9109391225918776,0.134424823549978,-0.010005259505996561
49.0,0.8689136611210482,0.8689136611210482,0.1466722431481653,0.005768956286153568
49.05,0.6818432293122022,0.6818432293122022,0.17494007900455616,0.022071126963068375
49.1,0.6845740900761493,0.6845740900761493,0.17854977510923442,0.03138675788083332
49.15,0.7117180676443935,0.7117180676443935,0.17729956552799556,0.03374239487002561
49.2,0.5910210358599264,0.5910210358599264,0.19155214293451084,0.030713696315759032
49.25,0.5720620589994192,0.5720620589994192,0.19142837871846158,0.01989337069521482
49.3,0.6738487346873975,0.6738487346873975,0.1749458820375828,0.0033562118150815123
49.35,0.7062994185988622,0.7062994185988622,0.16512509578189427,-0.013115474239937112
49.4,0.7206404721251833,0.7206404721251833,0.15589023137464816,-0.026743776242969648
49.45,0.8572618258758347,0.8572618258758347,0.13109756315025828,-0.03650036221635287
49.5,0.7010638408480515,0.7010638408480515,0.14048972486613814,-0.03530835812808596
49.55,0.7152035711147523,0.7152035711147523,0.1287131258970678,-0.029250922235661538
49.6,0.551125179361629,0.551125179361629,0.13732489765040662,-0.015220004278966259
49.65,0.4858853913235266,0.4858853913235266,0.1332921633363383,0.0004896696601885516
49.7,0.3926063387558125,0.3926063387558125,0.13137552089578272,0.016251857456026215
49.75,0.15585890584252338,0.15585890584252338,0.14527500055738948,0.030316891088534633
49.8,0.1364865456725674,0.1364865456725674,0.13175995673890023,0.03536697604807059
49.85,0.01791744182844035,0.01791744182844035,0.12864105733985018,0.03429379761167378
49.9,-0.006683773864717907,-0.006683773864717907,0.11285369376452467,0.024890813077014965
49.95,-0.004704471810253399,-0.004704471810253399,0.0929101879609334,0.009972597212981188
50.0,-0.007582431083576473,-0.007582431083576473,0.07246474362640999,-0.006939497154649598
50.05,-0.07873276700647693,-0.07873276700647693,0.05975411083417872,-0.021497802192547256
50.1,-0.05252855494887941,-0.05252855494887941,0.035181296006085515,-0.03271978491127839
50.15,-0.05591975159722379,-0.05591975159722379,0.01426517295201568,-0.03673895494858952
50.2,-0.07911544762570694,-0.07911544762570694,-0.0038397624524568546,-0.03294075421559078
50.25,-0.17323819856871656,-0.17323819856871656,-0.012797073836108758,-0.021584989881832977
50.3,-0.391991625086856,-0.391991625086856,-0.006582295932551401,-0.004389205426531555
50.35,-0.44820239050550065,-0.44820239050550065,-0.01944494820786424,0.011553501308786275
50.4,-0.5140376458857945,-0.5140376458857945,-0.030661967442562162,0.025105315566017396
50.45,-0.5535990498027846,-0.5535990498027846,-0.04486369340218404,0.03305197977440341
50.5,-0.6596660767935152,-0.6596660767935152,-0.05034177792041788,0.03511368840868288
50.55,-0.762509026106395,-0.762509026106395,-0.05597918548304071,0.030358234734006232
50.6,-0.6867229866563954,-0.6867229866563954,-0.0823996370141691,0.017874550878982397
50.65,-0.73740812661795,-0.73740812661795,-0.09261382160267383,0.004151624464072668
50.7,-0.716166649789826,-0.716166649789826,-0.11039389875429165,-0.010441613245654369
50.75,-0.66019656605088,-0.66019656605088,-0.13103736986150527,-0.022533935292746003
50.8,-0.5481228543686907,-0.5481228543686907,-0.15633559535582853,-0.030148684014558547
50.85,-0.49083700893817295,-0.49083700893817295,-0.173382502637005,-0.03065652311432191
50.9,-0.7093110826946121,-0.7093110826946121,-0.15507332732598558,-0.021408215169240193
50.95,-0.772761772827218,-0.772761772827218,-0.15331902383377596,-0.009710342255125803
51.0,-0.8518795346309571,-0.8518795346309571,-0.1483409153542457,0.004143574526046656
51.05,-0.8688788511858081,-0.8688788511858081,-0.14950388639537854,0.016263854300168024
51.1,-0.8932255877709903,-0.8932255877709903,-0.14867787930824666,0.02491576684740176
51.15,-0.9073969087595593,-0.9073969087595593,-0.14804280075952725,0.02799116693805413
51.2,-0.941800814472447,-0.941800814472447,-0.1438991357941326,0.025211590575642727
51.25,-0.870128974792086,-0.870128974792086,-0.15155331825481586,0.015646389457552437
51.3,-0.802630649339462,-0.802630649339462,-0.15749118629357436,0.0027660898415813495
51.35,-0.6200163490327557,-0.6200163490327557,-0.17602353484190783,-0.012131714182421816
51.4,-0.599325644823633,-0.599325644823633,-0.17338517202586617,-0.022391200205064726
51.45,-0.4543284324010864,-0.4543284324010864,-0.18374101489462397,-0.029309642226337487
51.5,-0.4152990717404938,-0.4152990717404938,-0.17947099714284442,-0.028417023286054634
51.55,-0.3617085268928908,-0.3617085268928908,-0.17502768474242,-0.021210913128321563
51.6,-0.36391029143065867,-0.36391029143065867,-0.16179525189359786,-0.008166240082945139
51.65,-0.37857016104166497,-0.37857016104166497,-0.14582267932581558,0.007455626753427255
51.7,-0.4325148977083869,-0.4325148977083869,-0.1236880532087448,0.02260075359069428
51.75,-0.3808673743860518,-0.3808673743860518,-0.11351669468389562,0.032149360406096
51.8,-0.3714040777639481,-0.3714040777639481,-0.09747807993140047,0.03586703194782979
51.85,-0.30050661684313495,-0.30050661684313495,-0.0881437735619628,0.03170197541056273
51.9,-0.30126790304957013,-0.30126790304957013,-0.07017254844537936,0.022238891281820765
51.95,-0.220779445141557,-0.220779445141557,-0.06195537058820793,0.00755822522553524
52.0,0.0005034120843256993,0.0005034120843256993,-0.06999094611681238,-0.01021224240172895
52.05,0.1754083014764757,0.1754083014764757,-0.07226712315731434,-0.025472902718450135
52.1,0.1675039849354149,0.1675039849354149,-0.052103324239426256,-0.03374035377216925
52.15,0.33433862724934965,0.33433862724934965,-0.05190148589026923,-0.037896289253519004
52.2,0.3988951080563521,0.3988951080563521,-0.03929063025679804,-0.033596342514162894
52.25,0.419020521274333,0.419020521274333,-0.02075424434793705,-0.022347359847818767
52.3,0.4620984615909969,0.4620984615909969,-0.004624219188317465,-0.00725666293661882
52.35,0.36667978417896235,0.36667978417896235,0.027613325807171397,0.010578267002017699
52.4,0.3437882553377561,0.3437882553377561,0.05075387142044151,0.024924312158397237
52.45,0.43673351822896384,0.43673351822896384,0.05918797618442746,0.03239693291089187
52.5,0.38001332182549796,0.38001332182549796,0.08396499010776536,0.03490317378242384
52.55,0.43520718297454547,0.43520718297454547,0.09427421763274849,0.02885224820766103
52.6,0.5523313321785235,0.5523313321785235,0.09576139977526178,0.016223879072051164
52.65,0.6418415627705885,0.6418415627705885,0.09932778429638457,0.000741881961159363
52.7,0.8180035452786975,0.8180035452786975,0.09136577379016529,-0.015854108843116863
52.75,0.8914863170747316,0.8914863170747316,0.0949144841384042,-0.027814132703589466
52.8,0.8963593628844397,0.8963593628844397,0.10602519453376383,-0.03307309306689333
52.85,0.8939305658834547,0.8939305658834547,0.11753124963915962,-0.03124479736259562
52.9,0.9399962968374896,0.9399962968374896,0.12201075744975518,-0.023419093153925423
52.95,0.83064145350463,0.83064145350463,0.14413340751562906,-0.008792325606696755
53.0,0.8837138889328358,0.8837138889328358,0.14550761202024626,0.005442092875469659
53.05,0.7418081563584165,0.7418081563584165,0.16881094820597928,0.020541193147732225
53.1,0.6482434633984142,0.6482434633984142,0.18409179983822269,0.030212588726174546
53.15,0.6004324527669923,0.6004324527669923,0.19216986438019126,0.032508567111298216
53.2,0.5208417298610315,0.5208417298610315,0.201529361242734,0.028022247051963968
53.25,0.7580130151504729,0.7580130151504729,0.17094072191629772,0.013364877697095415
53.3,0.7515889795865454,0.7515889795865454,0.16723435219865218,-0.0015400942771085287
53.35,0.6944395538734163,0.6944395538734163,0.16845538661369164,-0.015951836246690346
53.4,0.7474016930521736,0.7474016930521736,0.1551188635512055,-0.028657732740503362
53.45,0.7313989130186804,0.7313989130186804,0.14878777205162338,-0.03463570435154167
53.5,0.7045026385385776,0.7045026385385776,0.1430048357027277,-0.03334684635368787
53.55,0.7332496438009878,0.7332496438009878,0.12952028027515386,-0.025978311190197938
53.6,0.5943374811871626,0.5943374811871626,0.13511219958677903,-0.011390936910446898
53.65,0.43964668202591495,0.43964668202591495,0.14174575564004366,0.005492360815184796
53.7,0.3079530056823892,0.3079530056823892,0.1444276919079229,0.020758229905335573
53.75,0.22397454767890054,0.22397454767890054,0.1400417229761879,0.03098712648818129
53.8,0.10397015297844779,0.10397015297844779,0.1385350225501394,0.035172399798863864
53.85,-0.031341264179795075,-0.031341264179795075,0.13686896716448602,0.03232012854505961
53.9,0.060527141816622665,0.060527141816622665,0.10704450368243766,0.0200629232828467
53.95,-0.08779984941010334,-0.08779984941010334,0.1044930151163573,0.006735708663168608
54.0,0.04751736192408563,0.04751736192408563,0.06746184742511797,-0.011452429345731041
54.05,-0.04662592832828276,-0.04662592832828276,0.057135551656131274,-0.024347512818129666
54.1,-0.03824563814023256,-0.03824563814023256,0.03434217681138585,-0.03338646557118923
54.15,-0.03493860327193181,-0.03493860327193181,0.01259986274673022,-0.03538708377608659
54.2,-0.1595054304967633,-0.1595054304967633,0.006620413670066535,-0.028537499111648643
54.25,-0.24578065726324433,-0.24578065726324433,-0.0037007832025701365,-0.016433874207771492
54.3,-0.30757222612070867,-0.30757222612070867,-0.01646503071979147,-0.0014633731023467973
54.35,-0.4558107002556155,-0.4558107002556155,-0.01823202555098823,0.014715599734047553
54.4,-0.5591983655469636,-0.5591983655469636,-0.025179498898951158,0.027314692667986126
54.45,-0.5716983357973981,-0.5716983357973981,-0.04276519225699914,0.03332680113024275
54.5,-0.6903855939601927,-0.6903855939601927,-0.04702094003283847,0.03404443402102671
54.55,-0.7836770135825948,-0.7836770135825948,-0.05401670924903292,0.02778864832288283
54.6,-0.8225377774474313,-0.8225377774474313,-0.06697413092912263,0.015690373844545896
54.65,-0.6886954061208261,-0.6886954061208261,-0.10010113590839435,-0.0010541399319892349
54.7,-0.6080125349073208,-0.6080125349073208,-0.12539268222540412,-0.016183443897414156
54.75,-0.6622618043325844,-0.6622618043325844,-0.13278356746863731,-0.025704280027354278
54.8,-0.6627427807903721,-0.6627427807903721,-0.14508572498837136,-0.03019591918735394
54.85,-0.6196459586359379,-0.6196459586359379,-0.1603130435668168,-0.02886040474458372
54.9,-0.8340703620193631,-0.8340703620193631,-0.14314140238117007,-0.01840182917989721
54.95,-0.7348472385151916,-0.7348472385151916,-0.1619886854771862,-0.00816167849941449
55.0,-0.8372989190439875,-0.8372989190439875,-0.15500740798676396,0.006077233335680003
55.05,-0.8508829478335261,-0.8508829478335261,-0.1570301484306823,0.017683303342007146
55.1,-0.8708478056433044,-0.8708478056433044,-0.15699444647776767,0.025462904612111488
55.15,-0.9301047929526595,-0.9301047929526595,-0.1509005939911465,0.028314571011905227
55.2,-1.0043923027405266,-1.0043923027405266,-0.14231079113490883,0.02554235560487765
55.25,-0.843541455640639,-0.843541455640639,-0.1603321244401225,0.01477195271532829
55.3,-0.7518669020766533,-0.7518669020766533,-0.16917892006865193,0.002080583124319013
55.35,-0.5968381184639717,-0.5968381184639717,-0.1837671647576888,-0.011532389122328152
55.4,-0.5308857628643331,-0.5308857628643331,-0.18595696793032626,-0.02128066405204069
55.45,-0.4347772628674088,-0.4347772628674088,-0.18960793644576412,-0.026525744478846657
55.5,-0.4342804038615369,-0.4342804038615369,-0.17959020526502728,-0.0244970289977348
55.55,-0.45733083282920156,-0.45733083282920156,-0.16482724211858338,-0.016425823695838785
55.6,-0.3485938814466136,-0.3485938814466136,-0.16439634857126537,-0.005977186689974432
55.65,-0.452475066262325,-0.452475066262325,-0.13677830878456262,0.00879161717759106
55.7,-0.38728042437972965,-0.38728042437972965,-0.12811154401934355,0.0198852645136063
55.75,-0.3751105026125978,-0.3751105026125978,-0.11256326685834542,0.02761318045781722
55.8,-0.3357399091447851,-0.3357399091447851,-0.09949729199036296,0.029288384657606286
55.85,-0.36407497420448187,-0.36407497420448187,-0.07800571635738597,0.0257764109488342
55.9,-0.2510997341848116,-0.2510997341848116,-0.07324949099692515,0.015197940944152069
55.95,-0.09513535508656346,-0.09513535508656346,-0.07339129564225831,0.0008069730636664055
56.0,0.02591394153424827,0.02591394153424827,-0.06908384944467762,-0.013640842388005957
56.05,0.09975923601478025,0.09975923601478025,-0.05872316870856687,-0.02502287059645542
56.1,0.23591587186357588,0.23591587186357588,-0.05495340676017959,-0.032248555356119854
56.15,0.26739429285211125,0.26739429285211125,-0.03860671940573592,-0.03167022962633002
56.2,0.43761252373750087,0.43761252373750087,-0.03810537950957205,-0.026492159277850286
56.25,0.47467614675360653,0.47467614675360653,-0.021545613336878173,-0.014586222787761132
56.3,0.46210702731755415,0.46210702731755415,0.001162167940456335,0.00039408666954811707
56.35,0.31138641336600126,0.31138641336600126,0.040258095492540454,0.01656594670783631
56.4,0.40706678080265446,0.40706678080265446,0.049188142962790414,0.02610343289619203
56.45,0.4179191396808985,0.4179191396808985,0.06708050214641763,0.031465786339813444
56.5,0.42707940350828916,0.42707940350828916,0.08425839565184734,0.03072628551356578
56.55,0.4110675678690664,0.4110675678690664,0.10266807465991058,0.02440825398230664
56.6,0.5569946102814729,0.5569946102814729,0.10059272990318543,0.011339856976421621
56.65,0.7227814071957293,0.7227814071957293,0.09481508505591753,-0.004319753350123116
56.7,0.7633583286579184,0.7633583286579184,0.10264207407926319,-0.017779588490568352
56.75,0.7965703361549423,0.7965703361549423,0.11073801349112411,-0.027759940925587617
56.8,0.8872990285592542,0.8872990285592542,0.1109696773642751,-0.0329343093254717
56.85,0.9318036346210384,0.9318036346210384,0.11590512178924635,-0.03092363326179561
56.9,0.8964037274445232,0.8964037274445232,0.1294175181831455,-0.021769891469434692
56.95,0.7897035067670327,0.7897035067670327,0.1501520620501017,-0.007516506219203923
57.0,0.8020148968944253,0.8020148968944253,0.1553134189584786,0.006444818460278133
57.05,0.7809080744515268,0.7809080744515268,0.16306238810417295,0.01898887240118003
57.1,0.5514475705371991,0.5514475705371991,0.19364048266425263,0.029679550545696463
57.15,0.5753927638290167,0.5753927638290167,0.19185033866765203,0.03067884778715584
57.2,0.7111641613411699,0.7111641613411699,0.17436964133719898,0.023559621450616162
57.25,0.6396972468497047,0.6396972468497047,0.17967329979025937,0.013732717432873057
57.3,0.735802623035409,0.735802623035409,0.1635707223726094,-0.001318312863071796
57.35,0.8106592782591663,0.8106592782591663,0.14861421677656944,-0.015935221198986344
57.4,0.6873912338164134,0.6873912338164134,0.15593282920315601,-0.02467855026129156
57.45,0.7320271701269913,0.7320271701269913,0.14245984361418423,-0.030133595461927606
57.5,0.7088224284778775,0.7088224284778775,0.1360603431252968,-0.02827156364829898
57.55,0.5735760929650139,0.5735760929650139,0.14236856376165963,-0.019062133390776084
57.6,0.5691212166002455,0.5691212166002455,0.1318321034193555,-0.007556864056374622
57.65,0.3727245165432712,0.3727245165432712,0.14326435374052499,0.007749123726574038
57.7,0.25225388878836036,0.25225388878836036,0.1444283378655246,0.020215420531470508
57.75,0.15196857608756603,0.15196857608756603,0.1415520124583464,0.027826710399184496
57.8,0.07061964197474115,0.07061964197474115,0.1347623427450283,0.028947995895185083
57.85,0.049465121892436854,0.049465121892436854,0.11950652511939273,0.02284761349420307
57.9,-0.06621377894730922,-0.06621377894730922,0.1140258898558032,0.012803357290106886
57.95,-0.014955185492853863,-0.014955185492853863,0.08750522123367467,-0.002220124280687387
58.0,0.07488248238881742,0.07488248238881742,0.055817616716018426,-0.017388613362015085
58.05,0.07720862236153936,0.07720862236153936,0.034184816314269985,-0.027892741245444656
58.1,-0.04327419337229593,-0.04327419337229593,0.027750807551557052,-0.03098467111563062
58.15,-0.06481400699124946,-0.06481400699124946,0.00989769235894146,-0.028665888357361738
58.2,-0.17611192925476266,-0.17611192925476266,0.0030793482932206895,-0.019010794966188824
58.25,-0.16587815799837927,-0.16587815799837927,-0.017832923474911003,-0.0066688553441548405
58.3,-0.3297780155734911,-0.3297780155734911,-0.017044889849610338,0.009453439656157771
58.35,-0.45250904757265425,-0.45250904757265425,-0.021064895467932172,0.02339838885791961
58.4,-0.4890658667268333,-0.4890658667268333,-0.03456477020381346,0.03183736845376289
58.45,-0.6478908380204761,-0.6478908380204761,-0.03338544164968042,0.035683134687199414
58.5,-0.7200862472654423,-0.7200862472654423,-0.04215048415276762,0.03155505872943438
58.55,-0.7042736895273376,-0.7042736895273376,-0.06116893831578078,0.020265247298020185
58.6,-0.7555405643689587,-0.7555405643689587,-0.07174493074297524,0.00604705816897505
58.65,-0.7299973816300989,-0.7299973816300989,-0.0906060709008997,-0.009971703512251053
58.7,-0.6807674898595221,-0.6807674898595221,-0.11130332880131504,-0.023906410975016182
58.75,-0.6048331319476353,-0.6048331319476353,-0.1339112534717704,-0.033151917727084784
58.8,-0.6705775811750727,-0.6705775811750727,-0.13801889237631138,-0.034009823607401866
58.85,-0.6272318456722038,-0.6272318456722038,-0.1534335103759408,-0.029693363739553568
58.9,-0.6918943319959667,-0.6918943319959667,-0.15411151685713462,-0.018543657041326805
58.95,-0.6841238035879889,-0.6841238035879889,-0.1614526346445511,-0.005097574374525888
59.0,-0.9022152259330497,-0.9022152259330497,-0.1405543443828942,0.011835029915105301
59.05,-0.8649596468414342,-0.8649596468414342,-0.14864697943607436,0.02313882302491701
59.1,-0.9719051008900974,-0.9719051008900974,-0.13860104603462198,0.0317879722061532
59.15,-0.983928655961138,-0.983928655961138,-0.1388018371786781,0.03325930750066815
59.2,-0.9816419237894213,-0.9816419237894213,-0.14002742933958487,0.028370698096856564
59.25,-0.8539825282989697,-0.8539825282989697,-0.15504710886948017,0.016650274220509884
59.3,-0.7382676032851069,-0.7382676032851069,-0.16757187992107658,0.002007339025983849
59.35,-0.6973919251830698,-0.6973919251830698,-0.16967582146307353,-0.011853682499519975
59.4,-0.5136114251396506,-0.5136114251396506,-0.18691783211861804,-0.024696613367138007
59.45,-0.4662558724139232,-0.4662558724139232,-0.1859128010854068,-0.03025643431607889
59.5,-0.39285461630978014,-0.39285461630978014,-0.1856075611979504,-0.02931317471466267
59.55,-0.44258975034355935,-0.44258975034355935,-0.16867391052964076,-0.020149033746375857
59.6,-0.3853235127854529,-0.3853235127854529,-0.16288077810607607,-0.0075444748346154295
59.65,-0.4856191612986274,-0.4856191612986274,-0.13639116104714816,0.009097094198214108
59.7,-0.5606221723032437,-0.5606221723032437,-0.11206350280827176,0.0239289983000744
59.75,-0.38109900595770413,-0.38109900595770413,-0.11749535204560506,0.0307945584062091
59.8,-0.48026785295385066,-0.48026785295385066,-0.08900260583031483,0.034620380289428015
59.85,-0.34143218328757896,-0.34143218328757896,-0.08882380315475213,0.027989321863170026
59.9,-0.30311426409758924,-0.30311426409758924,-0.07601097705117518,0.016418025858182177
59.95,-0.21026623956556617,-0.21026623956556617,-0.0697357441439462,0.00040133882918356886
60.0,0.03786451372721013,0.03786451372721013,-0.08159917916721227,-0.017944234425988293
60.05,0.1396046355284975,0.1396046355284975,-0.07516753723651157,-0.03104559178864824
60.1,0.28603669099662055,0.28603669099662055,-0.07323540102946316,-0.03851488459841448
60.15,0.31838863486975233,0.31838863486975233,-0.05679012024363054,-0.03675078750664519
60.2,0.35887395608688855,0.35887395608688855,-0.04078478806829018,-0.027590292160536236
60.25,0.5079032636914312,0.5079032636914312,-0.03694105674136096,-0.014200807368274879
60.3,0.38668630003896026,0.38668630003896026,-0.0003485391432461002,0.005350114500516843
60.35,0.4792649144043845,0.4792649144043845,0.010599720501844205,0.021055471228852707
60.4,0.3204491866585799,0.3204491866585799,0.051101631394384325,0.03559800101544052
60.45,0.36774755899977274,0.36774755899977274,0.06587447193698416,0.04045284839695143
60.5,0.37471195400153,0.37471195400153,0.0844188825307002,0.03780718903228857
60.55,0.43266745192600753,0.43266745192600753,0.09536003773399905,0.02705272867945166
60.6,0.5010203079165074,0.5010203079165074,0.10363840286506798,0.01081447425978081
60.65,0.7247289225470218,0.7247289225470218,0.09197820526712613,-0.009580582118687118
60.7,0.7166648361810198,0.7166648361810198,0.10673951940198681,-0.02536483138079677
60.75,0.8014896670650989,0.8014896670650989,0.10939333093051307,-0.03750907671308711
60.8,0.8750604562420721,0.8750604562420721,0.11253547647604784,-0.0423313802258891
60.85,0.9648163375752961,0.9648163375752961,0.11268611905621223,-0.03930438805056419
60.9,0.9110641851135689,0.9110641851135689,0.12899883302755813,-0.027131744902424534
60.95,0.9613661443477005,0.9613661443477005,0.13184798465255856,-0.011411907715987176
61.0,0.8370175375736333,0.8370175375736333,0.1544352079176415,0.008133838952744492
61.05,0.6715607515219658,0.6715607515219658,0.18036764162739066,0.025975331578204027
61.1,0.6842720540990614,0.6842720540990614,0.1826006859955281,0.03595265573662789
61.15,0.5097987025196289,0.5097987025196289,0.2054262616444435,0.040834454626104244
61.2,0.6021471564400734,0.6021471564400734,0.1936905407122122,0.03418481317513162
61.25,0.6257616774024061,0.6257616774024061,0.18814280957678894,0.021604933204881382
61.3,0.6504292682300139,0.6504292682300139,0.1804061132580783,0.004738305007178648
61.35,0.6422601816435489,0.6422601816435489,0.1747529042513388,-0.012570762773548948
61.4,0.6854035039794344,0.6854035039794344,0.1615726444680089,-0.02782965737962316
61.45,0.7322386801880676,0.7322386801880676,0.14663719747508605,-0.037378441775090414
61.5,0.6527264294818315,0.6527264294818315,0.14589419536179138,-0.03777555412865562
61.55,0.6153369640620303,0.6153369640620303,0.13907118080331204,-0.031202210650546833
61.6,0.5718013418922342,0.5718013418922342,0.13216390694735144,-0.018568873866834226
61.65,0.48727232156049793,0.48727232156049793,0.12944347895663902,-0.0021392853162421335
61.7,0.375305130350869,0.375305130350869,0.12882192040497334,0.01455575777697605
61.75,0.233406642744132,0.233406642744132,0.13081804913312153,0.028234337379770363
61.8,0.017504160207316544,0.017504160207316544,0.14017870004940788,0.03684134083506556
61.85,0.08917852716917896,0.08917852716917896,0.11395506699276813,0.03428311796936449
61.9,-0.0798226291947051,-0.0798226291947051,0.11529053116744183,0.027788336791117942
61.95,-0.032558974623126395,-0.032558974623126395,0.08969714631592379,0.013137808617443226
62.0,-0.00045385636255165605,-0.00045385636255165605,0.06512564922844916,-0.0036578380935694595
62.05,-0.046633349485319345,-0.046633349485319345,0.049904546597835255,-0.018324664013937113
62.1,0.00044196670674671087,0.00044196670674671087,0.02331711614304326,-0.03006445757155595
62.15,-0.05878460736190906,-0.05878460736190906,0.009823535624123445,-0.03419691148576055
62.2,-0.14781574080499463,-0.14781574080499463,0.0005847230108098611,-0.031039974688920963
62.25,-0.26456786749990036,-0.26456786749990036,-0.005182825083197104,-0.021366842614369826
62.3,-0.35380121480801574,-0.35380121480801574,-0.013481777924995633,-0.007854415281534154
62.35,-0.4694800714288414,-0.4694800714288414,-0.01842518376948691,0.007436931189825398
62.4,-0.5674432556489573,-0.5674432556489573,-0.025336935141217203,0.02083132306047727
62.45,-0.6504271309538147,-0.6504271309538147,-0.033866646324869604,0.029567944406524927
62.5,-0.8152993893251615,-0.8152993893251615,-0.03231667716572489,0.03303243258714019
62.55,-0.7837293012083029,-0.7837293012083029,-0.054085038091045944,0.027087598310707638
62.6,-0.7610750916144686,-0.7610750916144686,-0.0745789055833764,0.015622700381436835
62.65,-0.7307704936972828,-0.7307704936972828,-0.09517355228074655,0.0009973664514876623
62.7,-0.6664040558948642,-0.6664040558948642,-0.11858290149189396,-0.013834903802643638
62.75,-0.595118559930057,-0.595118559930057,-0.14147795947209554,-0.025256223592148293
62.8,-0.5397600427601094,-0.5397600427601094,-0.1602446806314653,-0.030498185753959565
62.85,-0.5941022901521542,-0.5941022901521542,-0.16372588725879492,-0.027269036273462634
62.9,-0.6661580102330354,-0.6661580102330354,-0.16298313704223077,-0.017406064911631398
62.95,-0.7734646786104483,-0.7734646786104483,-0.15615101452740193,-0.002794461419437789
63.0,-0.8324916721828323,-0.8324916721828323,-0.15309679503342077,0.012415764356425588
63.05,-0.8884000555323252,-0.8884000555323252,-0.14931589086839026,0.025523653994967737
63.1,-0.8554142003518352,-0.8554142003518352,-0.15460091128590608,0.03255889448636708
63.15,-0.9174093056407814,-0.9174093056407814,-0.1476125683000803,0.034124502656691105
63.2,-0.863750491219973,-0.863750491219973,-0.15337932472632249,0.027084124443835112
63.25,-0.7966588468092133,-0.7966588468092133,-0.159550290628888,0.01404820851873876
63.3,-0.7731420221903945,-0.7731420221903945,-0.15920855267868644,-0.0015922775831802864
63.35,-0.7011478431249206,-0.7011478431249206,-0.16323848343030806,-0.017632373104971916
63.4,-0.5762339092389044,-0.5762339092389044,-0.17176844186875892,-0.03067162466936974
63.45,-0.49613465808524637,-0.49613465808524637,-0.17369878784698797,-0.03673085250468252
63.5,-0.5152817643834399,-0.5152817643834399,-0.16201757958594137,-0.033874124924983734
63.55,-0.3985352012341663,-0.3985352012341663,-0.1647209818856318,-0.02574045549649091
63.6,-0.33396121348456675,-0.33396121348456675,-0.15986105260429176,-0.011961951528374851
63.65,-0.44859872943070334,-0.44859872943070334,-0.13187232030046428,0.005963641386380541
63.7,-0.48343789856474284,-0.48343789856474284,-0.11267039318615675,0.021157854219065627
63.75,-0.46759899647666736,-0.46759899647666736,-0.09891417136044656,0.031115420984032846
63.8,-0.3538571945016148,-0.3538571945016148,-0.09647663477268496,0.03352685883483168
63.85,-0.32804083121596966,-0.32804083121596966,-0.0828987354533501,0.03053369846832887
63.9,-0.24262769919170407,-0.24262769919170407,-0.07641661708112762,0.021186208495630913
63.95,-0.1005204435745194,-0.1005204435745194,-0.07630006173356318,0.007584958595483076
64.0,0.010666775131954664,0.010666775131954664,-0.07202473672735517,-0.006408768633408485
64.05,0.12333223845741276,0.12333223845741276,-0.0669391274756155,-0.0184475765613043
64.1,0.21464772313059477,0.21464772313059477,-0.05891044402484894,-0.02591185414755782
64.15,0.2329943997405461,0.2329943997405461,-0.04146729469754879,-0.026706603404521967
64.2,0.3607683486422477,0.3607683486422477,-0.03641442176095247,-0.02302515953945033
64.25,0.32398860731983625,0.32398860731983625,-0.011585604651348048,-0.012385681149870625
64.3,0.4529008685107477,0.4529008685107477,-0.006438769328137995,-0.0013912401863813832
64.35,0.4285402741139046,0.4285402741139046,0.017053716446395025,0.011300487332394105
64.4,0.34575236229858763,0.34575236229858763,0.04705966580052507,0.021655555116638022
64.45,0.34634805050748263,0.34634805050748263,0.06642074204420759,0.025767789020977094
64.5,0.41301209765030633,0.41301209765030633,0.07639539393018525,0.023108320463173494
64.55,0.4285596479224988,0.4285596479224988,0.09124611896711143,0.015843176987431415
64.6,0.6071099305723062,0.6071099305723062,0.08540366770297088,0.002955224618230411
64.65,0.6195551155319148,0.6195551155319148,0.09815594935469207,-0.008715712829941989
64.7,0.7111937831132816,0.7111937831132816,0.10056774396213322,-0.019810640060035484
64.75,0.9435520254363011,0.9435520254363011,0.08523261057875882,-0.028938626810277243
64.8,0.9914819835119809,0.9914819835119809,0.0913130571245507,-0.03037797777161685
64.85,0.9130600285743214,0.9130600285743214,0.11221040605930835,-0.024580747045727932
64.9,0.9099472221660502,0.9099472221660502,0.12317575335250011,-0.015027793885179757
64.95,0.8969045961137821,0.8969045961137821,0.13421764551345486,-0.002293463285004596
65.0,0.8115948020609077,0.8115948020609077,0.1528466095809832,0.012082388927134978
65.05,0.7080979078229056,0.7080979078229056,0.1719421166267053,0.024635402188216825
65.1,0.6202056027174032,0.6202056027174032,0.187213913292917,0.03232913763843721
65.15,0.6769413092480475,0.6769413092480475,0.18282726904691177,0.03174178422652607
65.2,0.6732540013093857,0.6732540013093857,0.18389363094463573,0.02521296085354624
65.25,0.6298525273893997,0.6298525273893997,0.18735408493476544,0.01357753775317891
65.3,0.5923477157898228,0.5923477157898228,0.18806304250571204,-0.001386030156846389
65.35,0.6626265118533652,0.6626265118533652,0.1739373654126296,-0.017792163611333494
65.4,0.6993886187322877,0.6993886187322877,0.16239053406104673,-0.030428920865346012
65.45,0.7004829230252865,0.7004829230252865,0.1534761525715724,-0.03665079964951781
65.5,0.7348953283045911,0.7348953283045911,0.13954613849197933,-0.036126451528424065
65.55,0.6382513763182287,0.6382513763182287,0.14039284280416714,-0.027085393586667558
65.6,0.5033479019416309,0.5033479019416309,0.1446538727653415,-0.012643154320705194
65.65,0.4397788292590778,0.4397788292590778,0.13928298745495063,0.0028983285075455385
65.7,0.2759559400276583,0.2759559400276583,0.1444892139876975,0.018645096646613898
65.75,0.16054623251428507,0.16054623251428507,0.14279782168250402,0.029770192397684386
65.8,0.05748259044818934,0.05748259044818934,0.13795274699960225,0.034693589199851764
65.85,0.09911052271176879,0.09911052271176879,0.11433152726103928,0.030911313661798747
65.9,-0.06378618136130618,-0.06378618136130618,0.11397900656097484,0.023673807845919916
65.95,0.0324985224561662,0.0324985224561662,0.08183062393236426,0.008788781601644634
66.0,0.06343753469532236,0.06343753469532236,0.05687307928758774,-0.006673826034197979
66.05,0.02757632955377429,0.02757632955377429,0.039944660759946224,-0.019615385554626767
66.1,-0.04018753001508343,-0.04018753001508343,0.026774824566371355,-0.027784078181564514
66.15,0.016082343897006565,0.016082343897006565,-0.00036942509249555787,-0.031358597389220325
66.2,-0.08964297978619136,-0.08964297978619136,-0.007640348366042987,-0.026024807476165514
66.25,-0.2789095435161275,-0.2789095435161275,-0.004176337923371012,-0.013893863898131409
66.3,-0.31652735702390944,-0.31652735702390944,-0.01845706489909817,-0.0005108868244808866
66.35,-0.4452871064548745,-0.4452871064548745,-0.0213255026721419,0.014128938289829841
66.4,-0.531392886963112,-0.531392886963112,-0.028986548951798245,0.025017642445093174
66.45,-0.69362582666861,-0.69362582666861,-0.02746416391632821,0.03115719289440476
66.5,-0.6744590117216243,-0.6744590117216243,-0.04731211552076267,0.02801698160899167
66.55,-0.730701065191577,-0.730701065191577,-0.05790125105298249,0.01959113077266281
66.6,-0.7626980935383555,-0.7626980935383555,-0.07077407946989267,0.006675306795702198
66.65,-0.6511050306916697,-0.6511050306916697,-0.10038644454295986,-0.009298782676232173
66.7,-0.6410055405117772,-0.6410055405117772,-0.1164464656894725,-0.021899371245670964
66.75,-0.6227584788336817,-0.6227584788336817,-0.13198800969582233,-0.029881973504116487
66.8,-0.6144308647563596,-0.6144308647563596,-0.1449800270425804,-0.03137534787735962
66.85,-0.7392065501040087,-0.7392065501040087,-0.14013985245336436,-0.024505558070788008
66.9,-0.6352285355892916,-0.6352285355892916,-0.160628419017304,-0.015178445801784778
66.95,-0.8134591283308945,-0.8134591283308945,-0.14618942551011438,0.0010261898675018725
67.0,-0.6772727884403962,-0.6772727884403962,-0.1674209555103055,0.013303605983128
67.05,-0.889431714717231,-0.889431714717231,-0.14565607709269618,0.02741040076175335
67.1,-0.959277238718643,-0.959277238718643,-0.13944709331280594,0.034487966970918486
67.15,-0.9540858692435319,-0.9540858692435319,-0.14143544429920835,0.03411055228247011
67.2,-0.9484803720801652,-0.9484803720801652,-0.14265378797529904,0.027374194382347106
67.25,-0.7919572989442785,-0.7919572989442785,-0.160664566516848,0.013762090917720494
67.3,-0.7701190664634262,-0.7701190664634262,-0.1613863763888263,-0.0004791031177105694
67.35,-0.6364731087351742,-0.6364731087351742,-0.1739017309469582,-0.015590119817018896
67.4,-0.5947396688375878,-0.5947396688375878,-0.17380043527913028,-0.026003955504320483
67.45,-0.5067655383285612,-0.5067655383285612,-0.17743068978492907,-0.03140527833115486
67.5,-0.4997404875538697,-0.4997404875538697,-0.1693080077499073,-0.02920094601178529
67.55,-0.37254351253945817,-0.37254351253945817,-0.17401271581517175,-0.022475661395738415
67.6,-0.2699900178701868,-0.2699900178701868,-0.17372263578392538,-0.01100566840932831
67.65,-0.4304233409945405,-0.4304233409945405,-0.1402192522996352,0.005715477724198993
67.7,-0.42070709564430786,-0.42070709564430786,-0.12591775128179422,0.01897646423757535
67.75,-0.4635244731775725,-0.4635244731775725,-0.10464184336870097,0.02902542575982208
67.8,-0.423403416579877,-0.423403416579877,-0.09254547345420067,0.03224230562145094
67.85,-0.3888165023761516,-0.3888165023761516,-0.07953386290934943,0.029110731097212593
67.9,-0.2704495454779048,-0.2704495454779048,-0.0765459874470168,0.019095388835959567
67.95,-0.08085403743901218,-0.08085403743901218,-0.08152155707480087,0.00424541115224137
68.0,0.03849338461899856,0.03849338461899856,-0.07784162171808136,-0.01078094479087373
68.05,0.19896682895076923,0.19896682895076923,-0.07817264493730017,-0.024298078152434566
68.1,0.20814044673568322,0.20814044673568322,-0.059420114126428294,-0.030992173343300462
68.15,0.24924185716093278,0.24924185716093278,-0.044220020572940756,-0.03158172561717725
68.2,0.3114232348567344,0.3114232348567344,-0.030908231950993605,-0.02574558736570997
68.25,0.40565930739767997,0.40565930739767997,-0.020997720391378653,-0.0149595980131947
68.3,0.41444754943386797,0.41444754943386797,-0.001071417861961538,-0.0001825089897467809
68.35,0.36781557964601314,0.36781557964601314,0.025595784477744174,0.015077975234406299
68.4,0.3845965394008551,0.3845965394008551,0.043950312687475686,0.026209872546916525
68.45,0.3561846240493386,0.3561846240493386,0.06676410984766727,0.03227019216579015
68.5,0.4528822478107589,0.4528822478107589,0.07346457446282263,0.029839940938765335
68.55,0.47754908403899005,0.47754908403899005,0.08739548556196454,0.021870166772187286
68.6,0.5384472238428806,0.5384472238428806,0.09596346940474297,0.008798176416661172
68.65,0.7707066507779881,0.7707066507779881,0.08289674456794205,-0.008161293935064094
68.7,0.7626759354985568,0.7626759354985568,0.09752126808612041,-0.02022525828438153
68.75,0.911437225352665,0.911437225352665,0.0925933975812414,-0.029785984031779095
68.8,0.9130365593495594,0.9130365593495594,0.10466936157633254,-0.031205006610151714
68.85,0.8846407944492928,0.8846407944492928,0.11965950613674137,-0.025907789961167008
68.9,0.8929827798275787,0.8929827798275787,0.1292737419463267,-0.016061993596369485
68.95,0.7653528368379191,0.7653528368379191,0.15369619693563402,-0.0016574833327999184
69.0,0.7114694905301142,0.7114694905301142,0.1678576183516265,0.011755681287046568
69.05,0.7787178703162974,0.7787178703162974,0.16548366297274247,0.02079827529478586
69.1,0.6607828159534395,0.6607828159534395,0.18334739022177518,0.027316189526603057
69.15,0.6325864142100737,0.6325864142100737,0.18862973730592067,0.026484560381653404
69.2,0.5957502158135616,0.5957502158135616,0.19245578099184987,0.019685886983797213
69.25,0.5635066511997231,0.5635066511997231,0.1935675706301379,0.008187997616585075
69.3,0.6995051185531412,0.6995051185531412,0.1725673305596558,-0.00758099796005104
69.35,0.753020713426703,0.753020713426703,0.15972146843326,-0.021100961538084353
69.4,0.7788187059718489,0.7788187059718489,0.14869391559612108,-0.030052536620233418
69.45,0.7785953084218934,0.7785953084218934,0.14013800189206044,-0.03241674273465422
69.5,0.6998577842770606,0.6998577842770606,0.14018581399636074,-0.02699457249060107
69.55,0.7427424226230523,0.7427424226230523,0.12494105474513093,-0.017491285809197295
69.6,0.5405617516210226,0.5405617516210226,0.13806623017564984,-0.0013863745556067333
69.65,0.38867395250747316,0.38867395250747316,0.14417839271247745,0.014413392434830653
69.7,0.3663050016839894,0.3663050016839894,0.13383893580483536,0.02581979283894305
69.75,0.1702327012308951,0.1702327012308951,0.14271036111669172,0.034361671922660854
69.8,0.15339399244419272,0.15339399244419272,0.1290188176758011,0.0339462584990629
69.85,0.13768736411413457,0.13768736411413457,0.11372978496083529,0.026825993848165863
69.9,-0.009937188390551771,-0.009937188390551771,0.1130666370137414,0.01600269072565135
69.95,-0.12547492109953975,-0.12547492109953975,0.1073317707350523,0.0015821476367178606
70.0,0.0014680039072225302,0.0014680039072225302,0.07195115188963219,-0.016236660907652512
70.05,0.038677249923065544,0.038677249923065544,0.04648368804870294,-0.029910384363244422
70.1,-0.017495300823920965,-0.017495300823920965,0.03223065101029979,-0.03677372361941794
70.15,-0.07743808967785423,-0.07743808967785423,0.018559591107688865,-0.0365634970957273
70.2,-0.13376379884120895,-0.13376379884120895,0.004859363849001978,-0.02939766272115139
70.25,-0.22203212643721817,-0.22203212643721817,-0.004518611865780856,-0.016314456543892474
70.3,-0.36914859140651385,-0.36914859140651385,-0.006652364225443316,0.0003315321073605913
70.35,-0.4717530345051526,-0.4717530345051526,-0.01392819984248389,0.0158985329122036
70.4,-0.5164597574999388,-0.5164597574999388,-0.027813732011983276,0.02719922291455618
70.45,-0.6767151416573811,-0.6767151416573811,-0.027619916874471184,0.03441653459644384
70.5,-0.7931035546154195,-0.7931035546154195,-0.032362346177929005,0.03453910619154159
70.55,-0.7797022592087043,-0.7797022592087043,-0.05267491155391543,0.02680346681184567
70.6,-0.7779592509040293,-0.7779592509040293,-0.07118974676088381,0.014620175017300754
70.65,-0.7591454102605321,-0.7591454102605321,-0.09102486033118913,2.6273385306538883e-05
70.7,-0.5261425874028396,-0.5261425874028396,-0.13501504955292382,-0.016636763853451145
70.75,-0.6418336372194465,-0.6418336372194465,-0.13597335267386512,-0.02508924539699639
70.8,-0.5715866757204953,-0.5715866757204953,-0.1569690675869259,-0.030244533684817696
70.85,-0.6264480777772348,-0.6264480777772348,-0.16063003378916724,-0.02707487338605574
70.9,-0.7612197466231613,-0.7612197466231613,-0.15296569549316472,-0.0166806888088565
70.95,-0.6785692844688762,-0.6785692844688762,-0.16918924213919834,-0.004889480459966878
71.0,-0.8291759778655015,-0.8291759778655015,-0.15596120274407238,0.011279530158013477
71.05,-0.8763285975917258,-0.8763285975917258,-0.15360873256817323,0.0240166461489455
71.1,-0.9443294926992399,-0.9443294926992399,-0.14727380531659168,0.032001816587241404
71.15,-0.9664189475161863,-0.9664189475161863,-0.14538752381135397,0.032602737663241385
71.2,-0.9139742394748304,-0.9139742394748304,-0.15152611266051277,0.025309870767514082
71.25,-0.8484745526894217,-0.8484745526894217,-0.15805252021857338,0.012401941115808496
71.3,-0.7263111237319412,-0.7263111237319412,-0.17025222708524046,-0.004033781949087187
71.35,-0.7145338294836702,-0.7145338294836702,-0.1674949358065823,-0.01851429763878981
71.4,-0.542297282220566,-0.542297282220566,-0.1823113906584815,-0.03130277170041653
71.45,-0.43094054170962015,-0.43094054170962015,-0.18789756478407565,-0.036870575851846416
71.5,-0.4048541828494598,-0.4048541828494598,-0.18139092662577203,-0.033680489304510154
71.55,-0.3507794961183173,-0.3507794961183173,-0.17601957779373498,-0.023759358827703962
71.6,-0.44727256678386523,-0.44727256678386523,-0.15113660092901074,-0.0069170043798690494
71.65,-0.45224831605098226,-0.45224831605098226,-0.13553813625524525,0.01037131235401086
71.7,-0.4449884508947966,-0.4449884508947966,-0.12058352200779367,0.025536908448231598
71.75,-0.38810870217425625,-0.38810870217425625,-0.11078162955277124,0.03501951776633862
71.8,-0.41027054557934334,-0.41027054557934334,-0.09100870825077687,0.03857967752764292
71.85,-0.3370910575126622,-0.3370910575126622,-0.08252532271014457,0.03343554236159219
71.9,-0.22228806716337307,-0.22228806716337307,-0.07850679276273478,0.021341112734570882
71.95,-0.1475125964778975,-0.1475125964778975,-0.06949455424200517,0.00574557950431576
72.0,0.00619486485593157,0.00619486485593157,-0.06961037297413677,-0.011683785937681816
72.05,0.12286912852542634,0.12286912852542634,-0.064560051214837,-0.025943658102138688
72.1,0.14148073148730061,0.14148073148730061,-0.04753461285056911,-0.033316294745346996
72.15,0.41049212595469986,0.41049212595469986,-0.05984355597713474,-0.03671578382950456
72.2,0.3985995267839739,0.3985995267839739,-0.03781898148979192,-0.029110589258453543
72.25,0.506722970300736,0.506722970300736,-0.029582795246058145,-0.017395428980877595
72.3,0.4339836559943939,0.4339836559943939,0.000647501514331906,-0.0004474397385887063
72.35,0.33999018568850986,0.33999018568850986,0.03312904387097969,0.016270700553064416
72.4,0.3532291004925102,0.3532291004925102,0.05206731066391142,0.02789580932225484
72.45,0.2926134819677441,0.2926134819677441,0.07892911308986889,0.03447000159399723
72.5,0.34073458026053577,0.34073458026053577,0.09104338787017244,0.032493458520640846
72.55,0.4213279146266812,0.4213279146266812,0.09797776622473495,0.023342956040488107
72.6,0.5466423636149247,0.5466423636149247,0.09780934375484006,0.008647481172895535
72.65,0.6488241233175229,0.6488241233175229,0.09928102898609183,-0.007883193992312186
72.7,0.7922638424152669,0.7922638424152669,0.09473967877680187,-0.023824538066438836
72.75,0.726663200428119,0.726663200428119,0.1142249627934962,-0.0328362280693094
72.8,0.8419391382704042,0.8419391382704042,0.11126225183286897,-0.03780494365619148
72.85,0.999335433719796,0.999335433719796,0.10225824219072333,-0.035844395664346336
72.9,0.9020026766805347,0.9020026766805347,0.12301162960415925,-0.023534790932972054
72.95,0.8991663860879541,0.8991663860879541,0.13151552887058657,-0.0076108500722260625
73.0,0.81348345218807,0.81348345218807,0.14892748967377395,0.01091716226548326
73.05,0.81191824016248,0.81191824016248,0.1548130069304299,0.026105938693745
73.1,0.7012011004882099,0.7012011004882099,0.17226597123109588,0.03721554737964466
73.15,0.5681139255838865,0.5681139255838865,0.19057250717114424,0.04099019274067016
73.2,0.6496392000316836,0.6496392000316836,0.18083211318652237,0.03386430675129053
73.25,0.6509996738453723,0.6509996738453723,0.17877603999994,0.021078223505866096
73.3,0.6741084037768418,0.6741084037768418,0.1724788538149157,0.004065228580771704
73.35,0.6449397286477385,0.6449397286477385,0.17079771120990073,-0.01272983971227204
73.4,0.7111353544720895,0.7111353544720895,0.15624369238716607,-0.027858540843796114
73.45,0.7432073910674406,0.7432073910674406,0.14445059762483026,-0.03700473574702148
73.5,0.8333604259763336,0.8333604259763336,0.12503009432569864,-0.03995704824320912
73.55,0.6934259840274131,0.6934259840274131,0.13212798863747482,-0.032856049701400554
73.6,0.5581183414888675,0.5581183414888675,0.13809966267128818,-0.020064303191184987
73.65,0.3386985604952554,0.3386985604952554,0.15280146230054298,-0.002821474292270982
73.7,0.39794446744463974,0.39794446744463974,0.13285562089499273,0.011035322435407493
73.75,0.16655336188007153,0.16655336188007153,0.14626767421317857,0.025817324169116983
73.8,0.16204205363208535,0.16204205363208535,0.13122313320940862,0.03203099181865115
73.85,0.08656657037770084,0.08656657037770084,0.12272676498614309,0.03207399321079648
73.9,-0.058103040124095624,-0.058103040124095624,0.12154785391903365,0.025978690256468817
73.95,0.05220401424303058,0.05220401424303058,0.08841427072734402,0.011191399570893832
74.0,-0.05081770907589646,-0.05081770907589646,0.08025980962582564,-0.003085306026296238
74.05,0.012570338724477794,0.012570338724477794,0.051606130467912785,-0.01828860364663566
74.1,-0.0373519312803614,-0.0373519312803614,0.03640591739080065,-0.027584197549178464
74.15,-0.1404964827001074,-0.1404964827001074,0.027766459218068456,-0.02978197983375651
74.2,-0.13710430334066037,-0.13710430334066037,0.006384887056302474,-0.02653775902231106
74.25,-0.2733791071453882,-0.2733791071453882,0.002176254619745566,-0.015692166045199938
74.3,-0.17526814460746096,-0.17526814460746096,-0.02962306073268497,-0.004481722815402961
74.35,-0.4083122632270647,-0.4083122632270647,-0.021280584015485285,0.011541369520152936
74.4,-0.5830939063723973,-0.5830939063723973,-0.019524954879837197,0.02423054696125801
74.45,-0.659990032523889,-0.659990032523889,-0.028988006243696685,0.030702724694433456
74.5,-0.6662012139284749,-0.6662012139284749,-0.04679779634246336,0.030151352975004854
74.55,-0.6488262396551668,-0.6488262396551668,-0.06701311035298087,0.023411368104429776
74.6,-0.8005352346892962,-0.8005352346892962,-0.06652196590974369,0.014465374826316947
74.65,-0.6675578110221672,-0.6675578110221672,-0.09904181228148305,-0.0003492820180856387
74.7,-0.6424492539393797,-0.6424492539393797,-0.1174566110082908,-0.013200901190120658
74.75,-0.5959298365195846,-0.5959298365195846,-0.13681404888861773,-0.02334058334000641
74.8,-0.6809272132464712,-0.6809272132464712,-0.13897617210016788,-0.02697524474430108
74.85,-0.6820000636465084,-0.6820000636465084,-0.1489581264371332,-0.026061440514223662
74.9,-0.5894739637317055,-0.5894739637317055,-0.16857232835001137,-0.02088769804377121
74.95,-0.6492935734947766,-0.6492935734947766,-0.1676443788941575,-0.009515889134504131
75.0,-0.7859392893230429,-0.7859392893230429,-0.15606424554405443,0.004722583743275972
75.05,-0.9513317042752146,-0.9513317042752146,-0.13945589161266825,0.01834135823835253
75.1,-0.9792487944039971,-0.9792487944039971,-0.13811751934877028,0.026525709139269958
75.15,-0.9641391128260516,-0.9641391128260516,-0.14096839838434805,0.028735647787779515
75.2,-0.944103004126517,-0.944103004126517,-0.14396820547935377,0.02488941348720747
75.25,-0.8810081834882761,-0.8810081834882761,-0.15107942930543353,0.015211086356489665
75.3,-0.7260495309490447,-0.7260495309490447,-0.16789579789545936,0.00102889079923312
75.35,-0.6684810021222727,-0.6684810021222727,-0.17153273691695747,-0.012317340300278425
75.4,-0.5517669553991361,-0.5517669553991361,-0.18064583318795438,-0.02380727087807437
75.45,-0.46160382320476057,-0.46160382320476057,-0.1845641683436224,-0.029730700431392927
75.5,-0.39892624214855027,-0.39892624214855027,-0.18308653675456835,-0.028647791766281336
75.55,-0.39075085529044024,-0.39075085529044024,-0.17319218202512635,-0.020324111671829695
75.6,-0.3754636622210067,-0.3754636622210067,-0.16222029691325848,-0.0071763546970222535
75.65,-0.4599416353025478,-0.4599416353025478,-0.13796612942907333,0.009493829782154059
75.7,-0.4583679400080856,-0.4583679400080856,-0.1225323439628465,0.023971627995993262
75.75,-0.3797615637948526,-0.3797615637948526,-0.11576633361165414,0.03320241421330909
75.8,-0.46477707556185915,-0.46477707556185915,-0.08890448753983744,0.03794605431347056
75.85,-0.32007783415040403,-0.32007783415040403,-0.08894756306762426,0.03204449564098177
75.9,-0.2529925064651888,-0.2529925064651888,-0.07964875403474712,0.02037398950750251
75.95,-0.07586659147008143,-0.07586659147008143,-0.08298669939577867,0.0029337181248130957
76.0,0.014584662237425846,0.014584662237425846,-0.07516359343599614,-0.014189169744086209
76.05,0.11878545651313113,0.11878545651313113,-0.06865584253384911,-0.028583379712347205
76.1,0.22862557618663984,0.22862557618663984,-0.062021859780478264,-0.03707809380573572
76.15,0.33349297689794266,0.33349297689794266,-0.0542134744544556,-0.037899182998680614
76.2,0.37951123934642855,0.37951123934642855,-0.03884374451861186,-0.030497309257817386
76.25,0.3998935387734917,0.3998935387734917,-0.01976280403461014,-0.017077057682264217
76.3,0.40894406401750377,0.40894406401750377,0.0008232808724005558,-0.0006732486809465638
76.35,0.43700211256830224,0.43700211256830224,0.018645936823167453,0.014993881343032778
76.4,0.41239010983868696,0.41239010983868696,0.04234307473224463,0.027673880130630043
76.45,0.3221429640126728,0.3221429640126728,0.07293311518707384,0.035077887389357236
76.5,0.4248589185648524,0.4248589185648524,0.0794336177970953,0.03266993574184779
76.55,0.4599598340287376,0.4599598340287376,0.09227192178025799,0.024367456427539836
76.6,0.5582563858934922,0.5582563858934922,0.096163344352299,0.01038699209129807
76.65,0.7089516128500633,0.7089516128500633,0.09281291189575178,-0.0061859645337308325
76.7,0.8169549797179734,0.8169549797179734,0.09368465339087272,-0.020782682134447186
76.75,0.7785568848242349,0.7785568848242349,0.11088771250043258,-0.029147692639447075
76.8,0.9058108606296139,0.9058108606296139,0.10750325509809915,-0.03350861492740429
76.85,0.9651194274957433,0.9651194274957433,0.11123521309263273,-0.03020950104979344
76.9,0.8303940332927217,0.8303940332927217,0.13741013602439348,-0.01847795570987941
76.95,0.8456947391650594,0.8456947391650594,0.1442424854408949,-0.005048911816531041
77.0,0.8652805767927721,0.8652805767927721,0.1490756879382673,0.009028141240069168
77.05,0.7908306749965056,0.7908306749965056,0.16401153206750704,0.02195367975062759
77.1,0.6967829621890073,0.6967829621890073,0.17919738357918646,0.030151616247391693
77.15,0.7032102178780022,0.7032102178780022,0.18027635781767043,0.030543879300501616
77.2,0.6500883609382138,0.6500883609382138,0.1868079713021939,0.025165332850699537
77.25,0.5147369476382356,0.5147369476382356,0.20077827064151824,0.015610312848004343
77.3,0.6932613757031152,0.6932613757031152,0.17520500908917486,-0.0009142275839726699
77.35,0.7338124082115293,0.7338124082115293,0.16450621166455612,-0.015411393383799989
77.4,0.7702038778651369,0.7702038778651369,0.15289766084358808,-0.026736643214248224
77.45,0.7410693038380508,0.7410693038380508,0.14788709482110005,-0.031990235307132756
77.5,0.7260921802335639,0.7260921802335639,0.14041787442899725,-0.03128189153973481
77.55,0.637577212046579,0.637577212046579,0.14051519587779038,-0.023807782141249196
77.6,0.5258836919868315,0.5258836919868315,0.1428362302316546,-0.011767087071545805
77.65,0.44428993958926677,0.44428993958926677,0.14004211833830502,0.0017818727971310932
77.7,0.27428749829810073,0.27428749829810073,0.14668314439316205,0.015717863133523864
77.75,0.22239172513624603,0.22239172513624603,0.13772549754482177,0.02481890186474631
77.8,0.129393777796272,0.129393777796272,0.13220415403283342,0.029304401253410498
77.85,0.1323577948495434,0.1323577948495434,0.11394800908669375,0.026510462616599215
77.9,0.012167266660443678,0.012167266660443678,0.1091263202083968,0.019697737441627478
77.95,0.05962378155701771,0.05962378155701771,0.0834658978200963,0.0066785247941457135
78.0,0.0015519762535487166,0.0015519762535487166,0.06970145225860222,-0.006323708560204217
78.05,-0.03654963526803609,-0.03654963526803609,0.053492752608559055,-0.017951192099977295
78.1,0.009826289660682518,0.009826289660682518,0.026961989741588557,-0.026407928847643047
78.15,0.06355645762523554,0.06355645762523554,0.00011022301921377302,-0.028990109410877974
78.2,-0.04863699109404832,-0.04863699109404832,-0.006567032583421919,-0.023121905659966323
78.25,-0.1289722598244181,-0.1289722598244181,-0.015917059746973335,-0.012624109917463388
78.3,-0.3655837865623308,-0.3655837865623308,-0.006108832135330936,0.002537210233503591
78.35,-0.5080135172572808,-0.5080135172572808,-0.00763078399573899,0.016048134403397984
78.4,-0.5627543267258209,-0.5627543267258209,-0.019040816548614215,0.02518679883170359
78.45,-0.7443440004467121,-0.7443440004467121,-0.01569063181634715,0.03075194745315144
78.5,-0.6571987320453299,-0.6571987320453299,-0.04433712587651356,0.02667076279741335
78.55,-0.8126977330888343,-0.8126977330888343,-0.04385951695549543,0.02009189009560961
78.6,-0.7631053009466152,-0.7631053009466152,-0.06778928888681242,0.006662866545311813
78.65,-0.7069474920774033,-0.7069474920774033,-0.09176154135327534,-0.008561656284728632
78.7,-0.7003210865919229,-0.7003210865919229,-0.10893510493227983,-0.02185270297026189
78.75,-0.5344058451552223,-0.5344058451552223,-0.14341923631634274,-0.033005556617599054
78.8,-0.6111528230025556,-0.6111528230025556,-0.14730896793811676,-0.03449858401751798
78.85,-0.6057773669476606,-0.6057773669476606,-0.1590411970370715,-0.02971291077511523
78.9,-0.726732825649409,-0.726732825649409,-0.15354518005928772,-0.016653268764451945
78.95,-0.7172231004857935,-0.7172231004857935,-0.16178671379613463,-0.0009827646643803224
79.0,-0.7437290569023388,-0.7437290569023388,-0.16393856276981444,0.016131457006578677
79.05,-0.8682588032014911,-0.8682588032014911,-0.15280226582787165,0.031785310328732296
79.1,-0.8554908310754277,-0.8554908310754277,-0.15660996628988047,0.03967756567655528
79.15,-0.965524511742553,-0.965524511742553,-0.14454110285799598,0.04137545855423702
79.2,-0.9735867210175051,-0.9735867210175051,-0.14368020823511124,0.033846839403092153
79.25,-0.8027745152273866,-0.8027745152273866,-0.16322455000233738,0.017813413014553334
79.3,-0.7722640698474655,-0.7722640698474655,-0.16434835050628382,0.0005572721152290914
79.35,-0.6926921895703104,-0.6926921895703104,-0.17011045130012883,-0.016826175946938988
79.4,-0.5206407777828485,-0.5206407777828485,-0.18507891476805163,-0.03157851637728148
79.45,-0.46423025877547275,-0.46423025877547275,-0.18441959094415072,-0.03847930181474721
79.5,-0.44629894061166,-0.44629894061166,-0.1769284175638124,-0.03734792552088904
79.55,-0.43434256456621434,-0.43434256456621434,-0.16718384778300896,-0.02888713084514745
79.6,-0.4185417726876025,-0.4185417726876025,-0.1559281968931723,-0.014935369313185055
79.65,-0.3717954558103958,-0.3717954558103958,-0.14694824447284094,0.0012868185166917886
79.7,-0.38488036237637324,-0.38488036237637324,-0.1301191765914585,0.017522153357230914
79.75,-0.4332131220440763,-0.4332131220440763,-0.10762443115606778,0.030161759542824133
79.8,-0.4687582608427342,-0.4687582608427342,-0.08670725770606491,0.03620396119169868
79.85,-0.33519466865207803,-0.33519466865207803,-0.0854817747394803,0.032707158420722734
79.9,-0.19421157943134312,-0.19421157943134312,-0.0848919123830039,0.022576771446600013
79.95,-0.1472774222783832,-0.1472774222783832,-0.07280895151359355,0.009288190605685632
80.0,0.07552407933828699,0.07552407933828699,-0.08109656793080781,-0.0076841614227476365
80.05,0.11307752476191091,0.11307752476191091,-0.06672243725939019,-0.020267399108118065
80.1,0.16669305746492394,0.16669305746492394,-0.05340099365483253,-0.02825300328500475
80.15,0.3211453237439872,0.3211453237439872,-0.051680232982207495,-0.030997973263648497
80.2,0.3423132708292952,0.3423132708292952,-0.03372693042335941,-0.025192550234944773
80.25,0.47240618334118667,0.47240618334118667,-0.02803605560785714,-0.015417891053681966
80.3,0.32908244666985087,0.32908244666985087,0.010193493204246378,0.0007069349353129434
80.35,0.34516447434648345,0.34516447434648345,0.029421989020440725,0.014276734088397266
80.4,0.38108247497131886,0.38108247497131886,0.045449732286003325,0.024175589263959543
80.45,0.3832352405774352,0.3832352405774352,0.0643021299286236,0.029033893815273274
80.5,0.46874535023182784,0.46874535023182784,0.07238304567806365,0.026445862961091637
80.55,0.4622736850540976,0.4622736850540976,0.0899977532818264,0.019199951544796142
80.6,0.5739596473365628,0.5739596473365628,0.09213484829959218,0.006267271443045015
80.65,0.6767218644089511,0.6767218644089511,0.09451478600581437,-0.008019129938621087
80.7,0.6768366244261449,0.6768366244261449,0.10780887584427105,-0.019478262278918926
80.75,0.8165377324186408,0.8165377324186408,0.10350283369194285,-0.028728074305781153
80.8,0.9063073860776028,0.9063073860776028,0.10420498372353397,-0.03157910145094367
80.85,0.8486573986745213,0.8486573986745213,0.12177717790575056,-0.026371912169369578
80.9,0.9344568182210818,0.9344568182210818,0.12110080324426964,-0.017965725234647033
80.95,0.901178452709178,0.901178452709178,0.13381258035614974,-0.004977919014548512
81.0,0.7794215989237248,0.7794215989237248,0.15588407635758159,0.009565406494901597
81.05,0.7726086758412523,0.7726086758412523,0.16251728027250245,0.020367097768273137
81.1,0.7444696931882421,0.7444696931882421,0.17032414011536226,0.02712359551516263
81.15,0.5808046648318126,0.5808046648318126,0.1918980661632815,0.030036146426222696
81.2,0.6019778571944774,0.6019778571944774,0.18942285710707846,0.024634309618738432
81.25,0.6881927388359445,0.6881927388359445,0.17712163651366053,0.013505136715989805
81.3,0.6430512296081705,0.6430512296081705,0.17863554266281775,0.0012965852824558363
81.35,0.6061901969017798,0.6061901969017798,0.17733027831080747,-0.011255887264900215
81.4,0.7832442569365029,0.7832442569365029,0.14894625510012777,-0.02425511332385852
81.45,0.7545159974885102,0.7545159974885102,0.14418111146968615,-0.030065225553915408
81.5,0.7508398486089882,0.7508398486089882,0.13546748047648166,-0.030568677057849013
81.55,0.6483035484416743,0.6483035484416743,0.13772027733589304,-0.024104277626712994
81.6,0.4282612043916849,0.4282612043916849,0.15293960716869395,-0.01153981333443439
81.65,0.44804875589371335,0.44804875589371335,0.13833502124862018,0.00031831544512117733
81.7,0.3273748126556692,0.3273748126556692,0.13915245886457758,0.013776057143141826
81.75,0.2037028014142099,0.2037028014142099,0.13925261818513585,0.024250062313445942
81.8,0.17846046241743735,0.17846046241743735,0.12584878140639327,0.02823677834773802
81.85,0.18607538627067802,0.18607538627067802,0.1076544229894729,0.025662623455404748
81.9,-0.02679770117283507,-0.02679770117283507,0.11457399049745069,0.02031061163248778
81.95,-0.042794522434487774,-0.042794522434487774,0.0969615859760178,0.008377924589834043
82.0,0.02770683183763637,0.02770683183763637,0.068240725688923,-0.006051172115357841
82.05,0.013318762887596132,0.013318762887596132,0.049205661543126354,-0.017780073237608943
82.1,0.02021921784415679,0.02021921784415679,0.027854523123730004,-0.02571579268268686
82.15,-0.09877207483024303,-0.09877207483024303,0.021594688255155772,-0.026431887650631605
82.2,-0.15455118104085142,-0.15455118104085142,0.008171745530782969,-0.022233579387847143
82.25,-0.1741479968949034,-0.1741479968949034,-0.009011642747503783,-0.013850032552846015
82.3,-0.33185032406334825,-0.33185032406334825,-0.009338065110448728,-0.00105054469582547
82.35,-0.5305527681629248,-0.5305527681629248,-0.00454854706149902,0.012255172826405383
82.4,-0.5066054561781942,-0.5066054561781942,-0.026280310895029434,0.02006259426183999
82.45,-0.6745197051754436,-0.6745197051754436,-0.024738052503561578,0.025984772154455698
82.5,-0.628400292219433,-0.628400292219433,-0.04873681603114577,0.023844572260965553
82.55,-0.7500623142027371,-0.7500623142027371,-0.05237883932699566,0.018952630265857272
82.6,-0.668698322124053,-0.668698322124053,-0.0796112226852868,0.007801775910519859
82.65,-0.7198675977434063,-0.7198675977434063,-0.09023627390515138,-0.0030580169997688252
82.7,-0.6362824907284303,-0.6362824907284303,-0.1157854816845438,-0.01472747532391771
82.75,-0.6418271055822342,-0.6418271055822342,-0.1291819103135577,-0.0220226202420118
82.8,-0.5984432335398496,-0.5984432335398496,-0.14673924726300594,-0.025078631773241895
82.85,-0.6934219641216967,-0.6934219641216967,-0.14578016889975204,-0.0207413090782816
82.9,-0.7562832109729722,-0.7562832109729722,-0.14707984918319242,-0.011863311018379487
82.95,-0.7164138152458666,-0.7164138152458666,-0.15884089891571374,-0.0012176848897471485
83.0,-0.8545095623485314,-0.8545095623485314,-0.14769821389606985,0.012233331139722086
83.05,-0.8514359663378465,-0.8514359663378465,-0.15213092461035582,0.021487130473902195
83.1,-0.8678609055909902,-0.8678609055909902,-0.15285280260194992,0.0264717916364084
83.15,-0.9030952994778048,-0.9030952994778048,-0.15009786079568155,0.02615038576054195
83.2,-0.844993267508242,-0.844993267508242,-0.1574226975503005,0.019377218825501242
83.25,-0.8178857944328777,-0.8178857944328777,-0.15949513089195286,0.009298808009690839
83.3,-0.6576011934454078,-0.6576011934454078,-0.17613023892900143,-0.003992050159112041
83.35,-0.6685186147581441,-0.6685186147581441,-0.1709215881918022,-0.013987864665993397
83.4,-0.6003420330077733,-0.6003420330077733,-0.17317881408231472,-0.021734796542916355
83.45,-0.4268747155224777,-0.4268747155224777,-0.18595925565451593,-0.02600606679802046
83.5,-0.34189888853613704,-0.34189888853613704,-0.18644349722808498,-0.02368239237895708
83.55,-0.42790687811374384,-0.42790687811374384,-0.16449273437908893,-0.014328326473639321
83.6,-0.3945361477119739,-0.3945361477119739,-0.154814594283236,-0.0034544380000846703
83.65,-0.3168448957300081,-0.3168448957300081,-0.14904044244271278,0.0076629933043268735
83.7,-0.3777032409177783,-0.3777032409177783,-0.1255495218368529,0.019000696043670235
83.75,-0.3695052521693859,-0.3695052521693859,-0.10962711619661146,0.025677494275010513
83.8,-0.3337592727412751,-0.3337592727412751,-0.09617595366384697,0.026903273734030137
83.85,-0.35867219631018266,-0.35867219631018266,-0.0751311121547097,0.02358752903759494
83.9,-0.28713715558910113,-0.28713715558910113,-0.06553993058438719,0.014477960139045915
83.95,-0.143515072644671,-0.143515072644671,-0.06460951090793217,0.001627714617489174
84.0,0.058543324093786764,0.058543324093786764,-0.07042045432941856,-0.012436413766540965
84.05,0.1876223927266012,0.1876223927266012,-0.06702617369386171,-0.023477238407190022
84.1,0.22135311949026593,0.22135311949026593,-0.051693852620890594,-0.02904640783018926
84.15,0.20551932482036742,0.20551932482036742,-0.030070225056335956,-0.028426409691900294
84.2,0.34248186396960584,0.34248186396960584,-0.026303085165170804,-0.024083039080378975
84.25,0.344234739861256,0.344234739861256,-0.006651333296470473,-0.01324995378172279
84.3,0.46920747281492653,0.46920747281492653,-0.0014566690907522246,-0.0013871619737500977
84.35,0.44161730709867686,0.44161730709867686,0.021773034777805535,0.012484901634812829
84.4,0.4053141546212779,0.4053141546212779,0.045513555584519826,0.023781750053500403
84.45,0.4051308868374343,0.4051308868374343,0.06393175280969186,0.02976923671904948
84.5,0.4340453538836113,0.4340453538836113,0.0781558927261221,0.029449436413273727
84.55,0.4894728372890397,0.4894728372890397,0.08756044672514691,0.023030427815084138
84.6,0.4703794267305236,0.4703794267305236,0.10484043131725891,0.013193268530983335
84.65,0.6570662872160316,0.6570662872160316,0.09626417238436127,-0.0015018731552551249
84.7,0.8606153175385299,0.8606153175385299,0.08452352289373367,-0.015864648576347996
84.75,0.8192333461281501,0.8192333461281501,0.1013024492803019,-0.023955295398016226
84.8,0.8902575309786858,0.8902575309786858,0.10425509660465435,-0.028723373099997715
84.85,0.8307816703474664,0.8307816703474664,0.12189389240096116,-0.026225591238158843
84.9,0.9594257427945804,0.9594257427945804,0.1159606305142832,-0.021058315900457855
84.95,0.9022223760130353,0.9022223760130353,0.1314048007075424,-0.009805545203827032
85.0,0.7914172142606529,0.7914172142606529,0.152052801686559,0.0035069634966274155
85.05,0.7689656527086682,0.7689656527086682,0.16075620944835672,0.01447642734628254
85.1,0.7916759736867962,0.7916759736867962,0.16206296012175903,0.021477234131373018
85.15,0.5484025154071139,0.5484025154071139,0.19342963104664843,0.02705169158470886
85.2,0.5580838445399423,0.5580838445399423,0.19248158107245136,0.023676647739636462
85.25,0.5942179907756432,0.5942179907756432,0.18594925418862354,0.014750735329245998
85.3,0.7371011383562036,0.7371011383562036,0.1647203431749333,0.0008372023595165112
85.35,0.6836134947491479,0.6836134947491479,0.16531026104396884,-0.011518379381972137
85.4,0.7170902928133682,0.7170902928133682,0.1541506656966872,-0.02308899543724985
85.45,0.7573124162379443,0.7573124162379443,0.14107396258679644,-0.030189736169410238
85.5,0.6266440818816158,0.6266440818816158,0.1471773920802529,-0.02894804365658913
85.55,0.6747828837172478,0.6747828837172478,0.13131105302354926,-0.023932384142988226
85.6,0.5918962480765448,0.5918962480765448,0.1296922139633507,-0.012406958311782214
85.65,0.39706378448160834,0.39706378448160834,0.14099119480129785,0.002994596879392964
85.7,0.2715465830640428,0.2715465830640428,0.1425754983694758,0.016974548398702636
85.75,0.1939974333904529,0.1939974333904529,0.1369466908056612,0.027031382849153202
85.8,0.018873120315525474,0.018873120315525474,0.14131898328738396,0.032943892473982696
85.85,-0.027056964898707125,-0.027056964898707125,0.12879479418858758,0.030651220185439206
85.9,0.0069714508952196455,0.0069714508952196455,0.1052184418073943,0.021095551748050466
85.95,0.009430419189823309,0.009430419189823309,0.08434064114507397,0.007407945933959176
86.0,0.032252381623723736,0.032252381623723736,0.06062957144926738,-0.008344988912928572
86.05,-0.014085059292470656,-0.014085059292470656,0.04491326260786057,-0.021649636819572025
86.1,0.05085402793976012,0.05085402793976012,0.01599102746923209,-0.031718872849379826
86.15,0.07971008778347102,0.07971008778347102,-0.008058396472211569,-0.034460926494708236
86.2,-0.07240045459724948,-0.07240045459724948,-0.009583094519365365,-0.027458768643392483
86.25,-0.1844724014890953,-0.1844724014890953,-0.014952508801893387,-0.01488680751711225
86.3,-0.297918598282619,-0.297918598282619,-0.019607874693968488,0.0011483396531026477
86.35,-0.4567434287189045,-0.4567434287189045,-0.018332024569338117,0.017790283305470864
86.4,-0.5286720119735526,-0.5286720119735526,-0.027082425211687963,0.029840823595283898
86.45,-0.7023886257397077,-0.7023886257397077,-0.023675166290402682,0.03708168166236879
86.5,-0.7019549691944239,-0.7019549691944239,-0.040916364395660175,0.0344855577595498
86.55,-0.7536150909970366,-0.7536150909970366,-0.05184388930144319,0.02522811148110564
86.6,-0.6857618746194686,-0.6857618746194686,-0.07666254923272786,0.0089185239581358
86.65,-0.799236636634591,-0.799236636634591,-0.07914314497104621,-0.007280518167667038
86.7,-0.7548099831345176,-0.7548099831345176,-0.09951582789414691,-0.02402412795278135
86.75,-0.5482560672457978,-0.5482560672457978,-0.13814199893865964,-0.03779858215289723
86.8,-0.558432258915305,-0.558432258915305,-0.1491510779433013,-0.04112765810021447
86.85,-0.6496918909457657,-0.6496918909457657,-0.14892170380972253,-0.03506600848647735
86.9,-0.5556752613356,-0.5556752613356,-0.16847637262256662,-0.02418330248396569
86.95,-0.7034020023670386,-0.7034020023670386,-0.15756650255836152,-0.005354418539410462
87.0,-0.8876039693478311,-0.8876039693478311,-0.14032868066441978,0.01521316373274198
87.05,-0.9160315051835204,-0.9160315051835204,-0.1405200262452139,0.031181793248574462
87.1,-0.9425511883466743,-0.9425511883466743,-0.14010581524553653,0.041342155379127846
87.15,-0.9305828216971487,-0.9305828216971487,-0.1431626465607731,0.04318712397229399
87.2,-0.8871623188721274,-0.8871623188721274,-0.1491085902456591,0.03639916819878491
87.25,-0.8431111723758681,-0.8431111723758681,-0.15400045235616638,0.022737835852973075
87.3,-0.7385275739109484,-0.7385275739109484,-0.16461686662962846,0.004290653394390152
87.35,-0.6787866925128061,-0.6787866925128061,-0.16845983644362633,-0.013807122976207927
87.4,-0.5963802043932156,-0.5963802043932156,-0.17323293808769527,-0.02869151317958331
87.45,-0.5312977873626548,-0.5312977873626548,-0.1740801549798394,-0.03688003270999002
87.5,-0.4394076281459928,-0.4394076281459928,-0.17650412303758573,-0.03737843944861875
87.55,-0.40242540450004605,-0.40242540450004605,-0.17036898207570192,-0.029286190161729838
87.6,-0.4187919726881286,-0.4187919726881286,-0.15595396423150473,-0.014582742464242343
87.65,-0.44935287973984706,-0.44935287973984706,-0.13873743188055543,0.0029106012517788535
87.7,-0.4294563517076211,-0.4294563517076211,-0.12611706122303112,0.018525684828339994
87.75,-0.4378412188866056,-0.4378412188866056,-0.10944635662427141,0.029892403367269515
87.8,-0.4117803907352503,-0.4117803907352503,-0.0962250434691331,0.03396046505271475
87.85,-0.423367495364322,-0.423367495364322,-0.07821094793933475,0.0310980163109633
87.9,-0.266025435128215,-0.266025435128215,-0.08035231007064723,0.01975146391055489
87.95,-0.10215934355011454,-0.10215934355011454,-0.08270898598644363,0.00462606750034589
88.0,-0.054352595910043405,-0.054352595910043405,-0.07070022726764405,-0.009477397297867398
88.05,0.07980065245825504,0.07980065245825504,-0.06822524863183482,-0.02221070794426091
88.1,0.36197420274928915,0.36197420274928915,-0.08261081658510395,-0.03196066082539176
88.15,0.36399749503136253,0.36399749503136253,-0.06278733317007995,-0.03163288458466803
88.2,0.3720277857213237,0.3720277857213237,-0.04257209291829045,-0.024882037859910878
88.25,0.399614790093635,0.399614790093635,-0.0241382221386396,-0.01311987395622012
88.3,0.4761667155617038,0.4761667155617038,-0.011368093562395664,0.0009814470107054904
88.35,0.3899644566646305,0.3899644566646305,0.020936874027272415,0.017169223703012902
88.4,0.5051939091286854,0.5051939091286854,0.028723324937904943,0.027446660093215114
88.45,0.3753560098604246,0.3753560098604246,0.06494894743313225,0.03508639385240122
88.5,0.33462376761749296,0.33462376761749296,0.08968119899618902,0.03429106330222921
88.55,0.422636019794865,0.422636019794865,0.09748357228888108,0.024722506467690003
88.6,0.4834498530920826,0.4834498530920826,0.10645632308371981,0.010214637024840096
88.65,0.622211161643175,0.622211161643175,0.10497940552895163,-0.007681216764285107
88.7,0.7114057036560929,0.7114057036560929,0.10795843000523489,-0.023858110364336223
88.75,0.8464100233413344,0.8464100233413344,0.10443946323439894,-0.03637999203602589
88.8,0.8992233644360951,0.8992233644360951,0.1097197270833406,-0.041266238263185796
88.85,0.9763635838741936,0.9763635838741936,0.11117625209863898,-0.038940298034860675
88.9,0.889132133391834,0.889132133391834,0.13150393357797174,-0.02745917214092722
88.95,0.8060226725829942,0.8060226725829942,0.14999280923623223,-0.011042294066075518
89.0,0.861006262392891,0.861006262392891,0.15035813612956273,0.005514118111526851
89.05,0.7491660468697907,0.7491660468697907,0.16940076826864747,0.022794843386093184
89.1,0.6264196609969892,0.6264196609969892,0.18777730622382197,0.0355468315058358
89.15,0.6288983578495941,0.6288983578495941,0.18900174408002768,0.039674206416875794
89.2,0.6380664249722617,0.6380664249722617,0.18734156935612553,0.03586811733092183
89.25,0.6475631845644533,0.6475631845644533,0.1834563792234954,0.024972278666159173
89.3,0.6385503790098993,0.6385503790098993,0.17977520924497647,0.009485863242456745
89.35,0.70894045234709,0.70894045234709,0.16541474184417318,-0.008593251220461723
89.4,0.7036560828234045,0.7036560828234045,0.15847054501114916,-0.023616228659141328
89.45,0.730937412494265,0.730937412494265,0.14669246100463498,-0.03384472582535685
89.5,0.6695079697312418,0.6695079697312418,0.14440944955865045,-0.03570020628937647
89.55,0.6166053255045325,0.6166053255045325,0.14013767422404333,-0.030210040496460124
89.6,0.4982046404154509,0.4982046404154509,0.14286757583342627,-0.017960490421100792
89.65,0.5347190881137709,0.5347190881137709,0.12582425428790112,-0.00469103333278601
89.7,0.2797936024235029,0.2797936024235029,0.14271550388581136,0.012108128179682343
89.75,0.16107735654719638,0.16107735654719638,0.14183903553949387,0.0236797163522315
89.8,0.10556148269249872,0.10556148269249872,0.13190801345675884,0.02879248817547868
89.85,0.09093331663655417,0.09093331663655417,0.11592728091520729,0.026898083606436765
89.9,-0.08257050845937262,-0.08257050845937262,0.11761214273425939,0.02112843449434886
89.95,-0.06533104374774298,-0.06533104374774298,0.0953007889469039,0.008594249185696274
90.0,0.0015605664850407823,0.0015605664850407823,0.06616736906094477,-0.0062123943583245154
90.05,-0.019356623446604663,-0.019356623446604663,0.04733738402070445,-0.018498871999206214
90.1,-0.08610251308268049,-0.08610251308268049,0.03403907664977492,-0.026198267908878328
90.15,-0.016509896646510466,-0.016509896646510466,0.004664823186618388,-0.029939241879066856
90.2,-0.11314789682485298,-0.11314789682485298,-0.0041537269797174035,-0.02517025224059723
90.25,-0.19297952401618018,-0.19297952401618018,-0.014366540470503984,-0.01513759048455688
90.3,-0.2793552920418121,-0.2793552920418121,-0.02319388049711362,-0.0016096817231292641
90.35,-0.40736726169063364,-0.40736726169063364,-0.026535769619385866,0.01307784345180952
90.4,-0.5360390008202184,-0.5360390008202184,-0.029038128222875336,0.025465249028212757
90.45,-0.6280938233301686,-0.6280938233301686,-0.03565352798278899,0.032602239789384035
90.5,-0.8017882118192169,-0.8017882118192169,-0.03244071516422852,0.03452038011114953
90.55,-0.6921321282275769,-0.6921321282275769,-0.06267827163587425,0.02623386405803663
90.6,-0.7497910553677267,-0.7497910553677267,-0.07255619062950071,0.014936248530917393
90.65,-0.6118734633575774,-0.6118734633575774,-0.1050886212442671,-0.0017179186861844104
90.7,-0.7082153149076647,-0.7082153149076647,-0.10800380774731319,-0.015019811855481123
90.75,-0.6736744273730859,-0.6736744273730859,-0.12569986983511064,-0.026750921983120367
90.8,-0.6765907923576565,-0.6765907923576565,-0.1369928385139834,-0.03235453142713248
90.85,-0.6047558772624002,-0.6047558772624002,-0.15559468626833628,-0.03214677038059059
90.9,-0.6844504168359489,-0.6844504168359489,-0.15435431265566696,-0.023491732829379955
90.95,-0.7631909705551209,-0.7631909705551209,-0.151213756288608,-0.010172895420522868
91.0,-0.8564446774724821,-0.8564446774724821,-0.14508779279765888,0.005245515381573793
91.05,-0.8442806036246787,-0.8442806036246787,-0.15009862510814637,0.018081320252942585
91.1,-0.8738715276683422,-0.8738715276683422,-0.1490489117094209,0.02747854389392234
91.15,-0.8846392451753191,-0.8846392451753191,-0.14913868678948203,0.03077731940546369
91.2,-0.974815629145138,-0.974815629145138,-0.13872075981350232,0.028748921613613206
91.25,-0.8780857685663773,-0.8780857685663773,-0.14962163595093067,0.01879848120192353
91.3,-0.7368148129950423,-0.7368148129950423,-0.16459304020345866,0.004933194078992654
91.35,-0.6810752911983711,-0.6810752911983711,-0.1678422500816009,-0.008274330874014607
91.4,-0.4693312267568228,-0.4693312267568228,-0.1881095042848476,-0.021058422505294955
91.45,-0.41586236521467207,-0.41586236521467207,-0.18741970560788931,-0.026906648615470354
91.5,-0.49420203453507494,-0.49420203453507494,-0.16868881704535924,-0.0249544912055295
91.55,-0.39671955931519287,-0.39671955931519287,-0.16904668049237895,-0.019421549074528224
91.6,-0.3156881055317562,-0.3156881055317562,-0.16570791704672838,-0.009170680064928684
91.65,-0.4771136462732266,-0.4771136462732266,-0.1320185362331051,0.00637770141184883
91.7,-0.39889057149345275,-0.39889057149345275,-0.12569737766716893,0.017963611479751947
91.75,-0.400706125205631,-0.400706125205631,-0.10887574064048515,0.02705825424540976
91.8,-0.340884465740068,-0.340884465740068,-0.09910043725439535,0.029800370886153445
91.85,-0.3866282652008497,-0.3866282652008497,-0.07624567702146451,0.027500595250354264
91.9,-0.23518049543372777,-0.23518049543372777,-0.07663971506976963,0.01670629005143149
91.95,-0.08433700044630613,-0.08433700044630613,-0.07670203726691543,0.0020232418055334124
92.0,0.05984125314063786,0.05984125314063786,-0.07556817892181429,-0.013411751324376985
92.05,0.08770874728266406,0.08770874728266406,-0.05986895538045869,-0.024873333498098206
92.1,0.22456130203949307,0.22456130203949307,-0.057023194510507455,-0.03263293403452421
92.15,0.36625318153576647,0.36625318153576647,-0.05364157328565364,-0.03377529149523278
92.2,0.39745570813355874,0.39745570813355874,-0.03667953772946502,-0.026704075536274317
92.25,0.4882579357468616,0.4882579357468616,-0.0260812010528663,-0.01507573302041924
92.3,0.44977527543701823,0.44977527543701823,-0.00013261389220044063,0.0009836406250750883
92.35,0.45817386352475764,0.45817386352475764,0.020375975682016444,0.015936112251666204
92.4,0.3453712989588963,0.3453712989588963,0.05463496229946675,0.02891530089852753
92.45,0.3890975679417389,0.3890975679417389,0.06923004597590408,0.03404696118963193
92.5,0.44336560733295866,0.44336560733295866,0.08139435422396203,0.03232031130766324
92.55,0.5991302727657567,0.5991302727657567,0.07988414415759608,0.022980416789807445
92.6,0.543938227405588,0.543938227405588,0.1026213988832671,0.011736138254013437
92.65,0.6749476024249488,0.6749476024249488,0.1016434248635204,-0.004167838745089591
92.7,0.8335342412010159,0.8335342412010159,0.09657878449730331,-0.019640470791645444
92.75,0.8343773402970254,0.8343773402970254,0.10918678174675606,-0.02930783580407512
92.8,0.9263014989084064,0.9263014989084064,0.10978538875216294,-0.03428883626987228
92.85,0.9220320319608695,0.9220320319608695,0.12131839791978287,-0.031259696693098984
92.9,0.8971344233172177,0.8971344233172177,0.13383929508017814,-0.021881090378528926
92.95,0.7854922552844893,0.7854922552844893,0.15585259323582384,-0.007329120220286621
93.0,0.823308388534124,0.823308388534124,0.15827196877155889,0.0063574164778785755
93.05,0.7629339249018753,0.7629339249018753,0.17067736875684078,0.0192818185086064
93.1,0.6740647298017814,0.6740647298017814,0.18454740004382808,0.0278413089490416
93.15,0.6186292392366379,0.6186292392366379,0.19207592409714888,0.02960276441143033
93.2,0.6256297711612978,0.6256297711612978,0.19027228494747617,0.02400539917744576
93.25,0.6467486213450235,0.6467486213450235,0.18432789738801814,0.012979772766430269
93.3,0.7114235777236928,0.7114235777236928,0.17151133061852727,-0.0013569938098761134
93.35,0.7168074130271617,0.7168074130271617,0.16404021304477873,-0.014536905322003277
93.4,0.6816847041062142,0.6816847041062142,0.16019728461614377,-0.023910835930675566
93.45,0.7484684609250142,0.7484684609250142,0.14281234397514025,-0.029341740075772834
93.5,0.756123536701566,0.756123536701566,0.13167809244317816,-0.027913203085824994
93.55,0.5762317866742,0.5762317866742,0.1422491400840898,-0.018492851725985776
93.6,0.5531006287155239,0.5531006287155239,0.1333651974433007,-0.0073471865938636565
93.65,0.4968666881756985,0.4968666881756985,0.12718811001697367,0.005586597445778456
93.7,0.3259456588150641,0.3259456588150641,0.13388138797663532,0.018687506235261112
93.75,0.2551761115471797,0.2551761115471797,0.1272374815049535,0.026640183992296614
93.8,0.14076656934453707,0.14076656934453707,0.12471875508721553,0.02961834117052647
93.85,-0.01600619407456349,-0.01600619407456349,0.12605090029953503,0.027049797193187945
93.9,-0.07308926081791953,-0.07308926081791953,0.11378753054579463,0.01780686961942003
93.95,0.024969658597980924,0.024969658597980924,0.08225509328708887,0.0030749996720208415
94.0,-0.03543984832132184,-0.03543984832132184,0.06863861222211978,-0.010392184336916892
94.05,0.01867775020947675,0.01867775020947675,0.04116520742139449,-0.023406366235010218
94.1,0.009327567552811167,0.009327567552811167,0.02135742303101323,-0.031189686343997155
94.15,-0.0325717631421724,-0.0325717631421724,0.005696427715841447,-0.03255914717238357
94.2,-0.16405988475364017,-0.16405988475364017,0.0013145468737579325,-0.026422963256475182
94.25,-0.2232124256189752,-0.2232124256189752,-0.011388631624830513,-0.015912702004108655
94.3,-0.35585100239331297,-0.35585100239331297,-0.014624783721146449,-0.0012653397738394603
94.35,-0.4221557168583882,-0.4221557168583882,-0.025515882596030503,0.012842297104717529
94.4,-0.6097823469495095,-0.6097823469495095,-0.021520991574589667,0.0259656016816695
94.45,-0.6450174363060505,-0.6450174363060505,-0.035819091171779296,0.03211257214437173
94.5,-0.6900587643565166,-0.6900587643565166,-0.04860129025152398,0.03205942012212065
94.55,-0.7426105388899592,-0.7426105388899592,-0.06000955366808185,0.025760169293468162
94.6,-0.6450551005121314,-0.6450551005121314,-0.0888862467835079,0.012555651680584715
94.65,-0.7137722675806812,-0.7137722675806812,-0.09687405702955754,-0.0007973654732287742
94.7,-0.6725595287350912,-0.6725595287350912,-0.11682371528859592,-0.01479166547390702
94.75,-0.6610154417663385,-0.6610154417663385,-0.13169304133101561,-0.024639963583830478
94.8,-0.622728626667614,-0.622728626667614,-0.14814732290355404,-0.028989903382726005
94.85,-0.6490294975779728,-0.6490294975779728,-0.15517438421511226,-0.025906566737226442
94.9,-0.5724131440644501,-0.5724131440644501,-0.17234795893506397,-0.01837814836018005
94.95,-0.754867273526911,-0.754867273526911,-0.1566078668028184,-0.003768216664189168
95.0,-0.7981593344108087,-0.7981593344108087,-0.15565329691183405,0.009767650475624806
95.05,-0.892728357920274,-0.892728357920274,-0.14723745464178153,0.021794889690964672
95.1,-0.952921958319398,-0.952921958319398,-0.14201810288971317,0.02886471700572325
95.15,-0.9252795624935779,-0.9252795624935779,-0.1461783111516656,0.02898788756238634
95.2,-0.8457515915063629,-0.8457515915063629,-0.15558739244189954,0.022603112174485386
95.25,-0.9257124362355074,-0.9257124362355074,-0.14502467364103427,0.013604094246885063
95.3,-0.6500282809646816,-0.6500282809646816,-0.1754878899733945,-0.002665960464103158
95.35,-0.6452889888743469,-0.6452889888743469,-0.1720056859923885,-0.015149883686321062
95.4,-0.568249986250041,-0.568249986250041,-0.17560730145433998,-0.025512918021894822
95.45,-0.5113963066661437,-0.5113963066661437,-0.17495751861296552,-0.030284176791515762
95.5,-0.4123943415394892,-0.4123943415394892,-0.17725894353882485,-0.02909448683439135
95.55,-0.3475917634654843,-0.3475917634654843,-0.17383593130441172,-0.021166225884598818
95.6,-0.4485219337467068,-0.4485219337467068,-0.14883222714030772,-0.00646300709600196
95.65,-0.49316599061800814,-0.49316599061800814,-0.1292179143572549,0.009267568851988444
95.7,-0.42888601110938873,-0.42888601110938873,-0.12171662197187089,0.022079056465083922
95.75,-0.4597576168949474,-0.4597576168949474,-0.10208211833075835,0.03170238076966285
95.8,-0.43039201285409956,-0.43039201285409956,-0.08933299606788969,0.034058699916153665
95.85,-0.4569837500978417,-0.4569837500978417,-0.06950545135398106,0.030062643152640175
95.9,-0.2975792092548246,-0.2975792092548246,-0.07228677977347965,0.017564349084838116
95.95,-0.17902543175948288,-0.17902543175948288,-0.06978513227009708,0.002032005095663301
96.0,0.027900865678712906,0.027900865678712906,-0.07745824953989111,-0.014903628866525957
96.05,0.2123440468089674,0.2123440468089674,-0.0816928602778388,-0.028409449160426592
96.1,0.2509152966816725,0.2509152966816725,-0.06764938614722685,-0.03423231725814506
96.15,0.342287554755191,0.342287554755191,-0.05888212587902105,-0.03365950151314414
96.2,0.3761339296569895,0.3761339296569895,-0.04245987535104958,-0.02540535237071887
96.25,0.4290746681115865,0.4290746681115865,-0.02777067427054512,-0.012061824194742927
96.3,0.36141802185628524,0.36141802185628524,0.0016615778120695657,0.005458439176360942
96.35,0.42658423182528815,0.42658423182528815,0.015096507508825517,0.020416606857975347
96.4,0.2741630758938535,0.2741630758938535,0.054128016228850495,0.03403613965307691
96.45,0.3962123374857429,0.3962123374857429,0.05922004690770014,0.03724000897085382
96.5,0.36215535676621985,0.36215535676621985,0.08203635109526182,0.03453833830550368
96.55,0.4631419912240651,0.4631419912240651,0.08722603596724833,0.02270184106768968
96.6,0.5105348266283999,0.5105348266283999,0.09755718068440675,0.006447961512726034
96.65,0.7552176715650806,0.7552176715650806,0.08320265157783976,-0.01405131095848381
96.7,0.7858795262794651,0.7858795262794651,0.0935068011284393,-0.029449178547481573
96.75,0.7938752800633889,0.7938752800633889,0.10544792664269163,-0.038876670372752546
96.8,0.864946375346197,0.864946375346197,0.10917259837951857,-0.0414089507081587
96.85,0.9723080129021126,0.9723080129021126,0.10781439706540893,-0.036296876947526535
96.9,0.8429363139030385,0.8429363139030385,0.13373995678898373,-0.021318219927282906
96.95,0.8691621071338987,0.8691621071338987,0.1397936501908725,-0.004519325077718854
97.0,0.802910699277432,0.802910699277432,0.15546772004277615,0.013658237325150984
97.05,0.728474261907941,0.728474261907941,0.17067488978312437,0.028453846045357254
97.1,0.6445466131266884,0.6445466131266884,0.18469514016393346,0.03709148484705835
97.15,0.5910977032940775,0.5910977032940775,0.19332848494733276,0.03766058175553135
97.2,0.6054357724455206,0.6054357724455206,0.19152315305941858,0.02987474408393684
97.25,0.6487996552245082,0.6487996552245082,0.18379957312412662,0.015941822612403705
97.3,0.6579546497096962,0.6579546497096962,0.17847495228343457,-0.00047553796223650374
97.35,0.7021978854260256,0.7021978854260256,0.16710007800679053,-0.016885523997640713
97.4,0.8212428818521427,0.8212428818521427,0.14580392726161798,-0.03048701796100356
97.45,0.7788013370671565,0.7788013370671565,0.1426290336874839,-0.03567907402913295
97.5,0.6448512045288174,0.6448512045288174,0.14965347989781522,-0.03238185000010415
97.55,0.7001015592355928,0.7001015592355928,0.13300037426837488,-0.024915601679877435
97.6,0.5372925015569492,0.5372925015569492,0.14141247988400624,-0.00992965277896805
97.65,0.45468839445255155,0.45468839445255155,0.13944599753343867,0.005672805054233568
97.7,0.31618377853874463,0.31618377853874463,0.1426684296566422,0.020374341953305418
97.75,0.22837501009141833,0.22837501009141833,0.13875169463429662,0.029851037683763713
97.8,0.14105552788419698,0.14105552788419698,0.1332141761085902,0.03282479403805561
97.85,0.1084184982137041,0.1084184982137041,0.1198174500424348,0.028059864378069427
97.9,0.03774430437865623,0.03774430437865623,0.1098106623038011,0.0177733677999555
97.95,-0.010134109691150034,-0.010134109691150034,0.09616256042474378,0.0034682953420359297
98.0,0.050944245902521876,0.050944245902521876,0.06864978379736202,-0.012812683339010133
98.05,0.06691851651306546,0.06691851651306546,0.046221273201654214,-0.02568887686021715
98.1,0.0302894152906295,0.0302894152906295,0.030129943264500688,-0.03240905822682743
98.15,0.02242153400736191,0.02242153400736191,0.011085309859629383,-0.032706626582103694
98.2,-0.08606378769286731,-0.08606378769286731,0.004448281253551365,-0.025057226202097452
98.25,-0.2496401518492927,-0.2496401518492927,0.004938379360918557,-0.01169019373001966
98.3,-0.2875610106104979,-0.2875610106104979,-0.00927708383381995,0.002345852859370921
98.35,-0.44397100092913805,-0.44397100092913805,-0.009147919132798577,0.017198430514722293
98.4,-0.5926425339854668,-0.5926425339854668,-0.009664766644768815,0.02835217745843038
98.45,-0.6855455648595257,-0.6855455648595257,-0.01733982994963026,0.03308597830655554
98.5,-0.7685332086678156,-0.7685332086678156,-0.025975938614398546,0.03110795858027682
98.55,-0.7217708856434313,-0.7217708856434313,-0.05012213329407366,0.021342233642881712
98.6,-0.6961784864807827,-0.6961784864807827,-0.07155565004610323,0.00761145303271466
98.65,-0.7714023846002983,-0.7714023846002983,-0.0799877861717815,-0.006286029726950885
98.7,-0.8218804454563682,-0.8218804454563682,-0.09076452835757165,-0.018950004913077585
98.75,-0.6852927228270392,-0.6852927228270392,-0.12269295037072975,-0.029702448919271922
98.8,-0.6573541186002537,-0.6573541186002537,-0.1401831150642609,-0.03267156627858483
98.85,-0.5533761684708354,-0.5533761684708354,-0.1648913583648276,-0.029671992073555028
98.9,-0.7276065928954485,-0.7276065928954485,-0.15420928628123168,-0.016986687184018634
98.95,-0.7128971162659096,-0.7128971162659096,-0.16425326714481236,-0.0030042614205527756
99.0,-0.8756074848751191,-0.8756074848751191,-0.15126125246247196,0.014079071196098216
99.05,-0.8048156019603641,-0.8048156019603641,-0.16457433021894202,0.02573637533129307
99.1,-0.9524048835068346,-0.9524048835068346,-0.15025188649656251,0.03532765039666179
99.15,-0.9505666824902024,-0.9505666824902024,-0.1523687664909662,0.03647592716450706
99.2,-0.9176997615337946,-0.9176997615337946,-0.15724531038390482,0.030563902151307006
99.25,-0.8335924117880017,-0.8335924117880017,-0.16668795112831283,0.018531104090526933
99.3,-0.7821280394252552,-0.7821280394252552,-0.17065437581333437,0.00372909479397695
99.35,-0.7382384932984901,-0.7382384932984901,-0.17238183530938925,-0.011336478953846277
99.4,-0.536220598191637,-0.536220598191637,-0.19102369889015172,-0.02588605158299857
99.45,-0.5198495941971456,-0.5198495941971456,-0.18534955362347938,-0.03287760440539536
99.5,-0.4727303586883018,-0.4727303586883018,-0.1815261654774506,-0.03367997457474341
99.55,-0.42119003725038895,-0.42119003725038895,-0.1762133768601348,-0.027840765553774963
99.6,-0.3819827621906807,-0.3819827621906807,-0.16758706835523418,-0.016428866570674414
99.65,-0.4190714803075174,-0.4190714803075174,-0.14835945645990764,-0.0010556744771762915
99.7,-0.4819616587484534,-0.4819616587484534,-0.12478165797376589,0.014502439767924487
99.75,-0.5187511569538632,-0.5187511569538632,-0.10341888386310755,0.026442810242570555
99.8,-0.3688775023681687,-0.3688775023681687,-0.1042532940468368,0.03026732055303531
99.85,-0.3638056079509786,-0.3638056079509786,-0.08749014952581528,0.029271993298228414
99.9,-0.2572183603112491,-0.2572183603112491,-0.08222078562579904,0.020736139390562992
99.95,-0.17372983071815068,-0.17372983071815068,-0.07410076739805058,0.008299698983843992
100.0,-0.03036894289737574,-0.03036894289737574,-0.07281118383098005,-0.006198683938774022
100.05,0.14676192997188506,0.14676192997188506,-0.07481494023237177,-0.01933660676614977
100.1,0.3230567803896254,0.3230567803896254,-0.0761231583422784,-0.028062454268042075
100.15,0.36141660920927504,0.36141660920927504,-0.05984569551953567,-0.02893258063706478
100.2,0.43841662967045986,0.43841662967045986,-0.04738152804096919,-0.02389734329776136
100.25,0.43357999746860826,0.43357999746860826,-0.024573240061602507,-0.01239370846331984
100.3,0.34714156508088334,0.34714156508088334,0.008135444626325662,0.00324384327073287
100.35,0.5075962733296051,0.5075962733296051,0.011186079019809043,0.015574499690032233
100.4,0.3792613391468945,0.3792613391468945,0.04814216815435426,0.028475721197380604
100.45,0.3794868925393224,0.3794868925393224,0.06877848215279876,0.033878933152245695
100.5,0.3677789976106183,0.3677789976106183,0.08992907239119323,0.032248829345730916
100.55,0.48873957838282917,0.48873957838282917,0.09341867799475148,0.021912479881000424
100.6,0.563519554314232,0.563519554314232,0.10086051738977493,0.007050988594237834
100.65,0.6316552273273981,0.6316552273273981,0.10790464163805907,-0.009861321777694583
100.7,0.6898868355753534,0.6898868355753534,0.11455735472385957,-0.02532282978857052
100.75,0.8785408943656566,0.8785408943656566,0.10459402808257913,-0.03794412286396536
100.8,0.9037843196877301,0.9037843196877301,0.11315083776840983,-0.04153828725336043
100.85,0.9428907239960329,0.9428907239960329,0.11887534537692536,-0.03760244513722273
100.9,0.9388381018710032,0.9388381018710032,0.129022939698956,-0.026196726567347308
100.95,0.901474213464503,0.901474213464503,0.14215476583028225,-0.009672905776737534
101.0,0.7363924310809371,0.7363924310809371,0.16871022205985878,0.009978182270024305
101.05,0.7814519821593632,0.7814519821593632,0.16874328629815097,0.02472264517207576
101.1,0.6282314785289793,0.6282314785289793,0.19041214251913935,0.03675855136538759
101.15,0.5614080647132429,0.5614080647132429,0.19962939620610645,0.040253491127839235
101.2,0.6939655852661607,0.6939655852661607,0.18255682189531527,0.033264496372932585
101.25,0.6395479109841415,0.6395479109841415,0.1861121287293524,0.022129641262911514
101.3,0.5888566724324338,0.5888566724324338,0.18718012339730686,0.006851152612971771
101.35,0.6695554225088941,0.6695554225088941,0.17065468122363014,-0.010993433671248859
101.4,0.666815542742104,0.666815542742104,0.16270631837524663,-0.025159314356816332
101.45,0.7207455895998693,0.7207455895998693,0.14686408795830125,-0.03462654124321268
101.5,0.669249053387478,0.669249053387478,0.142615892600546,-0.0355902405695096
101.55,0.6087712532702412,0.6087712532702412,0.1385030494595205,-0.02924426523644213
101.6,0.4780117088105443,0.4780117088105443,0.1417294769114356,-0.016348903509640512
101.65,0.5204931188981076,0.5204931188981076,0.12330284651417524,-0.002872021492881398
101.7,0.25856548556489295,0.25856548556489295,0.1402253521632222,0.014179309257702843
101.75,0.2025153056027314,0.2025153056027314,0.13136152641586055,0.024992481975249097
101.8,0.1472565428041036,0.1472565428041036,0.12105593536637328,0.030056155406275546
101.85,0.038958225316800356,0.038958225316800356,0.11625827725201951,0.02919336316042174
101.9,0.015069367400797735,0.015069367400797735,0.1000023039709171,0.02116349995528383
101.95,0.07319315077180436,0.07319315077180436,0.07332004657326936,0.007927873520854263
102.0,-0.027052040755385625,-0.027052040755385625,0.06509760572737247,-0.004593163730410677
102.05,-0.02387068528184444,-0.02387068528184444,0.04418079488057715,-0.016972287815664473
102.1,-0.008518326282756337,-0.008518326282756337,0.022097940416931562,-0.025562666738859235
102.15,-0.017052712762507746,-0.017052712762507746,0.0033488450945702492,-0.02830403903150459
102.2,-0.09547727250584284,-0.09547727250584284,-0.0066826451998479326,-0.024211392205848427
102.25,-0.18794268301895145,-0.18794268301895145,-0.014309437708843268,-0.01491080449526658
102.3,-0.2487338810066138,-0.2487338810066138,-0.024879921266186156,-0.0029395301096695587
102.35,-0.3953619838354649,-0.3953619838354649,-0.024968214237039016,0.0106607597868204
102.4,-0.5590730009871632,-0.5590730009871632,-0.022425609359028514,0.022248238255194744
102.45,-0.6866821628277671,-0.6866821628277671,-0.024187447063548664,0.028825140307500583
102.5,-0.7854554443523999,-0.7854554443523999,-0.029314464321484997,0.029149773125627457
102.55,-0.7591984654067626,-0.7591984654067626,-0.04965034466808348,0.02194009395155716
102.6,-0.7878387418052251,-0.7878387418052251,-0.06314559277747718,0.010894897500383605
102.65,-0.7036300288602012,-0.7036300288602012,-0.08965318086928525,-0.0038603279214378117
102.7,-0.6303828205889752,-0.6303828205889752,-0.1137200701601679,-0.01785161316910566
102.75,-0.6393010489141886,-0.6393010489141886,-0.12667197421504936,-0.027346364907391164
102.8,-0.6422383046703559,-0.6422383046703559,-0.1388245963154038,-0.031347094613149176
102.85,-0.5486683543146571,-0.5486683543146571,-0.16060431171095263,-0.029951204018282496
102.9,-0.628972507627823,-0.628972507627823,-0.15995170915191867,-0.019878151265137783
102.95,-0.7267938506797234,-0.7267938506797234,-0.1549150153542735,-0.0049131310525578715
103.0,-0.8622455938404732,-0.8622455938404732,-0.1439115680401974,0.01235499915152715
103.05,-0.8437824512086373,-0.8437824512086373,-0.14990582611348943,0.026059159099725806
103.1,-0.8241506951468504,-0.8241506951468504,-0.15471547453550955,0.03510064264654314
103.15,-0.9005190041976522,-0.9005190041976522,-0.14688540909251194,0.03857109146823947
103.2,-0.967815182064913,-0.967815182064913,-0.138866947629286,0.03433079295465369
103.25,-0.8737289286732975,-0.8737289286732975,-0.14947501115470063,0.021342469394627906
103.3,-0.7704255196976479,-0.7704255196976479,-0.15986291339371897,0.004174116677436812
103.35,-0.7242428835233687,-0.7242428835233687,-0.16189052834006093,-0.012799720417824468
103.4,-0.591266191945788,-0.591266191945788,-0.1730194512120959,-0.027909148268224954
103.45,-0.4899603797270914,-0.4899603797270914,-0.1784153841480685,-0.036727616437221194
103.5,-0.4631212861004315,-0.4631212861004315,-0.1731379309505023,-0.0371323846643218
103.55,-0.37996378903484157,-0.37996378903484157,-0.1726702203082017,-0.030903161895958688
103.6,-0.41213309409769827,-0.41213309409769827,-0.15671856059293496,-0.017378876282960108
103.65,-0.4541057527987628,-0.4541057527987628,-0.13809629875635843,-0.000696943169857206
103.7,-0.3131842474725002,-0.3131842474725002,-0.14019771468252787,0.013387816930218729
103.75,-0.4997988092661202,-0.4997988092661202,-0.10195559481241057,0.028516995373005196
103.8,-0.45744797939216353,-0.45744797939216353,-0.09067259554787606,0.03493146671928931
103.85,-0.35851319529896336,-0.35851319529896336,-0.08595562265096954,0.03365933349279182
103.9,-0.16240810049429513,-0.16240810049429513,-0.09261177704530207,0.02447018964738038
103.95,-0.08044823532313385,-0.08044823532313385,-0.08486555534491594,0.011885429099815943
104.0,-0.05046214072605646,-0.05046214072605646,-0.07029583664350182,-0.002145445079420634
104.05,0.10509747860561124,0.10509747860561124,-0.07002085884542876,-0.016736006193945923
104.1,0.21010331902703683,0.21010331902703683,-0.0628440257964982,-0.026581643176762083
104.15,0.36147844958915487,0.36147844958915487,-0.06089085761155539,-0.030913732988074025
104.2,0.4251208971629115,0.4251208971629115,-0.04744338594140708,-0.02731537060378326
104.25,0.420551533080524,0.420551533080524,-0.025291042289714252,-0.01693904605529642
104.3,0.47680125743097496,0.47680125743097496,-0.010003583221566355,-0.003765267888452364
104.35,0.3480708169870157,0.3480708169870157,0.02721970857052874,0.01225668760704782
104.4,0.4092411918465367,0.4092411918465367,0.04133689871908717,0.022912459731263813
104.45,0.39273869803950084,0.39273869803950084,0.06364941417392211,0.029225992024895855
104.5,0.4082327514341524,0.4082327514341524,0.08088337082535027,0.028560197825516834
104.55,0.5113550832127278,0.5113550832127278,0.0864805213185075,0.020433328115030392
104.6,0.5577227308087972,0.5577227308087972,0.09725902633801377,0.008351413124388947
104.65,0.8222552698553418,0.8222552698553418,0.08091060177960355,-0.0086376243219839
104.7,0.783813557206826,0.783813557206826,0.09989475917419596,-0.020543536591085786
104.75,0.8733231999717919,0.8733231999717919,0.10262626141402689,-0.030186234271410373
104.8,0.8131114660445128,0.8131114660445128,0.12253462690985646,-0.031963823602403636
104.85,0.8722925840198519,0.8722925840198519,0.1267486700398146,-0.028770160311087426
104.9,0.8439969642464942,0.8439969642464942,0.14028128299978218,-0.01870676352483701
104.95,0.8889780977856846,0.8889780977856846,0.14378460944919008,-0.005990463080466581
105.0,0.8506474927920631,0.8506474927920631,0.15554895601464058,0.008537305308650042
105.05,0.6196774248243173,0.6196774248243173,0.1886191400364303,0.023215468406315214
105.1,0.5521216163821973,0.5521216163821973,0.20008066758805884,0.030693010744014725
105.15,0.6703280065672614,0.6703280065672614,0.18679128964965394,0.02913258385727936
105.2,0.6278241272512102,0.6278241272512102,0.19030499863958442,0.02309699584457643
105.25,0.5411942619936693,0.5411942619936693,0.19705557015338357,0.0125789889949501
105.3,0.683125738723015,0.683125738723015,0.1745379527090555,-0.0032808647439744585
105.35,0.6920472337023829,0.6920472337023829,0.1658879253732649,-0.01648913414954698
105.4,0.8807566609976376,0.8807566609976376,0.1348175668615417,-0.028253007737373634
105.45,0.6839232715162284,0.6839232715162284,0.14912050424611978,-0.029225322340336663
105.5,0.7488507108747035,0.7488507108747035,0.13096869282859425,-0.027335476633273164
105.55,0.7370764538346781,0.7370764538346781,0.12171155389518687,-0.018816441044656622
105.6,0.6392733045931164,0.6392733045931164,0.1223405801651634,-0.0053335691374486825
105.65,0.4261993674871644,0.4261993674871644,0.13577324723843565,0.010844282582005647
105.7,0.3503213315158732,0.3503213315158732,0.13184021762065085,0.023417332809968393
105.75,0.2046842766428339,0.2046842766428339,0.13516205782731272,0.03241720508527192
105.8,0.11082316815320532,0.11082316815320532,0.13087981997340564,0.03436334858296958
105.85,0.09813719229907841,0.09813719229907841,0.11557324404238611,0.028226084313036026
105.9,-0.04924295406217247,-0.04924295406217247,0.11511189082887852,0.017640402871606165
105.95,0.00824004984654134,0.00824004984654134,0.08916628366016799,0.0003224404993938364
106.0,0.01762506505538025,0.01762506505538025,0.06820980318929151,-0.017121387535655126
106.05,-0.037416693554763326,-0.037416693554763326,0.054362903722735716,-0.03085205817310856
106.1,0.03533931255325805,0.03533931255325805,0.025106332083295255,-0.04035396285140594
106.15,-0.039816262081449096,-0.039816262081449096,0.013906128759952214,-0.04026917111910404
106.2,-0.10118143624529004,-0.10118143624529004,0.0014224264739234789,-0.03271414036843074
106.25,-0.18154014400918944,-0.18154014400918944,-0.00836107182466339,-0.018856974209711334
106.3,-0.29238332276327145,-0.29238332276327145,-0.014075401411235628,-0.0012778413668267364
106.35,-0.47956505326340254,-0.47956505326340254,-0.010410817435423872,0.017304050943218945
106.4,-0.6233190304903642,-0.6233190304903642,-0.011726323919756415,0.03196196161059514
106.45,-0.6768632055334141,-0.6768632055334141,-0.023950447203959318,0.03936434739310348
106.5,-0.6309276961285386,-0.6309276961285386,-0.04803383313914633,0.03800191418707268
106.55,-0.6511399031211063,-0.6511399031211063,-0.06389986078097956,0.030330089082472023
106.6,-0.7154064039726218,-0.7154064039726218,-0.07345951877919656,0.017817400291655232
106.65,-0.6890768524784476,-0.6890768524784476,-0.09323399157569942,0.0015298531835144392
106.7,-0.7293232774133107,-0.7293232774133107,-0.10436597708289558,-0.013094302365822598
106.75,-0.6443811016733381,-0.6443811016733381,-0.1285655937020036,-0.025400804502425364
106.8,-0.6502702353793338,-0.6502702353793338,-0.14030821587807338,-0.03032493854614267
106.85,-0.561008091112482,-0.561008091112482,-0.16182127542814323,-0.029542576494707783
106.9,-0.7047270727832993,-0.7047270727832993,-0.15340514180061013,-0.01952385117681648
106.95,-0.7109552338156371,-0.7109552338156371,-0.1593180920118098,-0.007238017977496608
107.0,-0.8162659888194523,-0.8162659888194523,-0.15216823807757626,0.007507875226810251
107.05,-0.9172404528652937,-0.9172404528652937,-0.14381182726037672,0.020233627238515912
107.1,-0.892278273586187,-0.892278273586187,-0.1494085143767858,0.02674785058726822
107.15,-0.8620641514078348,-0.8620641514078348,-0.15461231543307555,0.02722376606181463
107.2,-0.9196024633922765,-0.9196024633922765,-0.1480958414090127,0.022873442767405095
107.25,-0.8920879488805311,-0.8920879488805311,-0.1507361205074761,0.012704979985862327
107.3,-0.8255624873582845,-0.8255624873582845,-0.15677077229631994,-0.000409064929386634
107.35,-0.586830313605038,-0.586830313605038,-0.18202238920896818,-0.015420874671083322
107.4,-0.5307114717694948,-0.5307114717694948,-0.18359539994130472,-0.024944115547787173
107.45,-0.4435401030777633,-0.4435401030777633,-0.18693282211803372,-0.029754963516401948
107.5,-0.32801130101733705,-0.32801130101733705,-0.1912977022894392,-0.028799438489573382
107.55,-0.4088532537532286,-0.4088532537532286,-0.17012254527755116,-0.019314329562218836
107.6,-0.5083889877957181,-0.5083889877957181,-0.14516650605935225,-0.005131390682750881
107.65,-0.42315231168782347,-0.42315231168782347,-0.1408274148684437,0.008567070884026138
107.7,-0.3126344526500474,-0.3126344526500474,-0.13831129471908166,0.020878482179521877
107.75,-0.3940651459296943,-0.3940651459296943,-0.11203543158090745,0.03167805269466624
107.8,-0.38205857418154066,-0.38205857418154066,-0.09612776335161924,0.03493402596881199
107.85,-0.3004423073189175,-0.3004423073189175,-0.08824658640197613,0.030158563859400047
107.9,-0.3295430670720372,-0.3295430670720372,-0.06686539459373357,0.020656189685967684
107.95,-0.11172195314183173,-0.11172195314183173,-0.07471745706227163,0.004087373659539205
108.0,-0.06640629903825811,-0.06640629903825811,-0.061760749869190036,-0.010857901408604256
108.05,0.10396089804794302,0.10396089804794302,-0.06359494446626361,-0.024908535372978175
108.1,0.24309234714254693,0.24309234714254693,-0.060841821886521694,-0.033461366675926196
108.15,0.26399440559001264,0.26399440559001264,-0.04350720242168626,-0.03393448049275548
108.2,0.4254079501335779,0.4254079501335779,-0.04242665977236114,-0.029640498985193053
108.25,0.3663935063735269,0.3663935063735269,-0.014953035169486775,-0.01707262172132234
108.3,0.38953643121640913,0.38953643121640913,0.0033249558489612317,-0.002587148877822197
108.35,0.41069172747182925,0.41069172747182925,0.021206498270826664,0.01193869693016509
108.4,0.2923006689611012,0.2923006689611012,0.05534754383223009,0.02535297898418724
108.45,0.28944718518499224,0.28944718518499224,0.0745244852258907,0.03196566321846172
108.5,0.4636442815445917,0.4636442815445917,0.07138271053943078,0.029856820699590853
108.55,0.3933895529501398,0.3933895529501398,0.09594707198418262,0.024802308199978296
108.6,0.6089608151896031,0.6089608151896031,0.08503856567882813,0.011190539761998177
108.65,0.6916985691269298,0.6916985691269298,0.08906698951381381,-0.0031609145239522747
108.7,0.7011446872020294,0.7011446872020294,0.10090982321742355,-0.016165251806139532
108.75,0.8391054107065061,0.8391054107065061,0.09644633580045063,-0.02757376126499212
108.8,0.8496666254913926,0.8496666254913926,0.10650705640305137,-0.03166967921427501
108.85,0.9089579650787202,0.9089579650787202,0.11009715018653811,-0.0296231006778349
108.9,0.9025292413275612,0.9025292413275612,0.12066115251546236,-0.020398779292549536
108.95,0.8076998156168508,0.8076998156168508,0.1406321329848658,-0.0058183618299825525
109.0,0.7295967115168249,0.7295967115168249,0.1574442872125898,0.00948417320739327
109.05,0.7076092638655349,0.7076092638655349,0.1658870287443062,0.02158064775075165
109.1,0.6148438042298764,0.6148438042298764,0.18086877191312056,0.029423018912852206
109.15,0.6532334816319334,0.6532334816319334,0.17787551094601936,0.02888491239160287
109.2,0.6826723186472634,0.6826723186472634,0.17421896966890218,0.02189919131692878
109.25,0.549342378056762,0.549342378056762,0.1878746759372867,0.012015600418867822
109.3,0.5835067108369973,0.5835067108369973,0.17979571704243785,-0.002565472724934565
109.35,0.7291175230137814,0.7291175230137814,0.15659138194555064,-0.018018774782354783
109.4,0.6945985841271425,0.6945985841271425,0.15349599562623778,-0.027587057032026498
109.45,0.796094082575712,0.796094082575712,0.13311232686801022,-0.033358168131400086
109.5,0.6480650617612136,0.6480650617612136,0.14175644770225654,-0.02944453611533957
109.55,0.53708765249752,0.53708765249752,0.14507204310199168,-0.02022027319434854
109.6,0.659490310076018,0.659490310076018,0.11940298072838347,-0.010026103426561612
109.65,0.4576842492664483,0.4576842492664483,0.13175762222229961,0.0059754569297892
109.7,0.3012763155733232,0.3012763155733232,0.13762719332483184,0.02004919645053607
109.75,0.17390291343131828,0.17390291343131828,0.13869531721410164,0.029737173226071792
109.8,0.008755855598270107,0.008755855598270107,0.14287317764940813,0.034010287395347956
109.85,-0.0008857877454030716,-0.0008857877454030716,0.12693519141243714,0.02960573068235561
109.9,-0.027317889951698412,-0.027317889951698412,0.11135588388266833,0.019494247445442207
109.95,-0.09354710090020739,-0.09354710090020739,0.09942043492602369,0.005943546737882964
110.0,0.01702702716667125,0.01702702716667125,0.06546818657457329,-0.011053483216267465
110.05,0.07778266500183918,0.07778266500183918,0.037375592801824085,-0.025338691352264926
110.1,0.07775177010021819,0.07775177010021819,0.016737531837040867,-0.03396987843426595
110.15,-0.007640808431969914,-0.007640808431969914,0.006760519024291285,-0.03481493592277893
110.2,-0.1329129419956908,-0.1329129419956908,0.0021090045927693334,-0.028025317286546038
110.25,-0.22119115051130117,-0.22119115051130117,-0.0061504208395016195,-0.01566194934406794
110.3,-0.27516893921104035,-0.27516893921104035,-0.018242142984514008,-8.71417041926566e-05
110.35,-0.4315949504709036,-0.4315949504709036,-0.017528124063493498,0.017156152687804512
110.4,-0.6290776675669172,-0.6290776675669172,-0.011727546410941739,0.031644553486155705
110.45,-0.6142873174419184,-0.6142873174419184,-0.030884694300584537,0.03708724229859524
110.5,-0.7063790169881069,-0.7063790169881069,-0.03765120945991453,0.036187388976965947
110.55,-0.742620208171684,-0.742620208171684,-0.05058570744210357,0.02709273344671498
110.6,-0.7876981882864942,-0.7876981882864942,-0.06228941911302018,0.012594219692976917
110.65,-0.698301265372559,-0.698301265372559,-0.08902291917422404,-0.006025679487183249
110.7,-0.7770217219960703,-0.7770217219960703,-0.09511294962859917,-0.021077585707461814
110.75,-0.6558464929030895,-0.6558464929030895,-0.12388572433586982,-0.03395254674414055
110.8,-0.5867496171527016,-0.5867496171527016,-0.14491974039993807,-0.03890341981727392
110.85,-0.581728827650698,-0.581728827650698,-0.1563718777472466,-0.034982688163623286
110.9,-0.6938060436169736,-0.6938060436169736,-0.1517809655132974,-0.022574135007839724
110.95,-0.736642072500816,-0.736642072500816,-0.1536963903553905,-0.0066589659076199985
111.0,-0.7685083183377012,-0.7685083183377012,-0.1552352990485834,0.010288741074317303
111.05,-0.9848929156785245,-0.9848929156785245,-0.13347503986001732,0.02748326402649029
111.1,-0.8697207345186093,-0.8697207345186093,-0.15010378481982886,0.035267815351741186
111.15,-0.9150102192094697,-0.9150102192094697,-0.1464470489578365,0.03834713536275553
111.2,-0.9077326709374322,-0.9077326709374322,-0.14780372449232268,0.03352984193742137
111.25,-0.9188572306146364,-0.9188572306146364,-0.14608005959545217,0.022764546142936642
111.3,-0.7011263682554354,-0.7011263682554354,-0.17030080205231904,0.005103771095413218
111.35,-0.5760570750162141,-0.5760570750162141,-0.18180560983145722,-0.012015532982475268
111.4,-0.5236964990211875,-0.5236964990211875,-0.18261480584264214,-0.025399527670704067
111.45,-0.5074099971548559,-0.5074099971548559,-0.1768675894886282,-0.032611238359457465
111.5,-0.4499186385976757,-0.4499186385976757,-0.17430681355854968,-0.032989474125068106
111.55,-0.35408198967753807,-0.35408198967753807,-0.17434204220859767,-0.026507281157605176
111.6,-0.3916307793941506,-0.3916307793941506,-0.15660155953578153,-0.012648192064434825
111.65,-0.33649113977075923,-0.33649113977075923,-0.14850120898029287,0.002576845385781389
111.7,-0.40751510952658276,-0.40751510952658276,-0.12395441834639208,0.01846258289974255
111.75,-0.468144571180398,-0.468144571180398,-0.09989509130675656,0.02986683577770796
111.8,-0.3495358812318762,-0.3495358812318762,-0.09665832443476177,0.032296983286426065
111.85,-0.3889553301239854,-0.3889553301239854,-0.07448713520243175,0.029561474790424428
111.9,-0.26690534131579474,-0.26690534131579474,-0.07145193206198223,0.01850316171593072
111.95,-0.0848435162360259,-0.0848435162360259,-0.07529706082627581,0.002888545594920471
112.0,-0.05520669039682396,-0.05520669039682396,-0.060460510002096624,-0.01130617885497258
112.05,0.1250332992001383,0.1250332992001383,-0.06345903502310923,-0.0249186919385132
112.1,0.3199799114243832,0.3199799114243832,-0.06760997519025101,-0.0336016789585666
112.15,0.30357726711060584,0.30357726711060584,-0.04555152171835788,-0.032887031757913056
112.2,0.5044231377335446,0.5044231377335446,-0.04904168675804528,-0.028262451601447445
112.25,0.4501568654755859,0.4501568654755859,-0.021381945729675417,-0.014730619310346865
112.3,0.4425938385724819,0.4425938385724819,0.0010567622441515641,0.0013051931145722782
112.35,0.3719230877957613,0.3719230877957613,0.03084920085068736,0.018105631906250697
112.4,0.3512783502449596,0.3512783502449596,0.05390547368154336,0.030918655090647913
112.45,0.3582666245904056,0.3582666245904056,0.07267380726901679,0.03738434398355258
112.5,0.472969518205773,0.472969518205773,0.0771501973123464,0.03504353411352865
112.55,0.40037115205245094,0.40037115205245094,0.10269421447025777,0.027873525938561426
112.6,0.5602814752153185,0.5602814752153185,0.09905321516301906,0.01192806194137326
112.65,0.6938797453634938,0.6938797453634938,0.09704984693278622,-0.006479700116228803
112.7,0.7635213956443364,0.7635213956443364,0.10181293119392813,-0.023158602075384362
112.75,0.9071018679962872,0.9071018679962872,0.0967410532523806,-0.03632351083699776
112.8,0.8673514353963994,0.8673514353963994,0.11288345223655882,-0.03999959507521589
112.85,0.9296948224525574,0.9296948224525574,0.11587331101690113,-0.037005172316954
112.9,0.9371805273241176,0.9371805273241176,0.12461466101260778,-0.026118731314570945
112.95,0.9234759507317964,0.9234759507317964,0.1345943496202585,-0.010153842650308498
113.0,0.7968029933307518,0.7968029933307518,0.15704747722784684,0.008687794630219296
113.05,0.7503378555312943,0.7503378555312943,0.16821412879172698,0.024158031805758606
113.1,0.6825172332225564,0.6825172332225564,0.18007404683608508,0.03440835924677473
113.15,0.6904098705445227,0.6904098705445227,0.18088809771467498,0.03621728277402848
113.2,0.6560994039059632,0.6560994039059632,0.18456515303094548,0.03085190817019388
113.25,0.6467631983438499,0.6467631983438499,0.18345960844712483,0.018824960856995195
113.3,0.6407268213553722,0.6407268213553722,0.17999333826657074,0.00314352316146011
113.35,0.6822472924899706,0.6822472924899706,0.16917325834146377,-0.013374182210728731
113.4,0.7580980317150015,0.7580980317150015,0.1526123919165174,-0.02724425748838566
113.45,0.7250610064455146,0.7250610064455146,0.1479612797890187,-0.034062832006551205
113.5,0.7307212878185665,0.7307212878185665,0.1377385669214657,-0.034529872120062345
113.55,0.6770004564936846,0.6770004564936846,0.1337941300520352,-0.02755427351102393
113.6,0.49091239226884276,0.49091239226884276,0.14451919245351308,-0.013749916021170256
113.65,0.4455629908261225,0.4455629908261225,0.13749457925491318,0.0006618982587520078
113.7,0.3509468208943209,0.3509468208943209,0.1349730222944192,0.01507680656570396
113.75,0.1647976039336184,0.1647976039336184,0.14202427183670355,0.0270784792285279
113.8,0.23015148028642457,0.23015148028642457,0.1177559506300412,0.030002717253903695
113.85,0.012070196811691341,0.012070196811691341,0.12614834286191673,0.030056944945934746
113.9,0.023434582108057548,0.023434582108057548,0.10540526855788125,0.021066760264897018
113.95,0.007200923051268999,0.007200923051268999,0.08745734926962158,0.008270771225557763
114.0,-0.019798889153878358,-0.019798889153878358,0.06988307623875058,-0.005788137159603155
114.05,-0.022291554504330603,-0.022291554504330603,0.04907305988887156,-0.018543595297196007
114.1,0.025853010624646622,0.025853010624646622,0.022152144215377763,-0.027685090090172965
114.15,-0.04726223861087372,-0.04726223861087372,0.010119289121397588,-0.0292924386239414
114.2,-0.048568936853759806,-0.048568936853759806,-0.009845458895211351,-0.02560237478506998
114.25,-0.2212577842939787,-0.2212577842939787,-0.008749264691412342,-0.014471936684951982
114.3,-0.30153285344404446,-0.30153285344404446,-0.018328722154084424,-0.0015182407584607121
114.35,-0.413579238720042,-0.413579238720042,-0.023400897067098286,0.0121254258141583
114.4,-0.5137460217442887,-0.5137460217442887,-0.029716867248338066,0.023077696359369567
114.45,-0.6795417343123477,-0.6795417343123477,-0.027825709383591437,0.03008792969549227
114.5,-0.6436772945289639,-0.6436772945289639,-0.04994138713165051,0.028464531015916714
114.55,-0.6812318814875058,-0.6812318814875058,-0.06300096689054004,0.022028896536087594
114.6,-0.7686175389783394,-0.7686175389783394,-0.0694592602143695,0.011885148817575289
114.65,-0.6920227441620707,-0.6920227441620707,-0.09485981746630262,-0.0025022288383639434
114.7,-0.6505996867509201,-0.6505996867509201,-0.11484277135537221,-0.015768818970908934
114.75,-0.6315200302096707,-0.6315200302096707,-0.1309008931500063,-0.025431150870496386
114.8,-0.6605239851713475,-0.6605239851713475,-0.1395285441791603,-0.02916570287290082
114.85,-0.5863412304381893,-0.5863412304381893,-0.15888693695414946,-0.02803852534947946
114.9,-0.6534755238536878,-0.6534755238536878,-0.1591026028346477,-0.019206628447917783
114.95,-0.8174449563574884,-0.8174449563574884,-0.14634096081201425,-0.004993289112728117
115.0,-0.8634842138461484,-0.8634842138461484,-0.1458914824895988,0.009028013436531052
115.05,-0.8466607413057231,-0.8466607413057231,-0.15202890188844656,0.020560828964208834
115.1,-0.8458367008985533,-0.8458367008985533,-0.15487398400612284,0.02806550416846384
115.15,-0.9675628132012993,-0.9675628132012993,-0.14210141935497372,0.03132924805632256
115.2,-0.9362608663050236,-0.9362608663050236,-0.14628609939604495,0.026420310856779976
115.25,-0.8690138793099322,-0.8690138793099322,-0.1543560873896676,0.01596861914916129
115.3,-0.6986201658445756,-0.6986201658445756,-0.17288839108732265,0.001334968370371541
115.35,-0.7183381473753385,-0.7183381473753385,-0.16727891917211632,-0.01079336004740092
115.4,-0.5519320096619461,-0.5519320096619461,-0.182246670600977,-0.02258471633928115
115.45,-0.5523616374258459,-0.5523616374258459,-0.1756155330809246,-0.027213407324194222
115.5,-0.403977362150981,-0.403977362150981,-0.1845310502047372,-0.027690665347958002
115.55,-0.3115815200010654,-0.3115815200010654,-0.18477597096279094,-0.021455569735172722
115.6,-0.40821364634663904,-0.40821364634663904,-0.1604743980517723,-0.008211687015678884
115.65,-0.3581812730447958,-0.3581812730447958,-0.15211934467194083,0.005117908873534173
115.7,-0.4378739291607908,-0.4378739291607908,-0.1268582599939542,0.01922099700232013
115.75,-0.4448570403777725,-0.4448570403777725,-0.10943666449467712,0.02866842442760839
115.8,-0.4553878780935191,-0.4553878780935191,-0.09104957519976749,0.03245169627032647
115.85,-0.3183769617327885,-0.3183769617327885,-0.09014154280521514,0.027824616849700223
115.9,-0.27546225060380236,-0.27546225060380236,-0.07760653062085238,0.0186342855106821
115.95,-0.12805799339058424,-0.12805799339058424,-0.07734702140813003,0.004175238669001489
116.0,0.0027917816924034645,0.0027917816924034645,-0.07476718097601949,-0.011207252381892059
116.05,0.07717951087694175,0.07717951087694175,-0.0646046882190671,-0.02393687545856657
116.1,0.24146832492751943,0.24146832492751943,-0.06458795174053585,-0.03321978177328764
116.15,0.29650301197161816,0.29650301197161816,-0.051137490592554624,-0.03462345899754662
116.2,0.3744264188011509,0.3744264188011509,-0.0396638610620114,-0.02940785264279639
116.25,0.39701041034317386,0.39701041034317386,-0.021193654130465686,-0.01756090382227053
116.3,0.3441797325243052,0.3441797325243052,0.006264976056120191,-0.0012317323400931814
116.35,0.38407757487024446,0.38407757487024446,0.022565899513386344,0.014057446424496285
116.4,0.43442697628691945,0.43442697628691945,0.03678306925188423,0.026064792593996994
116.45,0.35227820915501684,0.35227820915501684,0.06614193993818356,0.034103651784718775
116.5,0.4532419657025366,0.4532419657025366,0.07251015535379211,0.03272144420107336
116.55,0.4905766838429327,0.4905766838429327,0.0853343460628266,0.025406573046901842
116.6,0.47351642920745013,0.47351642920745013,0.10303378325944065,0.013723479933139117
116.65,0.6542222626487854,0.6542222626487854,0.09612732723440175,-0.00287303911822058
116.7,0.7608294329899047,0.7608294329899047,0.09700104763442714,-0.01755164900968316
116.75,0.7877844067504824,0.7877844067504824,0.10628575551079736,-0.02735775753179878
116.8,0.8797439173809717,0.8797439173809717,0.1069490629149776,-0.032325490496647
116.85,0.9352262330450719,0.9352262330450719,0.11139948073236298,-0.030496256025410735
116.9,0.915163936079308,0.915163936079308,0.12364138961357873,-0.022006145454643578
116.95,0.8656112474916371,0.8656112474916371,0.1385983956476801,-0.009240672676537262
117.0,0.8727493018592999,0.8727493018592999,0.1455514071875652,0.00413887984898654
117.05,0.7615841073154624,0.7615841073154624,0.16512474307303246,0.017651662733292366
117.1,0.6740929548316832,0.6740929548316832,0.18011403399811968,0.026888664727472426
117.15,0.6957456588332774,0.6957456588332774,0.17992675686130416,0.028980982958832585
117.2,0.6379599835434593,0.6379599835434593,0.18722544799625823,0.02588095262114351
117.25,0.6640116098124667,0.6640116098124667,0.1827086551955998,0.016232160664142722
117.3,0.7006632170208076,0.7006632170208076,0.17499099285986253,0.0029615082052156317
117.35,0.6190631685123336,0.6190631685123336,0.1793245986547837,-0.009559587488836835
117.4,0.6751236342380017,0.6751236342380017,0.16588112685076994,-0.0219156792527686
117.45,0.7580439965892618,0.7580439965892618,0.14781343096057328,-0.030276748218182162
117.5,0.779202557602449,0.779202557602449,0.13615795017378604,-0.03199015038616286
117.55,0.6018561104377516,0.6018561104377516,0.14725450996418185,-0.02505905310153101
117.6,0.467987168129503,0.467987168129503,0.1521589970788345,-0.013845763383115111
117.65,0.44608650009236267,0.44608650009236267,0.14220041918619045,-0.0014847811100892644
117.7,0.4553080885651949,0.4553080885651949,0.12754904205174933,0.010373287347427405
117.75,0.18222682160242337,0.18222682160242337,0.14523914905114027,0.023183763152054157
117.8,0.08547873234134054,0.08547873234134054,0.14043378963344727,0.028812774419953512
117.85,-0.016031402662778194,-0.016031402662778194,0.134659706273965,0.028616422365979353
117.9,-0.015231952173004031,-0.015231952173004031,0.11527592551465292,0.021451332915441747
117.95,-0.08198512806616787,-0.08198512806616787,0.10263336559065024,0.010957439540416343
118.0,0.07799323177287483,0.07799323177287483,0.06200954990312072,-0.004440256132530902
118.05,0.04649093303867857,0.04649093303867857,0.04424749870679252,-0.01646152957690588
118.1,0.02574933391569375,0.02574933391569375,0.02529538869974945,-0.025141979321574026
118.15,-0.06996788781729033,-0.06996788781729033,0.015754994140345147,-0.02748777881639876
118.2,-0.09582852997531799,-0.09582852997531799,-0.0015515971278491714,-0.024663600476971873
118.25,-0.16509341311637388,-0.16509341311637388,-0.013119877935745407,-0.0157486364599929
118.3,-0.30200391876262966,-0.30200391876262966,-0.015802478302890253,-0.002263605321029874
118.35,-0.37213905220392596,-0.37213905220392596,-0.025891868847567126,0.011282579080333413
118.4,-0.5256119239983437,-0.5256119239983437,-0.02580853401251625,0.023835195043044693
118.45,-0.6076812098780687,-0.6076812098780687,-0.033664819937045294,0.030702402668516284
118.5,-0.6475583721485756,-0.6475583721485756,-0.04643854287392311,0.030654597102436246
118.55,-0.7347554831688567,-0.7347554831688567,-0.05308368586807274,0.024726639747171493
118.6,-0.6831096772139721,-0.6831096772139721,-0.07569998155883224,0.011851712493293866
118.65,-0.7249211342933557,-0.7249211342933557,-0.08648566903677811,-0.002331713237019438
118.7,-0.636209648019909,-0.636209648019909,-0.11203723314407743,-0.01762566016007019
118.75,-0.6000721786319552,-0.6000721786319552,-0.12970235760592383,-0.028609619683180456
118.8,-0.6213933127596694,-0.6213933127596694,-0.13905624993211407,-0.03296191901215232
118.85,-0.6878605000645713,-0.6878605000645713,-0.14096794257508782,-0.02986291560948267
118.9,-0.5741235623364185,-0.5741235623364185,-0.16278372208997652,-0.02280244558897216
118.95,-0.7206592260963104,-0.7206592260963104,-0.15187274872211703,-0.007948892977096023
119.0,-0.8573222561656567,-0.8573222561656567,-0.14048553078281217,0.00819627645506919
119.05,-0.844756385943196,-0.844756385943196,-0.1455416888510401,0.020714499774872268
119.1,-0.9789389019334784,-0.9789389019334784,-0.13217090077033838,0.030953781835649473
119.15,-0.9760150825597831,-0.9760150825597831,-0.13445220090362248,0.03349144133733059
119.2,-0.8162739472043039,-0.8162739472043039,-0.15450596526913402,0.027589304999743266
119.25,-0.8386859675735348,-0.8386859675735348,-0.15162001213244725,0.018577934078328934
119.3,-0.7932965174336607,-0.7932965174336607,-0.1555231656877522,0.005188438653056024
119.35,-0.5950583960255185,-0.5950583960255185,-0.17655182435985053,-0.010793397925225538
119.4,-0.5357209735929679,-0.5357209735929679,-0.17886011477144562,-0.022297124829496154
119.45,-0.5341015603948728,-0.5341015603948728,-0.17246004714966218,-0.027738613025732183
119.5,-0.46588260071688326,-0.46588260071688326,-0.17213964390528771,-0.027393499065949723
119.55,-0.3592853262508274,-0.3592853262508274,-0.17452468654214887,-0.021084236168893725
119.6,-0.33824503088486496,-0.33824503088486496,-0.16462966050496686,-0.008857675403490268
119.65,-0.42701467112660896,-0.42701467112660896,-0.14022175584288124,0.006794088298174845
119.7,-0.3585891436730361,-0.3585891436730361,-0.13305172404551996,0.019108912155787604
119.75,-0.4016611358923933,-0.4016611358923933,-0.11187598496070147,0.028734560661268664
119.8,-0.3232020467437952,-0.3232020467437952,-0.10447584771108527,0.030716198354344703
119.85,-0.3380893478129611,-0.3380893478129611,-0.08525191165069966,0.027378867359463568
119.9,-0.27713451673745065,-0.27713451673745065,-0.07468029393423715,0.017441484566505728
119.95,-0.14003765128708148,-0.14003765128708148,-0.07314352961378402,0.00304558007317943
