epoch_index,timestamp_start,timestamp_end,motion_type,motion_score,posture_label,posture_confidence,associated_sleep_event
0,0.0,14.4,Major Movement,0.4002,Restless,0.75,
1,7.6,22.0,Major Movement,0.4046,Active,0.558,
2,15.2,29.6,Major Movement,0.3954,Restless,0.75,
3,22.8,37.2,Major Movement,0.3922,Active,0.539,
4,30.4,44.8,Major Movement,0.3999,Active,0.552,
5,38.0,52.4,Major Movement,0.4028,Active,0.556,
6,45.6,60.0,Major Movement,0.4079,Active,0.557,
7,53.2,67.6,Major Movement,0.4101,Active,0.562,
8,60.8,75.2,Major Movement,0.4138,Active,0.566,
9,68.4,82.8,Major Movement,0.4088,Active,0.565,
10,76.0,90.4,Major Movement,0.4121,Active,0.571,
11,83.6,98.0,Major Movement,0.4142,Active,0.581,
12,91.2,105.6,Major Movement,0.4057,Active,0.552,
13,98.8,113.2,Major Movement,0.4003,Active,0.549,
14,106.4,120.8,Major Movement,0.4064,Active,0.558,
15,114.0,128.4,Major Movement,0.3976,Active,0.554,
16,121.6,136.0,Major Movement,0.3966,Active,0.55,
17,129.2,143.6,Major Movement,0.3997,Active,0.557,
18,136.8,151.2,Major Movement,0.4022,Active,0.552,
19,144.4,158.8,Major Movement,0.4085,Active,0.561,
20,152.0,166.4,Major Movement,0.4207,Active,0.586,
21,159.6,174.0,Major Movement,0.4003,Active,0.553,
22,167.2,181.6,Major Movement,0.4056,Active,0.552,
23,174.8,189.2,Major Movement,0.4097,Active,0.571,
24,182.4,196.8,Major Movement,0.413,Active,0.566,
25,190.0,204.4,Major Movement,0.4088,Active,0.558,
26,197.6,212.0,Major Movement,0.3923,Active,0.541,
27,205.2,219.6,Major Movement,0.412,Active,0.569,
28,212.8,227.2,Major Movement,0.4168,Active,0.579,
29,220.4,234.8,Major Movement,0.4087,Active,0.565,
30,228.0,242.4,Major Movement,0.405,Active,0.553,
31,235.6,250.0,Major Movement,0.4166,Active,0.575,
32,243.2,257.6,Major Movement,0.417,Active,0.578,
33,250.8,265.2,Major Movement,0.4028,Active,0.558,
34,258.4,272.8,Major Movement,0.4,Active,0.554,
35,266.0,280.4,Major Movement,0.4023,Active,0.553,
36,273.6,288.0,Major Movement,0.4072,Active,0.566,
37,281.2,295.6,Major Movement,0.4077,Active,0.563,
38,288.8,303.2,Major Movement,0.4089,Active,0.566,
39,296.4,310.8,Major Movement,0.4094,Active,0.56,
40,304.0,318.4,Major Movement,0.4049,Active,0.563,
41,311.6,326.0,Major Movement,0.4067,Active,0.558,
42,319.2,333.6,Major Movement,0.4057,Active,0.562,
43,326.8,341.2,Major Movement,0.4076,Active,0.567,
44,334.4,348.8,Major Movement,0.3977,Active,0.548,
45,342.0,356.4,Major Movement,0.4016,Active,0.552,
46,349.6,364.0,Major Movement,0.409,Active,0.569,
47,357.2,371.6,Major Movement,0.4116,Active,0.572,
48,364.8,379.2,Major Movement,0.4196,Active,0.582,
49,372.4,386.8,Major Movement,0.4229,Active,0.581,
50,380.0,394.4,Major Movement,0.4097,Active,0.559,
51,387.6,402.0,Major Movement,0.4015,Active,0.548,
52,395.2,409.6,Major Movement,0.4025,Active,0.554,
53,402.8,417.2,Major Movement,0.4049,Active,0.555,
54,410.4,424.8,Major Movement,0.4039,Active,0.556,
55,418.0,432.4,Major Movement,0.4012,Active,0.55,
56,425.6,440.0,Major Movement,0.4035,Active,0.555,
57,433.2,447.6,Major Movement,0.4099,Active,0.575,
58,440.8,455.2,Major Movement,0.4033,Active,0.558,
59,448.4,462.8,Major Movement,0.409,Active,0.57,
60,456.0,470.4,Major Movement,0.4141,Active,0.564,
61,463.6,478.0,Major Movement,0.4056,Active,0.557,
62,471.2,485.6,Major Movement,0.4149,Active,0.573,
63,478.8,493.2,Major Movement,0.4125,Active,0.574,
64,486.4,500.8,Major Movement,0.3944,Active,0.552,
65,494.0,508.4,Major Movement,0.398,Active,0.549,
66,501.6,516.0,Major Movement,0.3981,Active,0.543,
67,509.2,523.6,Major Movement,0.3971,Active,0.55,
68,516.8,531.2,Major Movement,0.4235,Active,0.587,
69,524.4,538.8,Major Movement,0.4243,Active,0.594,
70,532.0,546.4,Major Movement,0.4154,Active,0.566,
71,539.6,554.0,Major Movement,0.4109,Active,0.567,
72,547.2,561.6,Major Movement,0.4044,Active,0.561,
73,554.8,569.2,Major Movement,0.3952,Active,0.546,
74,562.4,576.8,Major Movement,0.3972,Active,0.539,
75,570.0,584.4,Major Movement,0.4042,Active,0.551,
76,577.6,592.0,Major Movement,0.4154,Active,0.572,
77,585.2,599.6,Major Movement,0.4115,Active,0.568,
78,592.8,607.2,Major Movement,0.4092,Active,0.563,
79,600.4,614.8,Major Movement,0.4165,Active,0.571,
80,608.0,622.4,Major Movement,0.4134,Active,0.563,
81,615.6,630.0,Major Movement,0.4045,Active,0.56,
82,623.2,637.6,Major Movement,0.3952,Active,0.548,
83,630.8,645.2,Major Movement,0.4047,Active,0.553,
84,638.4,652.8,Major Movement,0.4078,Active,0.567,
85,646.0,660.4,Major Movement,0.4174,Active,0.582,
86,653.6,668.0,Major Movement,0.4088,Active,0.564,
87,661.2,675.6,Major Movement,0.3996,Active,0.553,
88,668.8,683.2,Major Movement,0.3994,Active,0.551,
89,676.4,690.8,Major Movement,0.4185,Active,0.578,
90,684.0,698.4,Major Movement,0.4173,Active,0.583,
91,691.6,706.0,Major Movement,0.4117,Active,0.568,
92,699.2,713.6,Major Movement,0.4116,Active,0.565,
93,706.8,721.2,Major Movement,0.4033,Active,0.549,
94,714.4,728.8,Major Movement,0.4084,Active,0.566,
95,722.0,736.4,Major Movement,0.4094,Active,0.567,
96,729.6,744.0,Major Movement,0.3902,Restless,0.75,
97,737.2,751.6,Major Movement,0.3973,Active,0.544,
98,744.8,759.2,Major Movement,0.412,Active,0.569,
99,752.4,766.8,Major Movement,0.4197,Active,0.584,
100,760.0,774.4,Major Movement,0.4083,Active,0.563,
101,767.6,782.0,Major Movement,0.3944,Active,0.546,
102,775.2,789.6,Major Movement,0.3938,Active,0.543,
103,782.8,797.2,Major Movement,0.3967,Active,0.545,
104,790.4,804.8,Major Movement,0.398,Active,0.545,
105,798.0,812.4,Major Movement,0.4049,Active,0.554,
106,805.6,820.0,Major Movement,0.4081,Active,0.56,
107,813.2,827.6,Major Movement,0.4097,Active,0.56,
108,820.8,835.2,Major Movement,0.4047,Active,0.545,
109,828.4,842.8,Major Movement,0.406,Active,0.549,
110,836.0,850.4,Major Movement,0.4135,Active,0.566,
111,843.6,858.0,Major Movement,0.4034,Active,0.555,
112,851.2,865.6,Major Movement,0.4101,Active,0.572,
113,858.8,873.2,Major Movement,0.4057,Active,0.564,
114,866.4,880.8,Major Movement,0.4092,Active,0.569,
115,874.0,888.4,Major Movement,0.4107,Active,0.579,
116,881.6,896.0,Major Movement,0.4105,Active,0.574,
117,889.2,903.6,Major Movement,0.4159,Active,0.583,
118,896.8,911.2,Major Movement,0.4229,Active,0.587,
119,904.4,918.8,Major Movement,0.4133,Active,0.57,
120,912.0,926.4,Major Movement,0.4,Active,0.56,
121,919.6,934.0,Major Movement,0.4158,Active,0.574,
122,927.2,941.6,Major Movement,0.4247,Active,0.586,
123,934.8,949.2,Major Movement,0.4179,Active,0.583,
124,942.4,956.8,Major Movement,0.4098,Active,0.567,
125,950.0,964.4,Major Movement,0.4018,Active,0.558,
126,957.6,972.0,Major Movement,0.4065,Active,0.557,
127,965.2,979.6,Major Movement,0.4026,Active,0.548,
128,972.8,987.2,Major Movement,0.4005,Active,0.551,
129,980.4,994.8,Major Movement,0.419,Active,0.573,
130,988.0,1002.4,Major Movement,0.4221,Active,0.58,
131,995.6,1010.0,Major Movement,0.4194,Active,0.578,
132,1003.2,1017.6,Major Movement,0.4094,Active,0.556,
133,1010.8,1025.2,Major Movement,0.408,Active,0.558,
134,1018.4,1032.8,Major Movement,0.4101,Active,0.571,
135,1026.0,1040.4,Major Movement,0.4129,Active,0.571,
136,1033.6,1048.0,Major Movement,0.4147,Active,0.581,
137,1041.2,1055.6,Major Movement,0.4095,Active,0.56,
138,1048.8,1063.2,Major Movement,0.4012,Active,0.555,
139,1056.4,1070.8,Major Movement,0.4057,Active,0.562,
140,1064.0,1078.4,Major Movement,0.3924,Active,0.543,
141,1071.6,1086.0,Major Movement,0.3951,Active,0.544,
142,1079.2,1093.6,Major Movement,0.4053,Active,0.57,
143,1086.8,1101.2,Major Movement,0.411,Active,0.574,
144,1094.4,1108.8,Major Movement,0.4063,Active,0.563,
145,1102.0,1116.4,Major Movement,0.4018,Active,0.561,
146,1109.6,1124.0,Major Movement,0.4103,Active,0.566,
147,1117.2,1131.6,Major Movement,0.4208,Active,0.588,
148,1124.8,1139.2,Major Movement,0.4103,Active,0.565,
149,1132.4,1146.8,Major Movement,0.3989,Active,0.552,
150,1140.0,1154.4,Major Movement,0.4093,Active,0.562,
151,1147.6,1162.0,Major Movement,0.4151,Active,0.57,
152,1155.2,1169.6,Major Movement,0.411,Active,0.56,
153,1162.8,1177.2,Major Movement,0.4086,Active,0.554,
154,1170.4,1184.8,Major Movement,0.4052,Active,0.553,
155,1178.0,1192.4,Major Movement,0.4118,Active,0.568,
156,1185.6,1200.0,Major Movement,0.4169,Active,0.575,
157,1193.2,1207.6,Major Movement,0.4094,Active,0.565,
158,1200.8,1215.2,Major Movement,0.3964,Active,0.547,
159,1208.4,1222.8,Major Movement,0.3947,Active,0.548,
160,1216.0,1230.4,Major Movement,0.4173,Active,0.577,
161,1223.6,1238.0,Major Movement,0.4166,Active,0.582,
162,1231.2,1245.6,Major Movement,0.4052,Active,0.565,
163,1238.8,1253.2,Major Movement,0.4052,Active,0.562,
164,1246.4,1260.8,Major Movement,0.4028,Active,0.559,
165,1254.0,1268.4,Major Movement,0.3992,Active,0.561,
166,1261.6,1276.0,Major Movement,0.4054,Active,0.564,
167,1269.2,1283.6,Major Movement,0.4083,Active,0.572,
168,1276.8,1291.2,Major Movement,0.4044,Active,0.565,
169,1284.4,1298.8,Major Movement,0.388,Restless,0.75,
170,1292.0,1306.4,Major Movement,0.3817,Restless,0.75,
171,1299.6,1314.0,Major Movement,0.4043,Active,0.55,
172,1307.2,1321.6,Major Movement,0.4153,Active,0.573,
173,1314.8,1329.2,Major Movement,0.4068,Active,0.561,
174,1322.4,1336.8,Major Movement,0.403,Active,0.554,
175,1330.0,1344.4,Major Movement,0.4184,Active,0.58,
176,1337.6,1352.0,Major Movement,0.4138,Active,0.569,
177,1345.2,1359.6,Major Movement,0.4073,Active,0.557,
178,1352.8,1367.2,Major Movement,0.3923,Restless,0.75,
179,1360.4,1374.8,Major Movement,0.3942,Restless,0.75,
180,1368.0,1382.4,Major Movement,0.4158,Active,0.577,
181,1375.6,1390.0,Major Movement,0.4202,Active,0.586,
182,1383.2,1397.6,Major Movement,0.4134,Active,0.57,
183,1390.8,1405.2,Major Movement,0.4118,Active,0.562,
184,1398.4,1412.8,Major Movement,0.4075,Active,0.559,
185,1406.0,1420.4,Major Movement,0.4093,Active,0.565,
186,1413.6,1428.0,Major Movement,0.4089,Active,0.566,
187,1421.2,1435.6,Major Movement,0.4152,Active,0.569,
188,1428.8,1443.2,Major Movement,0.4183,Active,0.579,
189,1436.4,1450.8,Major Movement,0.4179,Active,0.577,
190,1444.0,1458.4,Major Movement,0.4125,Active,0.585,
191,1451.6,1466.0,Major Movement,0.4115,Active,0.571,
192,1459.2,1473.6,Major Movement,0.4086,Active,0.567,
193,1466.8,1481.2,Major Movement,0.4116,Active,0.564,
194,1474.4,1488.8,Major Movement,0.4039,Active,0.559,
195,1482.0,1496.4,Major Movement,0.3993,Active,0.552,
196,1489.6,1504.0,Major Movement,0.4107,Active,0.565,
197,1497.2,1511.6,Major Movement,0.4152,Active,0.573,
198,1504.8,1519.2,Major Movement,0.4061,Active,0.561,
199,1512.4,1526.8,Major Movement,0.4039,Active,0.553,
200,1520.0,1534.4,Major Movement,0.403,Active,0.553,
201,1527.6,1542.0,Major Movement,0.407,Active,0.558,
202,1535.2,1549.6,Major Movement,0.4027,Active,0.546,
203,1542.8,1557.2,Major Movement,0.4075,Active,0.557,
204,1550.4,1564.8,Major Movement,0.4197,Active,0.579,
205,1558.0,1572.4,Major Movement,0.4173,Active,0.573,
206,1565.6,1580.0,Major Movement,0.4056,Active,0.551,
207,1573.2,1587.6,Major Movement,0.4088,Active,0.561,
208,1580.8,1595.2,Major Movement,0.4114,Active,0.568,
209,1588.4,1602.8,Major Movement,0.4125,Active,0.57,
210,1596.0,1610.4,Major Movement,0.4116,Active,0.568,
211,1603.6,1618.0,Major Movement,0.4102,Active,0.566,
212,1611.2,1625.6,Major Movement,0.4202,Active,0.576,
213,1618.8,1633.2,Major Movement,0.4163,Active,0.576,
214,1626.4,1640.8,Major Movement,0.4199,Active,0.585,
215,1634.0,1648.4,Major Movement,0.4154,Active,0.58,
216,1641.6,1656.0,Major Movement,0.41,Active,0.569,
217,1649.2,1663.6,Major Movement,0.4092,Active,0.567,
218,1656.8,1671.2,Major Movement,0.4146,Active,0.573,
219,1664.4,1678.8,Major Movement,0.4055,Active,0.567,
220,1672.0,1686.4,Major Movement,0.4129,Active,0.582,
221,1679.6,1694.0,Major Movement,0.4136,Active,0.576,
222,1687.2,1701.6,Major Movement,0.4109,Active,0.56,
223,1694.8,1709.2,Major Movement,0.3987,Active,0.546,
224,1702.4,1716.8,Major Movement,0.4144,Active,0.577,
225,1710.0,1724.4,Major Movement,0.4167,Active,0.584,
226,1717.6,1732.0,Major Movement,0.4092,Active,0.568,
227,1725.2,1739.6,Major Movement,0.4004,Active,0.549,
228,1732.8,1747.2,Major Movement,0.4015,Active,0.555,
229,1740.4,1754.8,Major Movement,0.397,Active,0.548,
230,1748.0,1762.4,Major Movement,0.3943,Restless,0.75,
231,1755.6,1770.0,Major Movement,0.4001,Active,0.547,
232,1763.2,1777.6,Major Movement,0.4062,Active,0.557,
233,1770.8,1785.2,Major Movement,0.4164,Active,0.567,
234,1778.4,1792.8,Major Movement,0.4129,Active,0.564,
235,1786.0,1800.4,Major Movement,0.4145,Active,0.57,
236,1793.6,1808.0,Major Movement,0.4243,Active,0.597,
237,1801.2,1815.6,Major Movement,0.4241,Active,0.591,
238,1808.8,1823.2,Major Movement,0.4058,Active,0.554,
239,1816.4,1830.8,Major Movement,0.4065,Active,0.558,
240,1824.0,1838.4,Major Movement,0.4114,Active,0.565,
241,1831.6,1846.0,Major Movement,0.3962,Active,0.551,
242,1839.2,1853.6,Major Movement,0.4115,Active,0.572,
243,1846.8,1861.2,Major Movement,0.41,Active,0.573,
244,1854.4,1868.8,Major Movement,0.4033,Active,0.557,
245,1862.0,1876.4,Major Movement,0.4042,Active,0.551,
246,1869.6,1884.0,Major Movement,0.4076,Active,0.565,
247,1877.2,1891.6,Major Movement,0.4047,Active,0.56,
248,1884.8,1899.2,Major Movement,0.4108,Active,0.567,
249,1892.4,1906.8,Major Movement,0.4206,Active,0.588,
250,1900.0,1914.4,Major Movement,0.4057,Active,0.552,
251,1907.6,1922.0,Major Movement,0.3969,Active,0.546,
252,1915.2,1929.6,Major Movement,0.4033,Active,0.557,
253,1922.8,1937.2,Major Movement,0.4086,Active,0.562,
254,1930.4,1944.8,Major Movement,0.4194,Active,0.579,
255,1938.0,1952.4,Major Movement,0.4189,Active,0.584,
256,1945.6,1960.0,Major Movement,0.4134,Active,0.567,
257,1953.2,1967.6,Major Movement,0.4064,Active,0.565,
258,1960.8,1975.2,Major Movement,0.4054,Active,0.564,
259,1968.4,1982.8,Major Movement,0.4032,Active,0.557,
260,1976.0,1990.4,Major Movement,0.4196,Active,0.582,
261,1983.6,1998.0,Major Movement,0.4073,Active,0.559,
262,1991.2,2005.6,Major Movement,0.4099,Active,0.56,
263,1998.8,2013.2,Major Movement,0.4147,Active,0.581,
264,2006.4,2020.8,Major Movement,0.4047,Active,0.558,
265,2014.0,2028.4,Major Movement,0.4013,Active,0.56,
266,2021.6,2036.0,Major Movement,0.4093,Active,0.561,
267,2029.2,2043.6,Major Movement,0.4111,Active,0.57,
268,2036.8,2051.2,Major Movement,0.4089,Active,0.562,
269,2044.4,2058.8,Major Movement,0.4053,Active,0.56,
270,2052.0,2066.4,Major Movement,0.4114,Active,0.572,
271,2059.6,2074.0,Major Movement,0.4049,Active,0.559,
272,2067.2,2081.6,Major Movement,0.4066,Active,0.568,
273,2074.8,2089.2,Major Movement,0.4015,Active,0.555,
274,2082.4,2096.8,Major Movement,0.3937,Active,0.541,
275,2090.0,2104.4,Major Movement,0.393,Active,0.541,
276,2097.6,2112.0,Major Movement,0.4006,Active,0.545,
277,2105.2,2119.6,Major Movement,0.4126,Active,0.566,
278,2112.8,2127.2,Major Movement,0.4082,Active,0.556,
279,2120.4,2134.8,Major Movement,0.4019,Active,0.545,
280,2128.0,2142.4,Major Movement,0.4119,Active,0.57,
281,2135.6,2150.0,Major Movement,0.4236,Active,0.592,
282,2143.2,2157.6,Major Movement,0.4213,Active,0.585,
283,2150.8,2165.2,Major Movement,0.4102,Active,0.57,
284,2158.4,2172.8,Major Movement,0.4011,Active,0.552,
285,2166.0,2180.4,Major Movement,0.3938,Active,0.539,
286,2173.6,2188.0,Major Movement,0.4046,Active,0.56,
287,2181.2,2195.6,Major Movement,0.4073,Active,0.564,
288,2188.8,2203.2,Major Movement,0.4046,Active,0.561,
289,2196.4,2210.8,Major Movement,0.4117,Active,0.569,
290,2204.0,2218.4,Major Movement,0.4214,Active,0.587,
291,2211.6,2226.0,Major Movement,0.4165,Active,0.58,
292,2219.2,2233.6,Major Movement,0.3965,Active,0.552,
293,2226.8,2241.2,Major Movement,0.4027,Active,0.548,
294,2234.4,2248.8,Major Movement,0.4059,Active,0.551,
295,2242.0,2256.4,Major Movement,0.4064,Active,0.564,
296,2249.6,2264.0,Major Movement,0.4043,Active,0.563,
297,2257.2,2271.6,Major Movement,0.3936,Active,0.542,
298,2264.8,2279.2,Major Movement,0.4008,Active,0.551,
299,2272.4,2286.8,Major Movement,0.4058,Active,0.557,
300,2280.0,2294.4,Major Movement,0.4211,Active,0.588,
301,2287.6,2302.0,Major Movement,0.4119,Active,0.565,
302,2295.2,2309.6,Major Movement,0.3897,Restless,0.75,
303,2302.8,2317.2,Major Movement,0.4018,Active,0.54,
304,2310.4,2324.8,Major Movement,0.3985,Active,0.547,
305,2318.0,2332.4,Major Movement,0.4043,Active,0.546,
306,2325.6,2340.0,Major Movement,0.4083,Active,0.551,
307,2333.2,2347.6,Major Movement,0.3987,Active,0.544,
308,2340.8,2355.2,Major Movement,0.4043,Active,0.558,
309,2348.4,2362.8,Major Movement,0.4029,Active,0.56,
310,2356.0,2370.4,Major Movement,0.4009,Active,0.552,
311,2363.6,2378.0,Major Movement,0.4043,Active,0.557,
312,2371.2,2385.6,Major Movement,0.426,Active,0.586,
313,2378.8,2393.2,Major Movement,0.4149,Active,0.565,
314,2386.4,2400.8,Major Movement,0.402,Active,0.547,
315,2394.0,2408.4,Major Movement,0.4135,Active,0.573,
316,2401.6,2416.0,Major Movement,0.4036,Active,0.563,
317,2409.2,2423.6,Major Movement,0.3935,Active,0.55,
318,2416.8,2431.2,Major Movement,0.4003,Active,0.558,
319,2424.4,2438.8,Major Movement,0.4102,Active,0.57,
320,2432.0,2446.4,Major Movement,0.4144,Active,0.571,
321,2439.6,2454.0,Major Movement,0.4181,Active,0.588,
322,2447.2,2461.6,Major Movement,0.4128,Active,0.567,
323,2454.8,2469.2,Major Movement,0.3951,Active,0.54,
324,2462.4,2476.8,Major Movement,0.4088,Active,0.559,
325,2470.0,2484.4,Major Movement,0.4145,Active,0.571,
326,2477.6,2492.0,Major Movement,0.422,Active,0.583,
327,2485.2,2499.6,Major Movement,0.4216,Active,0.585,
328,2492.8,2507.2,Major Movement,0.4097,Active,0.568,
329,2500.4,2514.8,Major Movement,0.4137,Active,0.567,
330,2508.0,2522.4,Major Movement,0.4163,Active,0.571,
331,2515.6,2530.0,Major Movement,0.4081,Active,0.556,
332,2523.2,2537.6,Major Movement,0.3987,Active,0.54,
333,2530.8,2545.2,Major Movement,0.406,Active,0.558,
334,2538.4,2552.8,Major Movement,0.4049,Active,0.556,
335,2546.0,2560.4,Major Movement,0.4152,Active,0.575,
336,2553.6,2568.0,Major Movement,0.412,Active,0.571,
337,2561.2,2575.6,Major Movement,0.4158,Active,0.577,
338,2568.8,2583.2,Major Movement,0.4223,Active,0.592,
339,2576.4,2590.8,Major Movement,0.4242,Active,0.597,
340,2584.0,2598.4,Major Movement,0.4132,Active,0.579,
341,2591.6,2606.0,Major Movement,0.4042,Active,0.558,
342,2599.2,2613.6,Major Movement,0.415,Active,0.573,
343,2606.8,2621.2,Major Movement,0.4219,Active,0.584,
344,2614.4,2628.8,Major Movement,0.4068,Active,0.561,
345,2622.0,2636.4,Major Movement,0.4035,Active,0.552,
346,2629.6,2644.0,Major Movement,0.4175,Active,0.579,
347,2637.2,2651.6,Major Movement,0.4277,Active,0.598,
348,2644.8,2659.2,Major Movement,0.4109,Active,0.571,
349,2652.4,2666.8,Major Movement,0.4012,Active,0.553,Motion
350,2660.0,2674.4,Major Movement,0.3953,Active,0.548,Motion
351,2667.6,2682.0,Major Movement,0.4034,Active,0.553,Motion
352,2675.2,2689.6,Major Movement,0.4127,Active,0.574,Motion
353,2682.8,2697.2,Major Movement,0.4014,Active,0.543,Motion
354,2690.4,2704.8,Major Movement,0.4603,Active,0.604,Motion
355,2698.0,2712.4,Major Movement,0.5045,Active,0.694,Motion
356,2705.6,2720.0,Major Movement,0.5205,Active,0.74,Motion
357,2713.2,2727.6,Major Movement,0.5283,Active,0.781,Motion
358,2720.8,2735.2,Major Movement,0.4895,Active,0.747,Motion
359,2728.4,2742.8,Major Movement,0.4815,Active,0.702,Motion
360,2736.0,2750.4,Major Movement,0.4961,Active,0.689,Motion
361,2743.6,2758.0,Major Movement,0.4792,Active,0.673,Motion
362,2751.2,2765.6,Major Movement,0.4356,Active,0.592,Motion
363,2758.8,2773.2,Major Movement,0.405,Active,0.565,Motion
364,2766.4,2780.8,Major Movement,0.443,Active,0.648,Motion
365,2774.0,2788.4,Major Movement,0.4957,Active,0.706,Motion
366,2781.6,2796.0,Major Movement,0.5148,Active,0.736,Motion
367,2789.2,2803.6,Major Movement,0.4824,Active,0.709,Motion
368,2796.8,2811.2,Major Movement,0.4829,Active,0.718,Motion
369,2804.4,2818.8,Major Movement,0.4835,Active,0.69,Motion
370,2812.0,2826.4,Major Movement,0.475,Active,0.656,Motion
371,2819.6,2834.0,Major Movement,0.4708,Active,0.665,Motion
372,2827.2,2841.6,Major Movement,0.4855,Active,0.711,Motion
373,2834.8,2849.2,Major Movement,0.44,Active,0.631,Motion
374,2842.4,2856.8,Major Movement,0.425,Active,0.611,Motion
375,2850.0,2864.4,Major Movement,0.4416,Active,0.623,Motion
376,2857.6,2872.0,Major Movement,0.4343,Active,0.58,Motion
377,2865.2,2879.6,Major Movement,0.4647,Active,0.636,Motion
378,2872.8,2887.2,Major Movement,0.4904,Active,0.706,Motion
379,2880.4,2894.8,Major Movement,0.4916,Active,0.713,Motion
380,2888.0,2902.4,Major Movement,0.4918,Active,0.722,Motion
381,2895.6,2910.0,Major Movement,0.4711,Active,0.677,Motion
382,2903.2,2917.6,Major Movement,0.4578,Active,0.606,Motion
383,2910.8,2925.2,Major Movement,0.45,Active,0.609,Motion
384,2918.4,2932.8,Major Movement,0.4597,Active,0.623,Motion
385,2926.0,2940.4,Major Movement,0.5112,Active,0.727,Motion
386,2933.6,2948.0,Major Movement,0.5047,Active,0.696,Motion
387,2941.2,2955.6,Major Movement,0.4984,Active,0.688,Motion
388,2948.8,2963.2,Major Movement,0.5176,Active,0.763,Motion
389,2956.4,2970.8,Major Movement,0.5305,Active,0.784,Motion
390,2964.0,2978.4,Major Movement,0.4962,Active,0.706,Motion
391,2971.6,2986.0,Major Movement,0.4673,Active,0.628,Motion
392,2979.2,2993.6,Major Movement,0.4763,Active,0.647,Motion
393,2986.8,3001.2,Major Movement,0.4656,Active,0.677,Motion
394,2994.4,3008.8,Major Movement,0.4761,Active,0.67,Motion
395,3002.0,3016.4,Major Movement,0.4904,Active,0.726,Motion
396,3009.6,3024.0,Major Movement,0.4837,Active,0.707,Motion
397,3017.2,3031.6,Major Movement,0.4694,Active,0.661,Motion
398,3024.8,3039.2,Major Movement,0.4702,Active,0.64,Motion
399,3032.4,3046.8,Major Movement,0.4561,Active,0.598,Motion
400,3040.0,3054.4,Major Movement,0.4526,Active,0.61,Motion
401,3047.6,3062.0,Major Movement,0.4424,Active,0.61,Motion
402,3055.2,3069.6,Major Movement,0.4204,Active,0.554,Motion
403,3062.8,3077.2,Major Movement,0.438,Active,0.59,Motion
404,3070.4,3084.8,Major Movement,0.4718,Active,0.645,Motion
405,3078.0,3092.4,Major Movement,0.4328,Active,0.591,Motion
406,3085.6,3100.0,Major Movement,0.4317,Active,0.57,Motion
407,3093.2,3107.6,Major Movement,0.4839,Active,0.67,Motion
408,3100.8,3115.2,Major Movement,0.4704,Active,0.667,Motion
409,3108.4,3122.8,Major Movement,0.4578,Active,0.657,Motion
410,3116.0,3130.4,Major Movement,0.4848,Active,0.674,Motion
411,3123.6,3138.0,Major Movement,0.5015,Active,0.733,Motion
412,3131.2,3145.6,Major Movement,0.494,Active,0.73,Motion
413,3138.8,3153.2,Major Movement,0.4758,Active,0.667,Motion
414,3146.4,3160.8,Major Movement,0.4331,Active,0.597,Motion
415,3154.0,3168.4,Major Movement,0.4681,Active,0.664,Motion
416,3161.6,3176.0,Major Movement,0.4789,Active,0.669,Motion
417,3169.2,3183.6,Major Movement,0.4406,Active,0.617,Motion
418,3176.8,3191.2,Major Movement,0.4791,Active,0.677,Motion
419,3184.4,3198.8,Major Movement,0.4934,Active,0.686,Motion
420,3192.0,3206.4,Major Movement,0.4684,Active,0.659,Motion
421,3199.6,3214.0,Major Movement,0.4392,Active,0.611,Motion
422,3207.2,3221.6,Major Movement,0.4749,Active,0.652,Motion
423,3214.8,3229.2,Major Movement,0.4942,Active,0.708,Motion
424,3222.4,3236.8,Major Movement,0.4728,Active,0.644,Motion
425,3230.0,3244.4,Major Movement,0.485,Active,0.662,Motion
426,3237.6,3252.0,Major Movement,0.4768,Active,0.68,Motion
427,3245.2,3259.6,Major Movement,0.4707,Active,0.687,Motion
428,3252.8,3267.2,Major Movement,0.4738,Active,0.68,Motion
429,3260.4,3274.8,Major Movement,0.4955,Active,0.674,Motion
430,3268.0,3282.4,Major Movement,0.4866,Active,0.646,Motion
431,3275.6,3290.0,Major Movement,0.4896,Active,0.684,Motion
432,3283.2,3297.6,Major Movement,0.5022,Active,0.71,Motion
433,3290.8,3305.2,Major Movement,0.5034,Active,0.706,Motion
434,3298.4,3312.8,Major Movement,0.4961,Active,0.694,Motion
435,3306.0,3320.4,Major Movement,0.4511,Active,0.596,Motion
436,3313.6,3328.0,Major Movement,0.4097,Active,0.539,Motion
437,3321.2,3335.6,Major Movement,0.4482,Active,0.641,Motion
438,3328.8,3343.2,Major Movement,0.4551,Active,0.644,Motion
439,3336.4,3350.8,Major Movement,0.4485,Active,0.633,Motion
440,3344.0,3358.4,Major Movement,0.4714,Active,0.643,Motion
441,3351.6,3366.0,Major Movement,0.5008,Active,0.684,Motion
442,3359.2,3373.6,Major Movement,0.5128,Active,0.726,Motion
443,3366.8,3381.2,Major Movement,0.4878,Active,0.696,Motion
444,3374.4,3388.8,Major Movement,0.4762,Active,0.673,Motion
445,3382.0,3396.4,Major Movement,0.4594,Active,0.659,Motion
446,3389.6,3404.0,Major Movement,0.4393,Active,0.615,Motion
447,3397.2,3411.6,Major Movement,0.4409,Active,0.616,Motion
448,3404.8,3419.2,Major Movement,0.4624,Active,0.659,Motion
449,3412.4,3426.8,Major Movement,0.4643,Active,0.647,Motion
450,3420.0,3434.4,Major Movement,0.4679,Active,0.638,Motion
451,3427.6,3442.0,Major Movement,0.4431,Active,0.601,Motion
452,3435.2,3449.6,Major Movement,0.4623,Active,0.646,Motion
453,3442.8,3457.2,Major Movement,0.4826,Active,0.679,Motion
454,3450.4,3464.8,Major Movement,0.4412,Active,0.595,Motion
455,3458.0,3472.4,Major Movement,0.465,Active,0.654,Motion
456,3465.6,3480.0,Major Movement,0.4718,Active,0.673,Motion
457,3473.2,3487.6,Major Movement,0.4798,Active,0.72,Motion
458,3480.8,3495.2,Major Movement,0.4875,Active,0.705,Motion
459,3488.4,3502.8,Major Movement,0.4976,Active,0.696,Motion
460,3496.0,3510.4,Major Movement,0.4754,Active,0.66,Motion
461,3503.6,3518.0,Major Movement,0.4492,Active,0.646,Motion
462,3511.2,3525.6,Major Movement,0.4831,Active,0.676,Motion
463,3518.8,3533.2,Major Movement,0.4675,Active,0.643,Motion
464,3526.4,3540.8,Major Movement,0.4703,Active,0.667,Motion
465,3534.0,3548.4,Major Movement,0.4813,Active,0.672,Motion
466,3541.6,3556.0,Major Movement,0.4676,Active,0.643,Motion
467,3549.2,3563.6,Major Movement,0.4731,Active,0.654,Motion
468,3556.8,3571.2,Major Movement,0.4679,Active,0.632,Motion
469,3564.4,3578.8,Major Movement,0.4511,Active,0.625,Motion
470,3572.0,3586.4,Major Movement,0.4956,Active,0.69,Motion
471,3579.6,3594.0,Major Movement,0.4982,Active,0.704,Motion
472,3587.2,3601.6,Major Movement,0.4782,Active,0.686,Motion
473,3594.8,3609.2,Major Movement,0.4543,Active,0.626,Motion
474,3602.4,3616.8,Major Movement,0.4078,Active,0.56,Motion
475,3610.0,3624.4,Major Movement,0.4106,Active,0.567,Motion
476,3617.6,3632.0,Major Movement,0.4091,Active,0.562,Motion
477,3625.2,3639.6,Major Movement,0.4007,Active,0.553,Motion
478,3632.8,3647.2,Major Movement,0.4014,Active,0.542,
479,3640.4,3654.8,Major Movement,0.403,Active,0.553,
480,3648.0,3662.4,Major Movement,0.4096,Active,0.566,
481,3655.6,3670.0,Major Movement,0.4127,Active,0.566,
482,3663.2,3677.6,Major Movement,0.3896,Restless,0.75,
483,3670.8,3685.2,Major Movement,0.4017,Active,0.546,
484,3678.4,3692.8,Major Movement,0.4162,Active,0.585,
485,3686.0,3700.4,Major Movement,0.4083,Active,0.559,
486,3693.6,3708.0,Major Movement,0.402,Active,0.56,
487,3701.2,3715.6,Major Movement,0.4039,Active,0.562,
488,3708.8,3723.2,Major Movement,0.4054,Active,0.564,
489,3716.4,3730.8,Major Movement,0.3996,Active,0.546,
490,3724.0,3738.4,Major Movement,0.395,Active,0.544,
491,3731.6,3746.0,Major Movement,0.4118,Active,0.563,
492,3739.2,3753.6,Major Movement,0.4044,Active,0.559,
493,3746.8,3761.2,Major Movement,0.396,Active,0.549,
494,3754.4,3768.8,Major Movement,0.396,Active,0.554,
495,3762.0,3776.4,Major Movement,0.4012,Active,0.559,
496,3769.6,3784.0,Major Movement,0.3972,Active,0.551,
497,3777.2,3791.6,Major Movement,0.4098,Active,0.564,
498,3784.8,3799.2,Major Movement,0.4091,Active,0.562,
499,3792.4,3806.8,Major Movement,0.4141,Active,0.57,
500,3800.0,3814.4,Major Movement,0.4179,Active,0.572,
501,3807.6,3822.0,Major Movement,0.4119,Active,0.569,
502,3815.2,3829.6,Major Movement,0.4053,Active,0.566,
503,3822.8,3837.2,Major Movement,0.4109,Active,0.569,
504,3830.4,3844.8,Major Movement,0.4147,Active,0.567,
505,3838.0,3852.4,Major Movement,0.4097,Active,0.558,
506,3845.6,3860.0,Major Movement,0.4116,Active,0.561,
507,3853.2,3867.6,Major Movement,0.4162,Active,0.579,
508,3860.8,3875.2,Major Movement,0.398,Restless,0.75,
509,3868.4,3882.8,Major Movement,0.3999,Active,0.541,
510,3876.0,3890.4,Major Movement,0.414,Active,0.563,
511,3883.6,3898.0,Major Movement,0.4176,Active,0.575,
512,3891.2,3905.6,Major Movement,0.4253,Active,0.593,
513,3898.8,3913.2,Major Movement,0.4168,Active,0.578,
514,3906.4,3920.8,Major Movement,0.4071,Active,0.563,
515,3914.0,3928.4,Major Movement,0.395,Active,0.548,
516,3921.6,3936.0,Major Movement,0.4029,Active,0.559,
517,3929.2,3943.6,Major Movement,0.4128,Active,0.568,
518,3936.8,3951.2,Major Movement,0.4166,Active,0.583,
519,3944.4,3958.8,Major Movement,0.4107,Active,0.576,
520,3952.0,3966.4,Major Movement,0.4123,Active,0.564,
521,3959.6,3974.0,Major Movement,0.4092,Active,0.562,
522,3967.2,3981.6,Major Movement,0.4136,Active,0.577,
523,3974.8,3989.2,Major Movement,0.4144,Active,0.58,
524,3982.4,3996.8,Major Movement,0.4171,Active,0.577,
525,3990.0,4004.4,Major Movement,0.412,Active,0.572,
526,3997.6,4012.0,Major Movement,0.4071,Active,0.558,
527,4005.2,4019.6,Major Movement,0.4139,Active,0.564,
528,4012.8,4027.2,Major Movement,0.4106,Active,0.566,
529,4020.4,4034.8,Major Movement,0.4104,Active,0.567,
530,4028.0,4042.4,Major Movement,0.4156,Active,0.569,
531,4035.6,4050.0,Major Movement,0.4248,Active,0.586,
532,4043.2,4057.6,Major Movement,0.4203,Active,0.582,
533,4050.8,4065.2,Major Movement,0.4119,Active,0.567,
534,4058.4,4072.8,Major Movement,0.4132,Active,0.567,
535,4066.0,4080.4,Major Movement,0.4099,Active,0.56,
536,4073.6,4088.0,Major Movement,0.398,Active,0.551,
537,4081.2,4095.6,Major Movement,0.4026,Active,0.552,
538,4088.8,4103.2,Major Movement,0.4084,Active,0.565,
539,4096.4,4110.8,Major Movement,0.4214,Active,0.591,
540,4104.0,4118.4,Major Movement,0.4158,Active,0.583,
541,4111.6,4126.0,Major Movement,0.4214,Active,0.583,
542,4119.2,4133.6,Major Movement,0.4121,Active,0.572,
543,4126.8,4141.2,Major Movement,0.4144,Active,0.571,
544,4134.4,4148.8,Major Movement,0.411,Active,0.576,
545,4142.0,4156.4,Major Movement,0.4178,Active,0.577,
546,4149.6,4164.0,Major Movement,0.4186,Active,0.584,
547,4157.2,4171.6,Major Movement,0.3966,Active,0.543,
548,4164.8,4179.2,Major Movement,0.4016,Active,0.559,
549,4172.4,4186.8,Major Movement,0.4094,Active,0.561,
550,4180.0,4194.4,Major Movement,0.4108,Active,0.565,
551,4187.6,4202.0,Major Movement,0.4126,Active,0.567,
552,4195.2,4209.6,Major Movement,0.4042,Active,0.547,
553,4202.8,4217.2,Major Movement,0.401,Active,0.553,
554,4210.4,4224.8,Major Movement,0.4069,Active,0.562,
555,4218.0,4232.4,Major Movement,0.404,Active,0.554,
556,4225.6,4240.0,Major Movement,0.4173,Active,0.576,
557,4233.2,4247.6,Major Movement,0.4161,Active,0.579,
558,4240.8,4255.2,Major Movement,0.4108,Active,0.567,
559,4248.4,4262.8,Major Movement,0.4015,Active,0.553,
560,4256.0,4270.4,Major Movement,0.4114,Active,0.565,
561,4263.6,4278.0,Major Movement,0.4085,Active,0.563,
562,4271.2,4285.6,Major Movement,0.4083,Active,0.559,
563,4278.8,4293.2,Major Movement,0.4094,Active,0.571,Motion
564,4286.4,4300.8,Major Movement,0.4125,Active,0.569,Motion
565,4294.0,4308.4,Major Movement,0.4031,Active,0.564,Motion
566,4301.6,4316.0,Major Movement,0.4079,Active,0.567,Motion
567,4309.2,4323.6,Major Movement,0.5167,Active,0.719,Motion
568,4316.8,4331.2,Major Movement,0.5661,Active,0.896,Motion
569,4324.4,4338.8,Major Movement,0.5553,Active,0.888,Motion
570,4332.0,4346.4,Major Movement,0.5616,Active,0.866,Motion
571,4339.6,4354.0,Major Movement,0.5207,Active,0.813,Motion
572,4347.2,4361.6,Major Movement,0.5347,Active,0.87,Motion
573,4354.8,4369.2,Major Movement,0.553,Active,0.895,Motion
574,4362.4,4376.8,Major Movement,0.5453,Active,0.888,Motion
575,4370.0,4384.4,Major Movement,0.5035,Active,0.781,Motion
576,4377.6,4392.0,Major Movement,0.5112,Active,0.807,Motion
577,4385.2,4399.6,Major Movement,0.572,Active,0.928,Motion
578,4392.8,4407.2,Major Movement,0.5323,Active,0.828,Motion
579,4400.4,4414.8,Major Movement,0.523,Active,0.817,Motion
580,4408.0,4422.4,Major Movement,0.5532,Active,0.893,Motion
581,4415.6,4430.0,Major Movement,0.5028,Active,0.812,Motion
582,4423.2,4437.6,Major Movement,0.5253,Active,0.803,Motion
583,4430.8,4445.2,Major Movement,0.541,Active,0.826,Motion
584,4438.4,4452.8,Major Movement,0.5469,Active,0.907,Motion
585,4446.0,4460.4,Major Movement,0.5438,Active,0.954,Motion
586,4453.6,4468.0,Major Movement,0.5485,Active,0.908,Motion
587,4461.2,4475.6,Major Movement,0.5328,Active,0.852,Motion
588,4468.8,4483.2,Major Movement,0.5489,Active,0.873,Motion
589,4476.4,4490.8,Major Movement,0.5678,Active,0.894,Motion
590,4484.0,4498.4,Major Movement,0.5209,Active,0.834,Motion
591,4491.6,4506.0,Major Movement,0.4832,Active,0.847,Motion
592,4499.2,4513.6,Major Movement,0.4834,Active,0.862,Motion
593,4506.8,4521.2,Major Movement,0.5209,Active,0.775,Motion
594,4514.4,4528.8,Major Movement,0.5273,Active,0.782,Motion
595,4522.0,4536.4,Major Movement,0.5639,Active,0.914,Motion
596,4529.6,4544.0,Major Movement,0.5711,Active,0.964,Motion
597,4537.2,4551.6,Major Movement,0.582,Active,1.0,Motion
598,4544.8,4559.2,Major Movement,0.5444,Active,0.861,Motion
599,4552.4,4566.8,Major Movement,0.5292,Active,0.816,Motion
600,4560.0,4574.4,Major Movement,0.5542,Active,0.916,Motion
601,4567.6,4582.0,Major Movement,0.5607,Active,0.914,Motion
602,4575.2,4589.6,Major Movement,0.5857,Active,0.968,Motion
603,4582.8,4597.2,Major Movement,0.5831,Active,0.94,Motion
604,4590.4,4604.8,Major Movement,0.5448,Active,0.876,Motion
605,4598.0,4612.4,Major Movement,0.5483,Active,0.861,Motion
606,4605.6,4620.0,Major Movement,0.5037,Active,0.781,Motion
607,4613.2,4627.6,Major Movement,0.42,Active,0.634,Motion
608,4620.8,4635.2,Major Movement,0.4468,Active,0.702,Motion
609,4628.4,4642.8,Major Movement,0.5537,Active,0.913,Motion
610,4636.0,4650.4,Major Movement,0.5619,Active,0.887,Motion
611,4643.6,4658.0,Major Movement,0.5365,Active,0.822,Motion
612,4651.2,4665.6,Major Movement,0.5573,Active,0.918,Motion
613,4658.8,4673.2,Major Movement,0.5376,Active,0.856,Motion
614,4666.4,4680.8,Major Movement,0.5068,Active,0.773,Motion
615,4674.0,4688.4,Major Movement,0.5012,Active,0.715,Motion
616,4681.6,4696.0,Major Movement,0.4116,Active,0.574,Motion
617,4689.2,4703.6,Major Movement,0.4028,Active,0.566,Motion
618,4696.8,4711.2,Major Movement,0.4116,Active,0.572,Motion
619,4704.4,4718.8,Major Movement,0.4136,Active,0.571,Motion
620,4712.0,4726.4,Major Movement,0.4148,Active,0.576,
621,4719.6,4734.0,Major Movement,0.408,Active,0.567,
622,4727.2,4741.6,Major Movement,0.3952,Active,0.546,
623,4734.8,4749.2,Major Movement,0.3971,Active,0.548,
624,4742.4,4756.8,Major Movement,0.414,Active,0.564,
625,4750.0,4764.4,Major Movement,0.4127,Active,0.563,
626,4757.6,4772.0,Major Movement,0.4085,Active,0.563,
627,4765.2,4779.6,Major Movement,0.4173,Active,0.572,
628,4772.8,4787.2,Major Movement,0.4228,Active,0.578,
629,4780.4,4794.8,Major Movement,0.4145,Active,0.57,
630,4788.0,4802.4,Major Movement,0.4056,Active,0.554,
631,4795.6,4810.0,Major Movement,0.4002,Active,0.552,
632,4803.2,4817.6,Major Movement,0.395,Active,0.544,
633,4810.8,4825.2,Major Movement,0.402,Active,0.554,
634,4818.4,4832.8,Major Movement,0.4076,Active,0.569,
635,4826.0,4840.4,Major Movement,0.4117,Active,0.565,
636,4833.6,4848.0,Major Movement,0.4015,Active,0.551,
637,4841.2,4855.6,Major Movement,0.4015,Active,0.553,
638,4848.8,4863.2,Major Movement,0.4152,Active,0.578,
639,4856.4,4870.8,Major Movement,0.4128,Active,0.571,
640,4864.0,4878.4,Major Movement,0.4114,Active,0.576,
641,4871.6,4886.0,Major Movement,0.4234,Active,0.595,
642,4879.2,4893.6,Major Movement,0.4216,Active,0.595,
643,4886.8,4901.2,Major Movement,0.4093,Active,0.569,
644,4894.4,4908.8,Major Movement,0.3927,Active,0.546,
645,4902.0,4916.4,Major Movement,0.4107,Active,0.566,
646,4909.6,4924.0,Major Movement,0.4127,Active,0.577,
647,4917.2,4931.6,Major Movement,0.3987,Active,0.547,
648,4924.8,4939.2,Major Movement,0.4117,Active,0.57,
649,4932.4,4946.8,Major Movement,0.4081,Active,0.557,
650,4940.0,4954.4,Major Movement,0.4036,Active,0.555,
651,4947.6,4962.0,Major Movement,0.412,Active,0.564,
652,4955.2,4969.6,Major Movement,0.4071,Active,0.56,
653,4962.8,4977.2,Major Movement,0.4102,Active,0.558,
654,4970.4,4984.8,Major Movement,0.4125,Active,0.568,
655,4978.0,4992.4,Major Movement,0.4007,Active,0.546,
656,4985.6,5000.0,Major Movement,0.3971,Active,0.543,
657,4993.2,5007.6,Major Movement,0.4129,Active,0.567,
658,5000.8,5015.2,Major Movement,0.4155,Active,0.569,
659,5008.4,5022.8,Major Movement,0.4122,Active,0.572,
660,5016.0,5030.4,Major Movement,0.4112,Active,0.573,
661,5023.6,5038.0,Major Movement,0.412,Active,0.57,
662,5031.2,5045.6,Major Movement,0.4183,Active,0.575,
663,5038.8,5053.2,Major Movement,0.4143,Active,0.572,
664,5046.4,5060.8,Major Movement,0.4162,Active,0.568,
665,5054.0,5068.4,Major Movement,0.4189,Active,0.581,
666,5061.6,5076.0,Major Movement,0.412,Active,0.577,
667,5069.2,5083.6,Major Movement,0.4136,Active,0.577,
668,5076.8,5091.2,Major Movement,0.4087,Active,0.568,
669,5084.4,5098.8,Major Movement,0.4012,Active,0.564,
670,5092.0,5106.4,Major Movement,0.4046,Active,0.566,
671,5099.6,5114.0,Major Movement,0.4044,Active,0.565,
672,5107.2,5121.6,Major Movement,0.4141,Active,0.577,
673,5114.8,5129.2,Major Movement,0.4089,Active,0.568,
674,5122.4,5136.8,Major Movement,0.4078,Active,0.562,
675,5130.0,5144.4,Major Movement,0.4187,Active,0.579,
676,5137.6,5152.0,Major Movement,0.4176,Active,0.573,
677,5145.2,5159.6,Major Movement,0.4146,Active,0.569,
678,5152.8,5167.2,Major Movement,0.4119,Active,0.558,
679,5160.4,5174.8,Major Movement,0.4148,Active,0.56,
680,5168.0,5182.4,Major Movement,0.4236,Active,0.588,
681,5175.6,5190.0,Major Movement,0.4229,Active,0.582,
682,5183.2,5197.6,Major Movement,0.4066,Active,0.554,
683,5190.8,5205.2,Major Movement,0.4108,Active,0.554,
684,5198.4,5212.8,Major Movement,0.4167,Active,0.574,
685,5206.0,5220.4,Major Movement,0.4105,Active,0.565,
686,5213.6,5228.0,Major Movement,0.3965,Active,0.545,
687,5221.2,5235.6,Major Movement,0.4085,Active,0.553,
688,5228.8,5243.2,Major Movement,0.4008,Active,0.552,
689,5236.4,5250.8,Major Movement,0.4025,Active,0.56,
690,5244.0,5258.4,Major Movement,0.4177,Active,0.583,
691,5251.6,5266.0,Major Movement,0.4049,Active,0.559,
692,5259.2,5273.6,Major Movement,0.3943,Active,0.547,
693,5266.8,5281.2,Major Movement,0.4138,Active,0.572,
694,5274.4,5288.8,Major Movement,0.4111,Active,0.57,
695,5282.0,5296.4,Major Movement,0.4168,Active,0.569,
696,5289.6,5304.0,Major Movement,0.4141,Active,0.568,
697,5297.2,5311.6,Major Movement,0.4061,Active,0.562,
698,5304.8,5319.2,Major Movement,0.3908,Restless,0.75,
699,5312.4,5326.8,Major Movement,0.389,Restless,0.75,
700,5320.0,5334.4,Major Movement,0.3806,Restless,0.75,
701,5327.6,5342.0,Major Movement,0.3978,Restless,0.75,
702,5335.2,5349.6,Major Movement,0.4172,Active,0.564,
703,5342.8,5357.2,Major Movement,0.4154,Active,0.562,
704,5350.4,5364.8,Major Movement,0.4149,Active,0.573,
705,5358.0,5372.4,Major Movement,0.4159,Active,0.575,
706,5365.6,5380.0,Major Movement,0.4056,Active,0.544,
707,5373.2,5387.6,Major Movement,0.3959,Active,0.545,
708,5380.8,5395.2,Major Movement,0.4069,Active,0.557,
709,5388.4,5402.8,Major Movement,0.406,Active,0.554,
710,5396.0,5410.4,Major Movement,0.4141,Active,0.57,
711,5403.6,5418.0,Major Movement,0.419,Active,0.583,
712,5411.2,5425.6,Major Movement,0.415,Active,0.572,
713,5418.8,5433.2,Major Movement,0.409,Active,0.566,
714,5426.4,5440.8,Major Movement,0.3976,Active,0.546,
715,5434.0,5448.4,Major Movement,0.4034,Active,0.563,
716,5441.6,5456.0,Major Movement,0.4197,Active,0.579,
717,5449.2,5463.6,Major Movement,0.4214,Active,0.588,
718,5456.8,5471.2,Major Movement,0.4057,Active,0.566,
719,5464.4,5478.8,Major Movement,0.3998,Active,0.553,
720,5472.0,5486.4,Major Movement,0.4028,Active,0.553,
721,5479.6,5494.0,Major Movement,0.3979,Active,0.552,
722,5487.2,5501.6,Major Movement,0.4001,Active,0.548,
723,5494.8,5509.2,Major Movement,0.4095,Active,0.559,
724,5502.4,5516.8,Major Movement,0.4206,Active,0.581,
725,5510.0,5524.4,Major Movement,0.4009,Active,0.547,
726,5517.6,5532.0,Major Movement,0.3901,Restless,0.75,
727,5525.2,5539.6,Major Movement,0.4138,Active,0.568,
728,5532.8,5547.2,Major Movement,0.4084,Active,0.561,
729,5540.4,5554.8,Major Movement,0.4062,Active,0.553,
730,5548.0,5562.4,Major Movement,0.4001,Active,0.551,
731,5555.6,5570.0,Major Movement,0.4025,Active,0.549,
732,5563.2,5577.6,Major Movement,0.4064,Active,0.562,
733,5570.8,5585.2,Major Movement,0.4109,Active,0.567,
734,5578.4,5592.8,Major Movement,0.4137,Active,0.572,
735,5586.0,5600.4,Major Movement,0.4103,Active,0.566,
736,5593.6,5608.0,Major Movement,0.4055,Active,0.568,
737,5601.2,5615.6,Major Movement,0.4127,Active,0.572,
738,5608.8,5623.2,Major Movement,0.407,Active,0.561,
739,5616.4,5630.8,Major Movement,0.4064,Active,0.564,
740,5624.0,5638.4,Major Movement,0.4093,Active,0.569,
741,5631.6,5646.0,Major Movement,0.418,Active,0.581,
742,5639.2,5653.6,Major Movement,0.4171,Active,0.576,
743,5646.8,5661.2,Major Movement,0.4127,Active,0.575,
744,5654.4,5668.8,Major Movement,0.404,Active,0.564,
745,5662.0,5676.4,Major Movement,0.4047,Active,0.558,
746,5669.6,5684.0,Major Movement,0.4048,Active,0.559,
747,5677.2,5691.6,Major Movement,0.4169,Active,0.577,
748,5684.8,5699.2,Major Movement,0.4073,Active,0.556,
749,5692.4,5706.8,Major Movement,0.3949,Active,0.542,
750,5700.0,5714.4,Major Movement,0.4064,Active,0.559,
751,5707.6,5722.0,Major Movement,0.4131,Active,0.573,
752,5715.2,5729.6,Major Movement,0.4093,Active,0.562,
753,5722.8,5737.2,Major Movement,0.4053,Active,0.555,
754,5730.4,5744.8,Major Movement,0.4123,Active,0.569,
755,5738.0,5752.4,Major Movement,0.4053,Active,0.558,
756,5745.6,5760.0,Major Movement,0.4092,Active,0.559,
757,5753.2,5767.6,Major Movement,0.4038,Active,0.552,
758,5760.8,5775.2,Major Movement,0.4062,Active,0.561,
759,5768.4,5782.8,Major Movement,0.4096,Active,0.572,
760,5776.0,5790.4,Major Movement,0.4065,Active,0.561,
761,5783.6,5798.0,Major Movement,0.3995,Active,0.547,
762,5791.2,5805.6,Major Movement,0.4008,Active,0.549,
763,5798.8,5813.2,Major Movement,0.4018,Active,0.548,
764,5806.4,5820.8,Major Movement,0.4068,Active,0.556,
765,5814.0,5828.4,Major Movement,0.4019,Active,0.558,
766,5821.6,5836.0,Major Movement,0.3955,Active,0.555,
767,5829.2,5843.6,Major Movement,0.3971,Active,0.555,
768,5836.8,5851.2,Major Movement,0.4005,Active,0.555,
769,5844.4,5858.8,Major Movement,0.4085,Active,0.561,
770,5852.0,5866.4,Major Movement,0.4131,Active,0.567,
771,5859.6,5874.0,Major Movement,0.4069,Active,0.562,
772,5867.2,5881.6,Major Movement,0.4085,Active,0.558,
773,5874.8,5889.2,Major Movement,0.4152,Active,0.576,
774,5882.4,5896.8,Major Movement,0.4026,Active,0.55,
775,5890.0,5904.4,Major Movement,0.4073,Active,0.564,
776,5897.6,5912.0,Major Movement,0.4167,Active,0.571,
777,5905.2,5919.6,Major Movement,0.4169,Active,0.579,
778,5912.8,5927.2,Major Movement,0.4161,Active,0.578,
779,5920.4,5934.8,Major Movement,0.4152,Active,0.574,
780,5928.0,5942.4,Major Movement,0.4084,Active,0.557,
781,5935.6,5950.0,Major Movement,0.3985,Active,0.549,
782,5943.2,5957.6,Major Movement,0.4023,Active,0.551,
783,5950.8,5965.2,Major Movement,0.4022,Active,0.54,
784,5958.4,5972.8,Major Movement,0.4006,Active,0.547,
785,5966.0,5980.4,Major Movement,0.4054,Active,0.558,
786,5973.6,5988.0,Major Movement,0.4068,Active,0.558,
787,5981.2,5995.6,Major Movement,0.4033,Active,0.545,
788,5988.8,6003.2,Major Movement,0.394,Active,0.546,
789,5996.4,6010.8,Major Movement,0.4052,Active,0.553,
790,6004.0,6018.4,Major Movement,0.4112,Active,0.575,
791,6011.6,6026.0,Major Movement,0.4168,Active,0.584,
792,6019.2,6033.6,Major Movement,0.4258,Active,0.601,
793,6026.8,6041.2,Major Movement,0.4309,Active,0.606,
794,6034.4,6048.8,Major Movement,0.418,Active,0.585,
795,6042.0,6056.4,Major Movement,0.4023,Active,0.559,
796,6049.6,6064.0,Major Movement,0.3977,Active,0.545,
797,6057.2,6071.6,Major Movement,0.4068,Active,0.556,
798,6064.8,6079.2,Major Movement,0.3976,Active,0.545,
799,6072.4,6086.8,Major Movement,0.4021,Active,0.545,
800,6080.0,6094.4,Major Movement,0.4099,Active,0.561,
801,6087.6,6102.0,Major Movement,0.3979,Active,0.542,
802,6095.2,6109.6,Major Movement,0.4,Active,0.547,
803,6102.8,6117.2,Major Movement,0.4102,Active,0.566,
804,6110.4,6124.8,Major Movement,0.4007,Active,0.553,
805,6118.0,6132.4,Major Movement,0.395,Active,0.543,
806,6125.6,6140.0,Major Movement,0.4174,Active,0.574,
807,6133.2,6147.6,Major Movement,0.4194,Active,0.579,
808,6140.8,6155.2,Major Movement,0.4034,Active,0.556,
809,6148.4,6162.8,Major Movement,0.3976,Active,0.552,
810,6156.0,6170.4,Major Movement,0.4228,Active,0.588,
811,6163.6,6178.0,Major Movement,0.4255,Active,0.597,
812,6171.2,6185.6,Major Movement,0.4203,Active,0.584,
813,6178.8,6193.2,Major Movement,0.4076,Active,0.561,
814,6186.4,6200.8,Major Movement,0.3946,Active,0.552,
815,6194.0,6208.4,Major Movement,0.3952,Active,0.547,
816,6201.6,6216.0,Major Movement,0.4069,Active,0.561,
817,6209.2,6223.6,Major Movement,0.4142,Active,0.578,
818,6216.8,6231.2,Major Movement,0.4143,Active,0.573,
819,6224.4,6238.8,Major Movement,0.4109,Active,0.572,
820,6232.0,6246.4,Major Movement,0.4134,Active,0.573,
821,6239.6,6254.0,Major Movement,0.4053,Active,0.557,
822,6247.2,6261.6,Major Movement,0.4062,Active,0.558,
823,6254.8,6269.2,Major Movement,0.4066,Active,0.566,
824,6262.4,6276.8,Major Movement,0.416,Active,0.576,
825,6270.0,6284.4,Major Movement,0.4128,Active,0.566,
826,6277.6,6292.0,Major Movement,0.4057,Active,0.556,
827,6285.2,6299.6,Major Movement,0.3916,Active,0.543,
828,6292.8,6307.2,Major Movement,0.4027,Active,0.55,
829,6300.4,6314.8,Major Movement,0.4086,Active,0.557,
830,6308.0,6322.4,Major Movement,0.4089,Active,0.565,
831,6315.6,6330.0,Major Movement,0.4094,Active,0.564,
832,6323.2,6337.6,Major Movement,0.4158,Active,0.572,
833,6330.8,6345.2,Major Movement,0.4098,Active,0.56,
834,6338.4,6352.8,Major Movement,0.4129,Active,0.573,
835,6346.0,6360.4,Major Movement,0.4051,Active,0.557,
836,6353.6,6368.0,Major Movement,0.3829,Restless,0.75,
837,6361.2,6375.6,Major Movement,0.4014,Active,0.549,
838,6368.8,6383.2,Major Movement,0.3973,Active,0.549,
839,6376.4,6390.8,Major Movement,0.4092,Active,0.563,
840,6384.0,6398.4,Major Movement,0.4032,Active,0.565,
841,6391.6,6406.0,Major Movement,0.4113,Active,0.576,
842,6399.2,6413.6,Major Movement,0.4152,Active,0.581,
843,6406.8,6421.2,Major Movement,0.4155,Active,0.571,
844,6414.4,6428.8,Major Movement,0.4149,Active,0.572,
845,6422.0,6436.4,Major Movement,0.4212,Active,0.588,
846,6429.6,6444.0,Major Movement,0.4043,Active,0.555,
847,6437.2,6451.6,Major Movement,0.3969,Active,0.542,
848,6444.8,6459.2,Major Movement,0.4044,Active,0.561,
849,6452.4,6466.8,Major Movement,0.4076,Active,0.557,
850,6460.0,6474.4,Major Movement,0.4058,Active,0.56,
851,6467.6,6482.0,Major Movement,0.408,Active,0.562,
852,6475.2,6489.6,Major Movement,0.4186,Active,0.575,
853,6482.8,6497.2,Major Movement,0.4272,Active,0.591,
854,6490.4,6504.8,Major Movement,0.4222,Active,0.588,
855,6498.0,6512.4,Major Movement,0.4177,Active,0.575,
856,6505.6,6520.0,Major Movement,0.418,Active,0.569,
857,6513.2,6527.6,Major Movement,0.4108,Active,0.565,
858,6520.8,6535.2,Major Movement,0.4135,Active,0.578,
859,6528.4,6542.8,Major Movement,0.4073,Active,0.568,
860,6536.0,6550.4,Major Movement,0.3997,Active,0.551,
861,6543.6,6558.0,Major Movement,0.405,Active,0.558,
862,6551.2,6565.6,Major Movement,0.4146,Active,0.573,
863,6558.8,6573.2,Major Movement,0.3965,Active,0.541,
864,6566.4,6580.8,Major Movement,0.3947,Active,0.541,
865,6574.0,6588.4,Major Movement,0.4161,Active,0.581,
866,6581.6,6596.0,Major Movement,0.4099,Active,0.571,
867,6589.2,6603.6,Major Movement,0.4102,Active,0.572,
868,6596.8,6611.2,Major Movement,0.416,Active,0.577,
869,6604.4,6618.8,Major Movement,0.4071,Active,0.566,
870,6612.0,6626.4,Major Movement,0.3997,Active,0.556,
871,6619.6,6634.0,Major Movement,0.403,Active,0.553,
872,6627.2,6641.6,Major Movement,0.4133,Active,0.563,
873,6634.8,6649.2,Major Movement,0.413,Active,0.568,
874,6642.4,6656.8,Major Movement,0.407,Active,0.55,
875,6650.0,6664.4,Major Movement,0.3963,Active,0.543,
876,6657.6,6672.0,Major Movement,0.4024,Active,0.552,
877,6665.2,6679.6,Major Movement,0.4044,Active,0.557,
878,6672.8,6687.2,Major Movement,0.4118,Active,0.567,
879,6680.4,6694.8,Major Movement,0.4186,Active,0.575,
880,6688.0,6702.4,Major Movement,0.4188,Active,0.579,
881,6695.6,6710.0,Major Movement,0.4192,Active,0.577,
882,6703.2,6717.6,Major Movement,0.4054,Active,0.553,
883,6710.8,6725.2,Major Movement,0.3891,Restless,0.75,
884,6718.4,6732.8,Major Movement,0.3979,Active,0.544,
885,6726.0,6740.4,Major Movement,0.395,Restless,0.75,
886,6733.6,6748.0,Major Movement,0.3945,Active,0.542,
887,6741.2,6755.6,Major Movement,0.4036,Active,0.551,
888,6748.8,6763.2,Major Movement,0.419,Active,0.591,
889,6756.4,6770.8,Major Movement,0.4206,Active,0.584,
890,6764.0,6778.4,Major Movement,0.4104,Active,0.568,
891,6771.6,6786.0,Major Movement,0.4029,Active,0.563,
892,6779.2,6793.6,Major Movement,0.4004,Active,0.56,
893,6786.8,6801.2,Major Movement,0.3943,Active,0.554,
894,6794.4,6808.8,Major Movement,0.3847,Restless,0.75,
895,6802.0,6816.4,Major Movement,0.3987,Active,0.544,
896,6809.6,6824.0,Major Movement,0.4119,Active,0.565,
897,6817.2,6831.6,Major Movement,0.4133,Active,0.565,
898,6824.8,6839.2,Major Movement,0.4056,Active,0.564,
899,6832.4,6846.8,Major Movement,0.4074,Active,0.562,
900,6840.0,6854.4,Major Movement,0.4042,Active,0.554,
901,6847.6,6862.0,Major Movement,0.3976,Active,0.55,
902,6855.2,6869.6,Major Movement,0.4123,Active,0.567,
903,6862.8,6877.2,Major Movement,0.4126,Active,0.568,
904,6870.4,6884.8,Major Movement,0.3986,Active,0.541,
905,6878.0,6892.4,Major Movement,0.4058,Active,0.552,
906,6885.6,6900.0,Major Movement,0.4127,Active,0.568,
907,6893.2,6907.6,Major Movement,0.406,Active,0.557,
908,6900.8,6915.2,Major Movement,0.4128,Active,0.569,
909,6908.4,6922.8,Major Movement,0.4152,Active,0.577,
910,6916.0,6930.4,Major Movement,0.4112,Active,0.57,
911,6923.6,6938.0,Major Movement,0.4166,Active,0.585,
912,6931.2,6945.6,Major Movement,0.4138,Active,0.573,
913,6938.8,6953.2,Major Movement,0.4084,Active,0.575,
914,6946.4,6960.8,Major Movement,0.4067,Active,0.565,
915,6954.0,6968.4,Major Movement,0.4097,Active,0.565,
916,6961.6,6976.0,Major Movement,0.4084,Active,0.564,
917,6969.2,6983.6,Major Movement,0.4055,Active,0.559,
918,6976.8,6991.2,Major Movement,0.4154,Active,0.576,
919,6984.4,6998.8,Major Movement,0.4115,Active,0.576,
920,6992.0,7006.4,Major Movement,0.4149,Active,0.575,
921,6999.6,7014.0,Major Movement,0.4119,Active,0.576,
922,7007.2,7021.6,Major Movement,0.4064,Active,0.562,
923,7014.8,7029.2,Major Movement,0.4142,Active,0.567,
924,7022.4,7036.8,Major Movement,0.413,Active,0.572,
925,7030.0,7044.4,Major Movement,0.402,Active,0.554,
926,7037.6,7052.0,Major Movement,0.4013,Active,0.553,
927,7045.2,7059.6,Major Movement,0.4129,Active,0.569,
928,7052.8,7067.2,Major Movement,0.4146,Active,0.569,
929,7060.4,7074.8,Major Movement,0.4103,Active,0.567,
930,7068.0,7082.4,Major Movement,0.4129,Active,0.569,
931,7075.6,7090.0,Major Movement,0.4044,Active,0.56,
932,7083.2,7097.6,Major Movement,0.3997,Active,0.553,
933,7090.8,7105.2,Major Movement,0.4106,Active,0.564,
934,7098.4,7112.8,Major Movement,0.4185,Active,0.585,
935,7106.0,7120.4,Major Movement,0.4132,Active,0.577,
936,7113.6,7128.0,Major Movement,0.4021,Active,0.554,
937,7121.2,7135.6,Major Movement,0.4103,Active,0.565,
938,7128.8,7143.2,Major Movement,0.4099,Active,0.568,
939,7136.4,7150.8,Major Movement,0.4152,Active,0.575,
940,7144.0,7158.4,Major Movement,0.4094,Active,0.568,
941,7151.6,7166.0,Major Movement,0.4122,Active,0.569,
942,7159.2,7173.6,Major Movement,0.4201,Active,0.587,
943,7166.8,7181.2,Major Movement,0.4242,Active,0.587,
944,7174.4,7188.8,Major Movement,0.4226,Active,0.591,
945,7182.0,7196.4,Major Movement,0.4189,Active,0.582,
946,7189.6,7204.0,Major Movement,0.4163,Active,0.58,
947,7197.2,7211.6,Major Movement,0.4119,Active,0.565,
948,7204.8,7219.2,Major Movement,0.401,Active,0.549,
949,7212.4,7226.8,Major Movement,0.4044,Active,0.558,
950,7220.0,7234.4,Major Movement,0.4035,Active,0.561,
951,7227.6,7242.0,Major Movement,0.4009,Active,0.552,
952,7235.2,7249.6,Major Movement,0.3872,Restless,0.75,
953,7242.8,7257.2,Major Movement,0.3807,Restless,0.75,
954,7250.4,7264.8,Major Movement,0.4121,Active,0.563,
955,7258.0,7272.4,Major Movement,0.4197,Active,0.583,
956,7265.6,7280.0,Major Movement,0.4067,Active,0.557,
957,7273.2,7287.6,Major Movement,0.3955,Active,0.543,
958,7280.8,7295.2,Major Movement,0.3994,Active,0.551,
959,7288.4,7302.8,Major Movement,0.3955,Active,0.549,
960,7296.0,7310.4,Major Movement,0.3971,Active,0.544,
961,7303.6,7318.0,Major Movement,0.4168,Active,0.577,
962,7311.2,7325.6,Major Movement,0.4209,Active,0.583,
963,7318.8,7333.2,Major Movement,0.4065,Active,0.568,
964,7326.4,7340.8,Major Movement,0.4117,Active,0.577,
965,7334.0,7348.4,Major Movement,0.4096,Active,0.574,
966,7341.6,7356.0,Major Movement,0.4022,Active,0.555,
967,7349.2,7363.6,Major Movement,0.4004,Active,0.557,
968,7356.8,7371.2,Major Movement,0.4037,Active,0.554,
969,7364.4,7378.8,Major Movement,0.3992,Active,0.556,
970,7372.0,7386.4,Major Movement,0.4089,Active,0.562,
971,7379.6,7394.0,Major Movement,0.4051,Active,0.559,
972,7387.2,7401.6,Major Movement,0.3967,Active,0.553,
973,7394.8,7409.2,Major Movement,0.4052,Active,0.547,
974,7402.4,7416.8,Major Movement,0.4128,Active,0.565,
975,7410.0,7424.4,Major Movement,0.414,Active,0.573,
976,7417.6,7432.0,Major Movement,0.4209,Active,0.588,
977,7425.2,7439.6,Major Movement,0.4139,Active,0.571,
978,7432.8,7447.2,Major Movement,0.3989,Active,0.55,
979,7440.4,7454.8,Major Movement,0.4094,Active,0.558,
980,7448.0,7462.4,Major Movement,0.4087,Active,0.561,
981,7455.6,7470.0,Major Movement,0.4017,Active,0.552,
982,7463.2,7477.6,Major Movement,0.4065,Active,0.559,
983,7470.8,7485.2,Major Movement,0.403,Active,0.551,
984,7478.4,7492.8,Major Movement,0.3954,Active,0.55,
985,7486.0,7500.4,Major Movement,0.4109,Active,0.569,
986,7493.6,7508.0,Major Movement,0.413,Active,0.58,
987,7501.2,7515.6,Major Movement,0.4241,Active,0.583,
988,7508.8,7523.2,Major Movement,0.413,Active,0.559,
989,7516.4,7530.8,Major Movement,0.401,Active,0.55,
990,7524.0,7538.4,Major Movement,0.3974,Active,0.544,
991,7531.6,7546.0,Major Movement,0.3763,Restless,0.75,
992,7539.2,7553.6,Major Movement,0.3932,Active,0.545,
993,7546.8,7561.2,Major Movement,0.4114,Active,0.565,
994,7554.4,7568.8,Major Movement,0.4104,Active,0.575,
995,7562.0,7576.4,Major Movement,0.4111,Active,0.57,
996,7569.6,7584.0,Major Movement,0.4155,Active,0.573,
997,7577.2,7591.6,Major Movement,0.4159,Active,0.576,
998,7584.8,7599.2,Major Movement,0.4082,Active,0.568,
999,7592.4,7606.8,Major Movement,0.4131,Active,0.57,
1000,7600.0,7614.4,Major Movement,0.4092,Active,0.559,
1001,7607.6,7622.0,Major Movement,0.4172,Active,0.578,
1002,7615.2,7629.6,Major Movement,0.4097,Active,0.562,
1003,7622.8,7637.2,Major Movement,0.4138,Active,0.567,
1004,7630.4,7644.8,Major Movement,0.4235,Active,0.584,
1005,7638.0,7652.4,Major Movement,0.4122,Active,0.575,
1006,7645.6,7660.0,Major Movement,0.4043,Active,0.556,
1007,7653.2,7667.6,Major Movement,0.4113,Active,0.566,
1008,7660.8,7675.2,Major Movement,0.4073,Active,0.556,
1009,7668.4,7682.8,Major Movement,0.4087,Active,0.567,
1010,7676.0,7690.4,Major Movement,0.412,Active,0.57,
1011,7683.6,7698.0,Major Movement,0.4056,Active,0.562,
1012,7691.2,7705.6,Major Movement,0.4026,Active,0.557,
1013,7698.8,7713.2,Major Movement,0.4092,Active,0.569,
1014,7706.4,7720.8,Major Movement,0.412,Active,0.567,
1015,7714.0,7728.4,Major Movement,0.4056,Active,0.564,
1016,7721.6,7736.0,Major Movement,0.4175,Active,0.578,
1017,7729.2,7743.6,Major Movement,0.4173,Active,0.583,
1018,7736.8,7751.2,Major Movement,0.4217,Active,0.581,
1019,7744.4,7758.8,Major Movement,0.4041,Active,0.561,
1020,7752.0,7766.4,Major Movement,0.4043,Active,0.558,
1021,7759.6,7774.0,Major Movement,0.4043,Active,0.559,
1022,7767.2,7781.6,Major Movement,0.4088,Active,0.564,
1023,7774.8,7789.2,Major Movement,0.4142,Active,0.576,
1024,7782.4,7796.8,Major Movement,0.4149,Active,0.571,
1025,7790.0,7804.4,Major Movement,0.4137,Active,0.576,
1026,7797.6,7812.0,Major Movement,0.4107,Active,0.565,
1027,7805.2,7819.6,Major Movement,0.4086,Active,0.57,
1028,7812.8,7827.2,Major Movement,0.4028,Active,0.557,
1029,7820.4,7834.8,Major Movement,0.4009,Active,0.547,
1030,7828.0,7842.4,Major Movement,0.4061,Active,0.562,
1031,7835.6,7850.0,Major Movement,0.4173,Active,0.576,
1032,7843.2,7857.6,Major Movement,0.4183,Active,0.583,
1033,7850.8,7865.2,Major Movement,0.4069,Active,0.559,
1034,7858.4,7872.8,Major Movement,0.397,Active,0.55,
1035,7866.0,7880.4,Major Movement,0.4084,Active,0.559,
1036,7873.6,7888.0,Major Movement,0.4082,Active,0.562,
1037,7881.2,7895.6,Major Movement,0.4133,Active,0.569,
1038,7888.8,7903.2,Major Movement,0.4163,Active,0.573,
1039,7896.4,7910.8,Major Movement,0.4136,Active,0.566,
1040,7904.0,7918.4,Major Movement,0.4057,Active,0.568,
1041,7911.6,7926.0,Major Movement,0.4224,Active,0.586,
1042,7919.2,7933.6,Major Movement,0.4212,Active,0.586,
1043,7926.8,7941.2,Major Movement,0.4026,Active,0.555,
1044,7934.4,7948.8,Major Movement,0.4018,Active,0.553,
1045,7942.0,7956.4,Major Movement,0.4159,Active,0.579,
1046,7949.6,7964.0,Major Movement,0.4136,Active,0.575,
1047,7957.2,7971.6,Major Movement,0.4161,Active,0.58,
1048,7964.8,7979.2,Major Movement,0.4165,Active,0.586,
1049,7972.4,7986.8,Major Movement,0.4105,Active,0.569,
1050,7980.0,7994.4,Major Movement,0.4011,Active,0.551,
1051,7987.6,8002.0,Major Movement,0.4038,Active,0.562,
1052,7995.2,8009.6,Major Movement,0.4069,Active,0.554,
1053,8002.8,8017.2,Major Movement,0.3945,Restless,0.75,
1054,8010.4,8024.8,Major Movement,0.3934,Restless,0.75,
1055,8018.0,8032.4,Major Movement,0.4083,Active,0.558,
1056,8025.6,8040.0,Major Movement,0.4081,Active,0.56,
1057,8033.2,8047.6,Major Movement,0.4037,Active,0.556,
1058,8040.8,8055.2,Major Movement,0.3956,Active,0.54,
1059,8048.4,8062.8,Major Movement,0.4029,Active,0.551,
1060,8056.0,8070.4,Major Movement,0.4026,Active,0.545,
1061,8063.6,8078.0,Major Movement,0.4004,Active,0.551,
1062,8071.2,8085.6,Major Movement,0.4187,Active,0.575,
1063,8078.8,8093.2,Major Movement,0.4045,Active,0.557,
1064,8086.4,8100.8,Major Movement,0.4014,Active,0.553,
1065,8094.0,8108.4,Major Movement,0.4039,Active,0.56,
1066,8101.6,8116.0,Major Movement,0.4108,Active,0.568,
1067,8109.2,8123.6,Major Movement,0.4088,Active,0.569,
1068,8116.8,8131.2,Major Movement,0.4136,Active,0.572,
1069,8124.4,8138.8,Major Movement,0.4179,Active,0.585,
1070,8132.0,8146.4,Major Movement,0.4255,Active,0.596,
1071,8139.6,8154.0,Major Movement,0.4195,Active,0.583,
1072,8147.2,8161.6,Major Movement,0.412,Active,0.563,
1073,8154.8,8169.2,Major Movement,0.4057,Active,0.562,
1074,8162.4,8176.8,Major Movement,0.4047,Active,0.557,
1075,8170.0,8184.4,Major Movement,0.3979,Active,0.548,
1076,8177.6,8192.0,Major Movement,0.4008,Active,0.554,
1077,8185.2,8199.6,Major Movement,0.4043,Active,0.552,
1078,8192.8,8207.2,Major Movement,0.4085,Active,0.56,
1079,8200.4,8214.8,Major Movement,0.3991,Active,0.551,
1080,8208.0,8222.4,Major Movement,0.4017,Active,0.546,
1081,8215.6,8230.0,Major Movement,0.4015,Active,0.547,
1082,8223.2,8237.6,Major Movement,0.3859,Restless,0.75,
1083,8230.8,8245.2,Major Movement,0.4042,Active,0.555,
1084,8238.4,8252.8,Major Movement,0.4067,Active,0.566,
1085,8246.0,8260.4,Major Movement,0.4115,Active,0.572,
1086,8253.6,8268.0,Major Movement,0.4026,Active,0.553,
1087,8261.2,8275.6,Major Movement,0.3886,Restless,0.75,
1088,8268.8,8283.2,Major Movement,0.4022,Active,0.552,
1089,8276.4,8290.8,Major Movement,0.4081,Active,0.563,
1090,8284.0,8298.4,Major Movement,0.4087,Active,0.572,
1091,8291.6,8306.0,Major Movement,0.4194,Active,0.582,
1092,8299.2,8313.6,Major Movement,0.4113,Active,0.573,
1093,8306.8,8321.2,Major Movement,0.406,Active,0.564,
1094,8314.4,8328.8,Major Movement,0.4053,Active,0.566,
1095,8322.0,8336.4,Major Movement,0.3946,Active,0.547,
1096,8329.6,8344.0,Major Movement,0.3996,Active,0.563,
1097,8337.2,8351.6,Major Movement,0.4189,Active,0.584,
1098,8344.8,8359.2,Major Movement,0.4119,Active,0.567,
1099,8352.4,8366.8,Major Movement,0.4091,Active,0.563,
1100,8360.0,8374.4,Major Movement,0.4107,Active,0.567,
1101,8367.6,8382.0,Major Movement,0.4159,Active,0.581,
1102,8375.2,8389.6,Major Movement,0.4171,Active,0.577,
1103,8382.8,8397.2,Major Movement,0.4211,Active,0.583,
1104,8390.4,8404.8,Major Movement,0.4143,Active,0.565,
1105,8398.0,8412.4,Major Movement,0.4091,Active,0.568,
1106,8405.6,8420.0,Major Movement,0.4097,Active,0.556,
1107,8413.2,8427.6,Major Movement,0.4119,Active,0.563,
1108,8420.8,8435.2,Major Movement,0.4148,Active,0.572,
1109,8428.4,8442.8,Major Movement,0.3938,Active,0.54,
1110,8436.0,8450.4,Major Movement,0.3848,Restless,0.75,
1111,8443.6,8458.0,Major Movement,0.4133,Active,0.567,
1112,8451.2,8465.6,Major Movement,0.4219,Active,0.586,
1113,8458.8,8473.2,Major Movement,0.4081,Active,0.569,
1114,8466.4,8480.8,Major Movement,0.4174,Active,0.582,
1115,8474.0,8488.4,Major Movement,0.4116,Active,0.567,
1116,8481.6,8496.0,Major Movement,0.4035,Active,0.552,
1117,8489.2,8503.6,Major Movement,0.412,Active,0.565,
1118,8496.8,8511.2,Major Movement,0.4135,Active,0.565,
1119,8504.4,8518.8,Major Movement,0.4144,Active,0.572,
1120,8512.0,8526.4,Major Movement,0.4182,Active,0.57,
1121,8519.6,8534.0,Major Movement,0.4016,Active,0.552,
1122,8527.2,8541.6,Major Movement,0.4044,Active,0.556,
1123,8534.8,8549.2,Major Movement,0.4169,Active,0.569,
1124,8542.4,8556.8,Major Movement,0.4127,Active,0.566,
1125,8550.0,8564.4,Major Movement,0.4048,Active,0.555,
1126,8557.6,8572.0,Major Movement,0.413,Active,0.565,
1127,8565.2,8579.6,Major Movement,0.4092,Active,0.556,
1128,8572.8,8587.2,Major Movement,0.4091,Active,0.564,
1129,8580.4,8594.8,Major Movement,0.4088,Active,0.56,
1130,8588.0,8602.4,Major Movement,0.4031,Active,0.554,
1131,8595.6,8610.0,Major Movement,0.4051,Active,0.562,
1132,8603.2,8617.6,Major Movement,0.4104,Active,0.573,
1133,8610.8,8625.2,Major Movement,0.4048,Active,0.556,
1134,8618.4,8632.8,Major Movement,0.4097,Active,0.568,
1135,8626.0,8640.4,Major Movement,0.4186,Active,0.577,
1136,8633.6,8648.0,Major Movement,0.4143,Active,0.57,
1137,8641.2,8655.6,Major Movement,0.4084,Active,0.563,
1138,8648.8,8663.2,Major Movement,0.4049,Active,0.561,
1139,8656.4,8670.8,Major Movement,0.4101,Active,0.561,
1140,8664.0,8678.4,Major Movement,0.4139,Active,0.573,
1141,8671.6,8686.0,Major Movement,0.4083,Active,0.558,
1142,8679.2,8693.6,Major Movement,0.3974,Active,0.553,
1143,8686.8,8701.2,Major Movement,0.4036,Active,0.56,
1144,8694.4,8708.8,Major Movement,0.4133,Active,0.572,
1145,8702.0,8716.4,Major Movement,0.4131,Active,0.569,
1146,8709.6,8724.0,Major Movement,0.4196,Active,0.585,
1147,8717.2,8731.6,Major Movement,0.4227,Active,0.584,
1148,8724.8,8739.2,Major Movement,0.4073,Active,0.567,
1149,8732.4,8746.8,Major Movement,0.4013,Active,0.55,
1150,8740.0,8754.4,Major Movement,0.4074,Active,0.562,
1151,8747.6,8762.0,Major Movement,0.4093,Active,0.562,
1152,8755.2,8769.6,Major Movement,0.4181,Active,0.575,
1153,8762.8,8777.2,Major Movement,0.419,Active,0.581,
1154,8770.4,8784.8,Major Movement,0.4149,Active,0.578,
1155,8778.0,8792.4,Major Movement,0.4149,Active,0.578,
1156,8785.6,8800.0,Major Movement,0.4104,Active,0.56,
1157,8793.2,8807.6,Major Movement,0.4149,Active,0.567,
1158,8800.8,8815.2,Major Movement,0.422,Active,0.585,
1159,8808.4,8822.8,Major Movement,0.4164,Active,0.572,
1160,8816.0,8830.4,Major Movement,0.4036,Active,0.549,
1161,8823.6,8838.0,Major Movement,0.387,Restless,0.75,
1162,8831.2,8845.6,Major Movement,0.4161,Active,0.575,
1163,8838.8,8853.2,Major Movement,0.4211,Active,0.594,
1164,8846.4,8860.8,Major Movement,0.4012,Active,0.56,
1165,8854.0,8868.4,Major Movement,0.398,Active,0.554,
1166,8861.6,8876.0,Major Movement,0.4173,Active,0.58,
1167,8869.2,8883.6,Major Movement,0.4149,Active,0.581,
1168,8876.8,8891.2,Major Movement,0.4198,Active,0.581,
1169,8884.4,8898.8,Major Movement,0.4148,Active,0.573,
1170,8892.0,8906.4,Major Movement,0.4042,Active,0.561,
1171,8899.6,8914.0,Major Movement,0.4106,Active,0.572,
1172,8907.2,8921.6,Major Movement,0.4105,Active,0.566,
1173,8914.8,8929.2,Major Movement,0.4039,Active,0.555,
1174,8922.4,8936.8,Major Movement,0.4154,Active,0.575,
1175,8930.0,8944.4,Major Movement,0.4124,Active,0.56,
1176,8937.6,8952.0,Major Movement,0.4135,Active,0.566,
1177,8945.2,8959.6,Major Movement,0.4011,Active,0.55,
1178,8952.8,8967.2,Major Movement,0.4078,Active,0.561,
1179,8960.4,8974.8,Major Movement,0.4114,Active,0.565,
1180,8968.0,8982.4,Major Movement,0.412,Active,0.57,
1181,8975.6,8990.0,Major Movement,0.4115,Active,0.564,
1182,8983.2,8997.6,Major Movement,0.4117,Active,0.567,
1183,8990.8,9005.2,Major Movement,0.4058,Active,0.554,
1184,8998.4,9012.8,Major Movement,0.3926,Active,0.54,
1185,9006.0,9020.4,Major Movement,0.3998,Active,0.54,
1186,9013.6,9028.0,Major Movement,0.4116,Active,0.571,
1187,9021.2,9035.6,Major Movement,0.4173,Active,0.582,
1188,9028.8,9043.2,Major Movement,0.411,Active,0.579,
1189,9036.4,9050.8,Major Movement,0.4056,Active,0.558,
1190,9044.0,9058.4,Major Movement,0.4046,Active,0.564,
1191,9051.6,9066.0,Major Movement,0.4021,Active,0.556,
1192,9059.2,9073.6,Major Movement,0.4052,Active,0.553,
1193,9066.8,9081.2,Major Movement,0.415,Active,0.578,
1194,9074.4,9088.8,Major Movement,0.4107,Active,0.574,
1195,9082.0,9096.4,Major Movement,0.4122,Active,0.574,
1196,9089.6,9104.0,Major Movement,0.4039,Active,0.559,
1197,9097.2,9111.6,Major Movement,0.4131,Active,0.572,
1198,9104.8,9119.2,Major Movement,0.4068,Active,0.561,
1199,9112.4,9126.8,Major Movement,0.4033,Active,0.549,
1200,9120.0,9134.4,Major Movement,0.4141,Active,0.564,
1201,9127.6,9142.0,Major Movement,0.4107,Active,0.559,
1202,9135.2,9149.6,Major Movement,0.4067,Active,0.557,
1203,9142.8,9157.2,Major Movement,0.4087,Active,0.565,
1204,9150.4,9164.8,Major Movement,0.4084,Active,0.556,
1205,9158.0,9172.4,Major Movement,0.408,Active,0.548,
1206,9165.6,9180.0,Major Movement,0.4139,Active,0.564,
1207,9173.2,9187.6,Major Movement,0.4112,Active,0.568,
1208,9180.8,9195.2,Major Movement,0.4098,Active,0.564,
1209,9188.4,9202.8,Major Movement,0.4136,Active,0.578,
1210,9196.0,9210.4,Major Movement,0.414,Active,0.57,
1211,9203.6,9218.0,Major Movement,0.3992,Active,0.549,
1212,9211.2,9225.6,Major Movement,0.4047,Active,0.553,
1213,9218.8,9233.2,Major Movement,0.4086,Active,0.567,
1214,9226.4,9240.8,Major Movement,0.4022,Active,0.56,
1215,9234.0,9248.4,Major Movement,0.4025,Active,0.56,
1216,9241.6,9256.0,Major Movement,0.3992,Active,0.548,
1217,9249.2,9263.6,Major Movement,0.401,Active,0.556,
1218,9256.8,9271.2,Major Movement,0.4181,Active,0.583,
1219,9264.4,9278.8,Major Movement,0.4051,Active,0.567,
1220,9272.0,9286.4,Major Movement,0.4037,Active,0.554,
1221,9279.6,9294.0,Major Movement,0.4096,Active,0.571,
1222,9287.2,9301.6,Major Movement,0.4186,Active,0.578,
1223,9294.8,9309.2,Major Movement,0.4176,Active,0.579,
1224,9302.4,9316.8,Major Movement,0.4139,Active,0.574,
1225,9310.0,9324.4,Major Movement,0.4174,Active,0.575,
1226,9317.6,9332.0,Major Movement,0.4176,Active,0.578,
1227,9325.2,9339.6,Major Movement,0.4079,Active,0.551,
1228,9332.8,9347.2,Major Movement,0.389,Restless,0.75,
1229,9340.4,9354.8,Major Movement,0.386,Restless,0.75,
1230,9348.0,9362.4,Major Movement,0.4099,Active,0.563,
1231,9355.6,9370.0,Major Movement,0.4122,Active,0.565,
1232,9363.2,9377.6,Major Movement,0.4022,Active,0.546,
1233,9370.8,9385.2,Major Movement,0.4047,Active,0.559,
1234,9378.4,9392.8,Major Movement,0.3977,Active,0.55,
1235,9386.0,9400.4,Major Movement,0.4011,Active,0.553,
1236,9393.6,9408.0,Major Movement,0.4169,Active,0.581,
1237,9401.2,9415.6,Major Movement,0.4259,Active,0.592,
1238,9408.8,9423.2,Major Movement,0.4167,Active,0.578,
1239,9416.4,9430.8,Major Movement,0.4011,Active,0.549,
1240,9424.0,9438.4,Major Movement,0.3894,Restless,0.75,
1241,9431.6,9446.0,Major Movement,0.4129,Active,0.573,
1242,9439.2,9453.6,Major Movement,0.4158,Active,0.58,
1243,9446.8,9461.2,Major Movement,0.4103,Active,0.567,
1244,9454.4,9468.8,Major Movement,0.4137,Active,0.57,
1245,9462.0,9476.4,Major Movement,0.4138,Active,0.57,
1246,9469.6,9484.0,Major Movement,0.3995,Active,0.557,
1247,9477.2,9491.6,Major Movement,0.4023,Active,0.553,
1248,9484.8,9499.2,Major Movement,0.4008,Active,0.555,
1249,9492.4,9506.8,Major Movement,0.3969,Active,0.547,
1250,9500.0,9514.4,Major Movement,0.3897,Restless,0.75,
1251,9507.6,9522.0,Major Movement,0.4023,Active,0.546,
1252,9515.2,9529.6,Major Movement,0.4064,Active,0.551,
1253,9522.8,9537.2,Major Movement,0.3982,Restless,0.75,
1254,9530.4,9544.8,Major Movement,0.4092,Active,0.557,
1255,9538.0,9552.4,Major Movement,0.4084,Active,0.56,
1256,9545.6,9560.0,Major Movement,0.4045,Active,0.561,
1257,9553.2,9567.6,Major Movement,0.4073,Active,0.563,
1258,9560.8,9575.2,Major Movement,0.4026,Active,0.551,
1259,9568.4,9582.8,Major Movement,0.4066,Active,0.565,
1260,9576.0,9590.4,Major Movement,0.4039,Active,0.554,
1261,9583.6,9598.0,Major Movement,0.4043,Active,0.557,
1262,9591.2,9605.6,Major Movement,0.4055,Active,0.555,
1263,9598.8,9613.2,Major Movement,0.3911,Active,0.542,
1264,9606.4,9620.8,Major Movement,0.3949,Active,0.546,
1265,9614.0,9628.4,Major Movement,0.3947,Active,0.551,
1266,9621.6,9636.0,Major Movement,0.4075,Active,0.568,
1267,9629.2,9643.6,Major Movement,0.4184,Active,0.585,
1268,9636.8,9651.2,Major Movement,0.419,Active,0.578,
1269,9644.4,9658.8,Major Movement,0.4072,Active,0.567,
1270,9652.0,9666.4,Major Movement,0.4207,Active,0.582,
1271,9659.6,9674.0,Major Movement,0.416,Active,0.576,
1272,9667.2,9681.6,Major Movement,0.411,Active,0.567,
1273,9674.8,9689.2,Major Movement,0.409,Active,0.558,
1274,9682.4,9696.8,Major Movement,0.4128,Active,0.565,
1275,9690.0,9704.4,Major Movement,0.4075,Active,0.559,
1276,9697.6,9712.0,Major Movement,0.4076,Active,0.56,
1277,9705.2,9719.6,Major Movement,0.4041,Active,0.557,
1278,9712.8,9727.2,Major Movement,0.4034,Active,0.547,
1279,9720.4,9734.8,Major Movement,0.4127,Active,0.566,
1280,9728.0,9742.4,Major Movement,0.4145,Active,0.571,
1281,9735.6,9750.0,Major Movement,0.4089,Active,0.552,
1282,9743.2,9757.6,Major Movement,0.3932,Active,0.544,
1283,9750.8,9765.2,Major Movement,0.4119,Active,0.56,
1284,9758.4,9772.8,Major Movement,0.4007,Active,0.548,
1285,9766.0,9780.4,Major Movement,0.4003,Active,0.549,
1286,9773.6,9788.0,Major Movement,0.4063,Active,0.561,
1287,9781.2,9795.6,Major Movement,0.4155,Active,0.574,
1288,9788.8,9803.2,Major Movement,0.4174,Active,0.579,
1289,9796.4,9810.8,Major Movement,0.4154,Active,0.577,
1290,9804.0,9818.4,Major Movement,0.4113,Active,0.581,
1291,9811.6,9826.0,Major Movement,0.4137,Active,0.573,
1292,9819.2,9833.6,Major Movement,0.4138,Active,0.579,
1293,9826.8,9841.2,Major Movement,0.4209,Active,0.587,
1294,9834.4,9848.8,Major Movement,0.4208,Active,0.588,
1295,9842.0,9856.4,Major Movement,0.42,Active,0.582,
1296,9849.6,9864.0,Major Movement,0.4059,Active,0.556,
1297,9857.2,9871.6,Major Movement,0.4108,Active,0.565,Motion
1298,9864.8,9879.2,Major Movement,0.403,Active,0.56,Motion
1299,9872.4,9886.8,Major Movement,0.4072,Active,0.566,Motion
1300,9880.0,9894.4,Major Movement,0.4179,Active,0.576,Motion
1301,9887.6,9902.0,Major Movement,0.4055,Active,0.549,Motion
1302,9895.2,9909.6,Major Movement,0.4379,Active,0.611,Motion
1303,9902.8,9917.2,Major Movement,0.4625,Active,0.647,Motion
1304,9910.4,9924.8,Major Movement,0.4761,Active,0.647,Motion
1305,9918.0,9932.4,Major Movement,0.5089,Active,0.735,Motion
1306,9925.6,9940.0,Major Movement,0.4978,Active,0.696,Motion
1307,9933.2,9947.6,Major Movement,0.4813,Active,0.688,Motion
1308,9940.8,9955.2,Major Movement,0.4638,Active,0.674,Motion
1309,9948.4,9962.8,Major Movement,0.4504,Active,0.65,Motion
1310,9956.0,9970.4,Major Movement,0.4408,Active,0.639,Motion
1311,9963.6,9978.0,Major Movement,0.4519,Active,0.64,Motion
1312,9971.2,9985.6,Major Movement,0.4717,Active,0.661,Motion
1313,9978.8,9993.2,Major Movement,0.4937,Active,0.674,Motion
1314,9986.4,10000.8,Major Movement,0.4855,Active,0.656,Motion
1315,9994.0,10008.4,Major Movement,0.4554,Active,0.633,Motion
1316,10001.6,10016.0,Major Movement,0.4216,Active,0.589,Motion
1317,10009.2,10023.6,Major Movement,0.4379,Active,0.6,Motion
1318,10016.8,10031.2,Major Movement,0.4842,Active,0.664,Motion
1319,10024.4,10038.8,Major Movement,0.4828,Active,0.656,Motion
1320,10032.0,10046.4,Major Movement,0.4915,Active,0.663,Motion
1321,10039.6,10054.0,Major Movement,0.5014,Active,0.702,Motion
1322,10047.2,10061.6,Major Movement,0.496,Active,0.7,Motion
1323,10054.8,10069.2,Major Movement,0.4968,Active,0.714,Motion
1324,10062.4,10076.8,Major Movement,0.4896,Active,0.677,Motion
1325,10070.0,10084.4,Major Movement,0.4933,Active,0.675,Motion
1326,10077.6,10092.0,Major Movement,0.4646,Active,0.624,Motion
1327,10085.2,10099.6,Major Movement,0.4777,Active,0.626,Motion
1328,10092.8,10107.2,Major Movement,0.5013,Active,0.672,Motion
1329,10100.4,10114.8,Major Movement,0.5069,Active,0.716,Motion
1330,10108.0,10122.4,Major Movement,0.4989,Active,0.707,Motion
1331,10115.6,10130.0,Major Movement,0.4747,Active,0.638,Motion
1332,10123.2,10137.6,Major Movement,0.4708,Active,0.657,Motion
1333,10130.8,10145.2,Major Movement,0.5191,Active,0.737,Motion
1334,10138.4,10152.8,Major Movement,0.5193,Active,0.751,Motion
1335,10146.0,10160.4,Major Movement,0.4888,Active,0.684,Motion
1336,10153.6,10168.0,Major Movement,0.4792,Active,0.682,Motion
1337,10161.2,10175.6,Major Movement,0.4687,Active,0.67,Motion
1338,10168.8,10183.2,Major Movement,0.4255,Active,0.593,Motion
1339,10176.4,10190.8,Major Movement,0.4265,Active,0.603,Motion
1340,10184.0,10198.4,Major Movement,0.4759,Active,0.697,Motion
1341,10191.6,10206.0,Major Movement,0.5039,Active,0.758,Motion
1342,10199.2,10213.6,Major Movement,0.4869,Active,0.73,Motion
1343,10206.8,10221.2,Major Movement,0.4789,Active,0.684,Motion
1344,10214.4,10228.8,Major Movement,0.4603,Active,0.663,Motion
1345,10222.0,10236.4,Major Movement,0.4622,Active,0.65,Motion
1346,10229.6,10244.0,Major Movement,0.4749,Active,0.661,Motion
1347,10237.2,10251.6,Major Movement,0.4935,Active,0.702,Motion
1348,10244.8,10259.2,Major Movement,0.4605,Active,0.654,Motion
1349,10252.4,10266.8,Major Movement,0.4439,Active,0.632,Motion
1350,10260.0,10274.4,Major Movement,0.4501,Active,0.603,Motion
1351,10267.6,10282.0,Major Movement,0.4829,Active,0.701,Motion
1352,10275.2,10289.6,Major Movement,0.4593,Active,0.66,Motion
1353,10282.8,10297.2,Major Movement,0.4367,Active,0.629,Motion
1354,10290.4,10304.8,Major Movement,0.4401,Active,0.618,Motion
1355,10298.0,10312.4,Major Movement,0.473,Active,0.634,Motion
1356,10305.6,10320.0,Major Movement,0.4847,Active,0.685,Motion
1357,10313.2,10327.6,Major Movement,0.447,Active,0.651,Motion
1358,10320.8,10335.2,Major Movement,0.406,Active,0.582,Motion
1359,10328.4,10342.8,Major Movement,0.4594,Active,0.631,Motion
1360,10336.0,10350.4,Major Movement,0.4774,Active,0.663,Motion
1361,10343.6,10358.0,Major Movement,0.4527,Active,0.661,Motion
1362,10351.2,10365.6,Major Movement,0.4928,Active,0.707,Motion
1363,10358.8,10373.2,Major Movement,0.4718,Active,0.674,Motion
1364,10366.4,10380.8,Major Movement,0.4599,Active,0.636,Motion
1365,10374.0,10388.4,Major Movement,0.4489,Active,0.65,Motion
1366,10381.6,10396.0,Major Movement,0.4847,Active,0.698,Motion
1367,10389.2,10403.6,Major Movement,0.4774,Active,0.682,Motion
1368,10396.8,10411.2,Major Movement,0.4436,Active,0.606,Motion
1369,10404.4,10418.8,Major Movement,0.485,Active,0.7,Motion
1370,10412.0,10426.4,Major Movement,0.5158,Active,0.766,Motion
1371,10419.6,10434.0,Major Movement,0.468,Active,0.669,Motion
1372,10427.2,10441.6,Major Movement,0.443,Active,0.626,Motion
1373,10434.8,10449.2,Major Movement,0.4451,Active,0.63,Motion
1374,10442.4,10456.8,Major Movement,0.4765,Active,0.689,Motion
1375,10450.0,10464.4,Major Movement,0.4504,Active,0.604,Motion
1376,10457.6,10472.0,Major Movement,0.4152,Active,0.554,Motion
1377,10465.2,10479.6,Major Movement,0.3975,Active,0.546,Motion
1378,10472.8,10487.2,Major Movement,0.4368,Active,0.614,Motion
1379,10480.4,10494.8,Major Movement,0.4762,Active,0.681,Motion
1380,10488.0,10502.4,Major Movement,0.4756,Active,0.672,Motion
1381,10495.6,10510.0,Major Movement,0.472,Active,0.675,Motion
1382,10503.2,10517.6,Major Movement,0.4644,Active,0.639,Motion
1383,10510.8,10525.2,Major Movement,0.4574,Active,0.623,Motion
1384,10518.4,10532.8,Major Movement,0.4749,Active,0.667,Motion
1385,10526.0,10540.4,Major Movement,0.47,Active,0.651,Motion
1386,10533.6,10548.0,Major Movement,0.4394,Active,0.599,Motion
1387,10541.2,10555.6,Major Movement,0.4614,Active,0.616,Motion
1388,10548.8,10563.2,Major Movement,0.4739,Active,0.653,Motion
1389,10556.4,10570.8,Major Movement,0.4343,Active,0.604,Motion
1390,10564.0,10578.4,Major Movement,0.4761,Active,0.649,Motion
1391,10571.6,10586.0,Major Movement,0.4775,Active,0.652,Motion
1392,10579.2,10593.6,Major Movement,0.4489,Active,0.634,Motion
1393,10586.8,10601.2,Major Movement,0.4466,Active,0.604,Motion
1394,10594.4,10608.8,Major Movement,0.4802,Active,0.674,Motion
1395,10602.0,10616.4,Major Movement,0.4961,Active,0.722,Motion
1396,10609.6,10624.0,Major Movement,0.5032,Active,0.724,Motion
1397,10617.2,10631.6,Major Movement,0.4935,Active,0.717,Motion
1398,10624.8,10639.2,Major Movement,0.4315,Active,0.6,Motion
1399,10632.4,10646.8,Major Movement,0.4454,Active,0.619,Motion
1400,10640.0,10654.4,Major Movement,0.4685,Active,0.644,Motion
1401,10647.6,10662.0,Major Movement,0.5011,Active,0.738,Motion
1402,10655.2,10669.6,Major Movement,0.4782,Active,0.695,Motion
1403,10662.8,10677.2,Major Movement,0.4605,Active,0.638,Motion
1404,10670.4,10684.8,Major Movement,0.459,Active,0.624,Motion
1405,10678.0,10692.4,Major Movement,0.4721,Active,0.658,Motion
1406,10685.6,10700.0,Major Movement,0.4932,Active,0.685,Motion
1407,10693.2,10707.6,Major Movement,0.4986,Active,0.711,Motion
1408,10700.8,10715.2,Major Movement,0.4499,Active,0.637,Motion
1409,10708.4,10722.8,Major Movement,0.457,Active,0.668,Motion
1410,10716.0,10730.4,Major Movement,0.4869,Active,0.678,Motion
1411,10723.6,10738.0,Major Movement,0.4415,Active,0.576,Motion
1412,10731.2,10745.6,Major Movement,0.4484,Active,0.602,Motion
1413,10738.8,10753.2,Major Movement,0.4791,Active,0.675,Motion
1414,10746.4,10760.8,Major Movement,0.4629,Active,0.67,Motion
1415,10754.0,10768.4,Major Movement,0.4832,Active,0.686,Motion
1416,10761.6,10776.0,Major Movement,0.4892,Active,0.703,Motion
1417,10769.2,10783.6,Major Movement,0.4426,Active,0.619,Motion
1418,10776.8,10791.2,Major Movement,0.4469,Active,0.621,Motion
1419,10784.4,10798.8,Major Movement,0.4349,Active,0.612,Motion
1420,10792.0,10806.4,Major Movement,0.4584,Active,0.625,Motion
1421,10799.6,10814.0,Major Movement,0.4766,Active,0.674,Motion
1422,10807.2,10821.6,Major Movement,0.4733,Active,0.671,Motion
1423,10814.8,10829.2,Major Movement,0.4766,Active,0.663,Motion
1424,10822.4,10836.8,Major Movement,0.473,Active,0.654,Motion
1425,10830.0,10844.4,Major Movement,0.4654,Active,0.624,Motion
1426,10837.6,10852.0,Major Movement,0.4577,Active,0.606,Motion
1427,10845.2,10859.6,Major Movement,0.4269,Active,0.587,Motion
1428,10852.8,10867.2,Major Movement,0.4869,Active,0.709,Motion
1429,10860.4,10874.8,Major Movement,0.5071,Active,0.744,Motion
1430,10868.0,10882.4,Major Movement,0.4847,Active,0.681,Motion
1431,10875.6,10890.0,Major Movement,0.473,Active,0.633,Motion
1432,10883.2,10897.6,Major Movement,0.4494,Active,0.594,Motion
1433,10890.8,10905.2,Major Movement,0.4431,Active,0.613,Motion
1434,10898.4,10912.8,Major Movement,0.4332,Active,0.608,Motion
1435,10906.0,10920.4,Major Movement,0.4408,Active,0.6,Motion
1436,10913.6,10928.0,Major Movement,0.4448,Active,0.603,Motion
1437,10921.2,10935.6,Major Movement,0.4458,Active,0.627,Motion
1438,10928.8,10943.2,Major Movement,0.4644,Active,0.669,Motion
1439,10936.4,10950.8,Major Movement,0.4676,Active,0.653,Motion
1440,10944.0,10958.4,Major Movement,0.4361,Active,0.59,Motion
1441,10951.6,10966.0,Major Movement,0.4422,Active,0.618,Motion
1442,10959.2,10973.6,Major Movement,0.4945,Active,0.716,Motion
1443,10966.8,10981.2,Major Movement,0.4961,Active,0.705,Motion
1444,10974.4,10988.8,Major Movement,0.4973,Active,0.694,Motion
1445,10982.0,10996.4,Major Movement,0.4609,Active,0.641,Motion
1446,10989.6,11004.0,Major Movement,0.4201,Active,0.588,Motion
1447,10997.2,11011.6,Major Movement,0.4571,Active,0.662,Motion
1448,11004.8,11019.2,Major Movement,0.47,Active,0.698,Motion
1449,11012.4,11026.8,Major Movement,0.4684,Active,0.678,Motion
1450,11020.0,11034.4,Major Movement,0.4577,Active,0.637,Motion
1451,11027.6,11042.0,Major Movement,0.4241,Restless,0.75,Motion
1452,11035.2,11049.6,Major Movement,0.4308,Active,0.584,Motion
1453,11042.8,11057.2,Major Movement,0.4357,Active,0.587,Motion
1454,11050.4,11064.8,Major Movement,0.4337,Active,0.592,Motion
1455,11058.0,11072.4,Major Movement,0.4646,Active,0.661,Motion
1456,11065.6,11080.0,Major Movement,0.49,Active,0.721,Motion
1457,11073.2,11087.6,Major Movement,0.4975,Active,0.734,Motion
1458,11080.8,11095.2,Major Movement,0.5153,Active,0.737,Motion
1459,11088.4,11102.8,Major Movement,0.4861,Active,0.666,Motion
1460,11096.0,11110.4,Major Movement,0.4161,Active,0.568,Motion
1461,11103.6,11118.0,Major Movement,0.4108,Active,0.565,Motion
1462,11111.2,11125.6,Major Movement,0.4216,Active,0.589,Motion
1463,11118.8,11133.2,Major Movement,0.4171,Active,0.59,Motion
1464,11126.4,11140.8,Major Movement,0.4129,Active,0.569,
1465,11134.0,11148.4,Major Movement,0.4133,Active,0.568,
1466,11141.6,11156.0,Major Movement,0.4122,Active,0.564,
1467,11149.2,11163.6,Major Movement,0.4008,Active,0.56,
1468,11156.8,11171.2,Major Movement,0.418,Active,0.576,
1469,11164.4,11178.8,Major Movement,0.4153,Active,0.572,
1470,11172.0,11186.4,Major Movement,0.4009,Active,0.554,
1471,11179.6,11194.0,Major Movement,0.4095,Active,0.568,
1472,11187.2,11201.6,Major Movement,0.4092,Active,0.566,
1473,11194.8,11209.2,Major Movement,0.39,Restless,0.75,
1474,11202.4,11216.8,Major Movement,0.3971,Active,0.541,
1475,11210.0,11224.4,Major Movement,0.4044,Active,0.555,
1476,11217.6,11232.0,Major Movement,0.4052,Active,0.548,
1477,11225.2,11239.6,Major Movement,0.4199,Active,0.578,
1478,11232.8,11247.2,Major Movement,0.4173,Active,0.568,
1479,11240.4,11254.8,Major Movement,0.4171,Active,0.573,
1480,11248.0,11262.4,Major Movement,0.4245,Active,0.592,
1481,11255.6,11270.0,Major Movement,0.4073,Active,0.549,
1482,11263.2,11277.6,Major Movement,0.3971,Active,0.544,
1483,11270.8,11285.2,Major Movement,0.4051,Active,0.554,
1484,11278.4,11292.8,Major Movement,0.4017,Active,0.553,
1485,11286.0,11300.4,Major Movement,0.4084,Active,0.564,
1486,11293.6,11308.0,Major Movement,0.4077,Active,0.561,
1487,11301.2,11315.6,Major Movement,0.4066,Active,0.556,
1488,11308.8,11323.2,Major Movement,0.4131,Active,0.573,
1489,11316.4,11330.8,Major Movement,0.4241,Active,0.596,
1490,11324.0,11338.4,Major Movement,0.4105,Active,0.572,
1491,11331.6,11346.0,Major Movement,0.405,Active,0.561,
1492,11339.2,11353.6,Major Movement,0.3877,Active,0.542,
1493,11346.8,11361.2,Major Movement,0.3969,Active,0.546,
1494,11354.4,11368.8,Major Movement,0.3976,Active,0.556,
1495,11362.0,11376.4,Major Movement,0.3956,Active,0.551,
1496,11369.6,11384.0,Major Movement,0.4056,Active,0.567,
1497,11377.2,11391.6,Major Movement,0.4212,Active,0.581,
1498,11384.8,11399.2,Major Movement,0.421,Active,0.582,
1499,11392.4,11406.8,Major Movement,0.4171,Active,0.575,
1500,11400.0,11414.4,Major Movement,0.4135,Active,0.576,
1501,11407.6,11422.0,Major Movement,0.411,Active,0.567,
1502,11415.2,11429.6,Major Movement,0.4029,Active,0.556,
1503,11422.8,11437.2,Major Movement,0.4135,Active,0.573,
1504,11430.4,11444.8,Major Movement,0.4118,Active,0.557,
1505,11438.0,11452.4,Major Movement,0.4062,Active,0.556,
1506,11445.6,11460.0,Major Movement,0.4057,Active,0.55,
1507,11453.2,11467.6,Major Movement,0.404,Active,0.546,
1508,11460.8,11475.2,Major Movement,0.4153,Active,0.569,
1509,11468.4,11482.8,Major Movement,0.4126,Active,0.563,
1510,11476.0,11490.4,Major Movement,0.4097,Active,0.564,
1511,11483.6,11498.0,Major Movement,0.4167,Active,0.584,
1512,11491.2,11505.6,Major Movement,0.4106,Active,0.569,
1513,11498.8,11513.2,Major Movement,0.4093,Active,0.57,
1514,11506.4,11520.8,Major Movement,0.4103,Active,0.571,
1515,11514.0,11528.4,Major Movement,0.4103,Active,0.571,
1516,11521.6,11536.0,Major Movement,0.415,Active,0.575,
1517,11529.2,11543.6,Major Movement,0.4088,Active,0.569,
1518,11536.8,11551.2,Major Movement,0.4126,Active,0.572,
1519,11544.4,11558.8,Major Movement,0.4132,Active,0.578,
1520,11552.0,11566.4,Major Movement,0.4103,Active,0.564,
1521,11559.6,11574.0,Major Movement,0.4168,Active,0.574,
1522,11567.2,11581.6,Major Movement,0.4192,Active,0.572,
1523,11574.8,11589.2,Major Movement,0.4123,Active,0.569,
1524,11582.4,11596.8,Major Movement,0.4151,Active,0.564,
1525,11590.0,11604.4,Major Movement,0.4063,Active,0.554,
1526,11597.6,11612.0,Major Movement,0.4117,Active,0.563,
1527,11605.2,11619.6,Major Movement,0.4175,Active,0.573,
1528,11612.8,11627.2,Major Movement,0.4037,Active,0.55,
1529,11620.4,11634.8,Major Movement,0.4009,Active,0.553,
1530,11628.0,11642.4,Major Movement,0.4087,Active,0.56,
1531,11635.6,11650.0,Major Movement,0.4103,Active,0.558,
1532,11643.2,11657.6,Major Movement,0.4037,Active,0.555,
1533,11650.8,11665.2,Major Movement,0.3962,Active,0.54,
1534,11658.4,11672.8,Major Movement,0.3976,Active,0.54,
1535,11666.0,11680.4,Major Movement,0.4042,Active,0.553,
1536,11673.6,11688.0,Major Movement,0.398,Active,0.551,
1537,11681.2,11695.6,Major Movement,0.41,Active,0.57,
1538,11688.8,11703.2,Major Movement,0.4073,Active,0.568,
1539,11696.4,11710.8,Major Movement,0.4113,Active,0.564,
1540,11704.0,11718.4,Major Movement,0.4168,Active,0.582,
1541,11711.6,11726.0,Major Movement,0.4146,Active,0.575,
1542,11719.2,11733.6,Major Movement,0.3974,Active,0.554,
1543,11726.8,11741.2,Major Movement,0.4078,Active,0.559,
1544,11734.4,11748.8,Major Movement,0.4104,Active,0.566,
1545,11742.0,11756.4,Major Movement,0.4154,Active,0.568,
1546,11749.6,11764.0,Major Movement,0.4146,Active,0.573,
1547,11757.2,11771.6,Major Movement,0.4125,Active,0.571,
1548,11764.8,11779.2,Major Movement,0.412,Active,0.564,
1549,11772.4,11786.8,Major Movement,0.4072,Active,0.567,
1550,11780.0,11794.4,Major Movement,0.4079,Active,0.565,
1551,11787.6,11802.0,Major Movement,0.4064,Active,0.554,
1552,11795.2,11809.6,Major Movement,0.4133,Active,0.571,
1553,11802.8,11817.2,Major Movement,0.414,Active,0.571,
1554,11810.4,11824.8,Major Movement,0.4076,Active,0.564,
1555,11818.0,11832.4,Major Movement,0.4125,Active,0.575,
1556,11825.6,11840.0,Major Movement,0.4214,Active,0.585,
1557,11833.2,11847.6,Major Movement,0.4223,Active,0.582,
1558,11840.8,11855.2,Major Movement,0.4164,Active,0.574,
1559,11848.4,11862.8,Major Movement,0.409,Active,0.563,
1560,11856.0,11870.4,Major Movement,0.4141,Active,0.576,
1561,11863.6,11878.0,Major Movement,0.4062,Active,0.566,
1562,11871.2,11885.6,Major Movement,0.4067,Active,0.563,
1563,11878.8,11893.2,Major Movement,0.4026,Active,0.553,
1564,11886.4,11900.8,Major Movement,0.3996,Active,0.548,
1565,11894.0,11908.4,Major Movement,0.4047,Active,0.562,
1566,11901.6,11916.0,Major Movement,0.4025,Active,0.55,
1567,11909.2,11923.6,Major Movement,0.4121,Active,0.567,
1568,11916.8,11931.2,Major Movement,0.4221,Active,0.585,
1569,11924.4,11938.8,Major Movement,0.4145,Active,0.58,
1570,11932.0,11946.4,Major Movement,0.4082,Active,0.563,
1571,11939.6,11954.0,Major Movement,0.4062,Active,0.564,
1572,11947.2,11961.6,Major Movement,0.4104,Active,0.562,
1573,11954.8,11969.2,Major Movement,0.4177,Active,0.579,
1574,11962.4,11976.8,Major Movement,0.4072,Active,0.562,
1575,11970.0,11984.4,Major Movement,0.4108,Active,0.566,
1576,11977.6,11992.0,Major Movement,0.3977,Active,0.541,
1577,11985.2,11999.6,Major Movement,0.3877,Restless,0.75,
1578,11992.8,12007.2,Major Movement,0.3908,Restless,0.75,
1579,12000.4,12014.8,Major Movement,0.3999,Active,0.539,
1580,12008.0,12022.4,Major Movement,0.41,Active,0.569,
1581,12015.6,12030.0,Major Movement,0.4115,Active,0.567,
1582,12023.2,12037.6,Major Movement,0.4017,Active,0.553,
1583,12030.8,12045.2,Major Movement,0.4076,Active,0.56,
1584,12038.4,12052.8,Major Movement,0.4143,Active,0.579,
1585,12046.0,12060.4,Major Movement,0.4145,Active,0.572,
1586,12053.6,12068.0,Major Movement,0.3913,Restless,0.75,
1587,12061.2,12075.6,Major Movement,0.3988,Active,0.548,
1588,12068.8,12083.2,Major Movement,0.4071,Active,0.562,
1589,12076.4,12090.8,Major Movement,0.4081,Active,0.565,
1590,12084.0,12098.4,Major Movement,0.4001,Active,0.558,
1591,12091.6,12106.0,Major Movement,0.4112,Active,0.564,
1592,12099.2,12113.6,Major Movement,0.4048,Active,0.558,
1593,12106.8,12121.2,Major Movement,0.4035,Active,0.555,
1594,12114.4,12128.8,Major Movement,0.4159,Active,0.579,
1595,12122.0,12136.4,Major Movement,0.4143,Active,0.573,
1596,12129.6,12144.0,Major Movement,0.415,Active,0.574,
1597,12137.2,12151.6,Major Movement,0.4151,Active,0.574,
1598,12144.8,12159.2,Major Movement,0.4065,Active,0.56,
1599,12152.4,12166.8,Major Movement,0.4081,Active,0.557,
1600,12160.0,12174.4,Major Movement,0.4251,Active,0.591,
1601,12167.6,12182.0,Major Movement,0.4138,Active,0.56,
1602,12175.2,12189.6,Major Movement,0.3922,Restless,0.75,
1603,12182.8,12197.2,Major Movement,0.4053,Active,0.551,
1604,12190.4,12204.8,Major Movement,0.4127,Active,0.556,
1605,12198.0,12212.4,Major Movement,0.401,Active,0.54,
1606,12205.6,12220.0,Major Movement,0.399,Active,0.545,
1607,12213.2,12227.6,Major Movement,0.4154,Active,0.573,
1608,12220.8,12235.2,Major Movement,0.4039,Active,0.553,
1609,12228.4,12242.8,Major Movement,0.3951,Active,0.542,
1610,12236.0,12250.4,Major Movement,0.3994,Active,0.55,
1611,12243.6,12258.0,Major Movement,0.4049,Active,0.561,
1612,12251.2,12265.6,Major Movement,0.4124,Active,0.575,
1613,12258.8,12273.2,Major Movement,0.4139,Active,0.577,
1614,12266.4,12280.8,Major Movement,0.4134,Active,0.569,
1615,12274.0,12288.4,Major Movement,0.4157,Active,0.577,
1616,12281.6,12296.0,Major Movement,0.4128,Active,0.58,
1617,12289.2,12303.6,Major Movement,0.4096,Active,0.566,
1618,12296.8,12311.2,Major Movement,0.4064,Active,0.553,
1619,12304.4,12318.8,Major Movement,0.3984,Active,0.548,
1620,12312.0,12326.4,Major Movement,0.3901,Active,0.541,
1621,12319.6,12334.0,Major Movement,0.4022,Active,0.559,
1622,12327.2,12341.6,Major Movement,0.4133,Active,0.577,
1623,12334.8,12349.2,Major Movement,0.4085,Active,0.559,
1624,12342.4,12356.8,Major Movement,0.4093,Active,0.561,
1625,12350.0,12364.4,Major Movement,0.4083,Active,0.563,
1626,12357.6,12372.0,Major Movement,0.4105,Active,0.568,
1627,12365.2,12379.6,Major Movement,0.4113,Active,0.557,
1628,12372.8,12387.2,Major Movement,0.4134,Active,0.562,
1629,12380.4,12394.8,Major Movement,0.4102,Active,0.562,
1630,12388.0,12402.4,Major Movement,0.4005,Active,0.552,
1631,12395.6,12410.0,Major Movement,0.397,Active,0.542,
1632,12403.2,12417.6,Major Movement,0.4045,Active,0.555,
1633,12410.8,12425.2,Major Movement,0.4016,Active,0.545,
1634,12418.4,12432.8,Major Movement,0.3988,Active,0.55,
1635,12426.0,12440.4,Major Movement,0.4113,Active,0.576,
1636,12433.6,12448.0,Major Movement,0.4137,Active,0.579,
1637,12441.2,12455.6,Major Movement,0.4154,Active,0.576,
1638,12448.8,12463.2,Major Movement,0.4004,Active,0.552,
1639,12456.4,12470.8,Major Movement,0.4061,Active,0.561,
1640,12464.0,12478.4,Major Movement,0.4181,Active,0.591,
1641,12471.6,12486.0,Major Movement,0.4195,Active,0.583,
1642,12479.2,12493.6,Major Movement,0.4173,Active,0.582,
1643,12486.8,12501.2,Major Movement,0.4185,Active,0.583,
1644,12494.4,12508.8,Major Movement,0.4089,Active,0.575,
1645,12502.0,12516.4,Major Movement,0.4017,Active,0.556,
1646,12509.6,12524.0,Major Movement,0.4007,Active,0.559,
1647,12517.2,12531.6,Major Movement,0.4095,Active,0.569,
1648,12524.8,12539.2,Major Movement,0.4024,Active,0.562,
1649,12532.4,12546.8,Major Movement,0.4072,Active,0.564,
1650,12540.0,12554.4,Major Movement,0.4005,Active,0.551,
1651,12547.6,12562.0,Major Movement,0.4088,Active,0.554,
1652,12555.2,12569.6,Major Movement,0.4229,Active,0.584,
1653,12562.8,12577.2,Major Movement,0.4288,Active,0.596,
1654,12570.4,12584.8,Major Movement,0.421,Active,0.576,
1655,12578.0,12592.4,Major Movement,0.4045,Active,0.555,
1656,12585.6,12600.0,Major Movement,0.4017,Active,0.549,
1657,12593.2,12607.6,Major Movement,0.3995,Active,0.545,
1658,12600.8,12615.2,Major Movement,0.4117,Active,0.566,
1659,12608.4,12622.8,Major Movement,0.4215,Active,0.586,
1660,12616.0,12630.4,Major Movement,0.4237,Active,0.589,
1661,12623.6,12638.0,Major Movement,0.4189,Active,0.584,
1662,12631.2,12645.6,Major Movement,0.418,Active,0.582,
1663,12638.8,12653.2,Major Movement,0.3997,Active,0.555,
1664,12646.4,12660.8,Major Movement,0.4038,Active,0.553,
1665,12654.0,12668.4,Major Movement,0.4068,Active,0.567,
1666,12661.6,12676.0,Major Movement,0.4125,Active,0.568,
1667,12669.2,12683.6,Major Movement,0.3949,Active,0.557,
1668,12676.8,12691.2,Major Movement,0.4132,Active,0.574,
1669,12684.4,12698.8,Major Movement,0.4186,Active,0.585,
1670,12692.0,12706.4,Major Movement,0.4088,Active,0.563,
1671,12699.6,12714.0,Major Movement,0.4133,Active,0.573,
1672,12707.2,12721.6,Major Movement,0.4134,Active,0.567,
1673,12714.8,12729.2,Major Movement,0.4149,Active,0.576,
1674,12722.4,12736.8,Major Movement,0.4199,Active,0.581,
1675,12730.0,12744.4,Major Movement,0.42,Active,0.581,
1676,12737.6,12752.0,Major Movement,0.4193,Active,0.577,
1677,12745.2,12759.6,Major Movement,0.4046,Active,0.561,
1678,12752.8,12767.2,Major Movement,0.4096,Active,0.562,
1679,12760.4,12774.8,Major Movement,0.4142,Active,0.572,
1680,12768.0,12782.4,Major Movement,0.4057,Active,0.556,
1681,12775.6,12790.0,Major Movement,0.4095,Active,0.562,
1682,12783.2,12797.6,Major Movement,0.409,Active,0.562,
1683,12790.8,12805.2,Major Movement,0.3995,Active,0.54,
1684,12798.4,12812.8,Major Movement,0.4077,Active,0.557,
1685,12806.0,12820.4,Major Movement,0.4182,Active,0.579,
1686,12813.6,12828.0,Major Movement,0.3977,Active,0.551,
1687,12821.2,12835.6,Major Movement,0.3972,Active,0.542,
1688,12828.8,12843.2,Major Movement,0.4089,Active,0.569,
1689,12836.4,12850.8,Major Movement,0.4241,Active,0.587,
1690,12844.0,12858.4,Major Movement,0.4182,Active,0.581,
1691,12851.6,12866.0,Major Movement,0.4121,Active,0.574,
1692,12859.2,12873.6,Major Movement,0.4054,Active,0.566,
1693,12866.8,12881.2,Major Movement,0.4073,Active,0.563,
1694,12874.4,12888.8,Major Movement,0.397,Active,0.556,
1695,12882.0,12896.4,Major Movement,0.3987,Active,0.549,
1696,12889.6,12904.0,Major Movement,0.4074,Active,0.561,
1697,12897.2,12911.6,Major Movement,0.4174,Active,0.576,
1698,12904.8,12919.2,Major Movement,0.4167,Active,0.574,
1699,12912.4,12926.8,Major Movement,0.4152,Active,0.57,
1700,12920.0,12934.4,Major Movement,0.4043,Active,0.556,
1701,12927.6,12942.0,Major Movement,0.4015,Active,0.552,
1702,12935.2,12949.6,Major Movement,0.4188,Active,0.577,
1703,12942.8,12957.2,Major Movement,0.4155,Active,0.574,
1704,12950.4,12964.8,Major Movement,0.4057,Active,0.556,
1705,12958.0,12972.4,Major Movement,0.411,Active,0.564,
1706,12965.6,12980.0,Major Movement,0.4114,Active,0.566,
1707,12973.2,12987.6,Major Movement,0.4156,Active,0.574,
1708,12980.8,12995.2,Major Movement,0.4227,Active,0.589,
1709,12988.4,13002.8,Major Movement,0.4178,Active,0.578,
1710,12996.0,13010.4,Major Movement,0.4139,Active,0.573,
1711,13003.6,13018.0,Major Movement,0.4032,Active,0.557,
1712,13011.2,13025.6,Major Movement,0.407,Active,0.565,
1713,13018.8,13033.2,Major Movement,0.4185,Active,0.586,
1714,13026.4,13040.8,Major Movement,0.4219,Active,0.588,
1715,13034.0,13048.4,Major Movement,0.4129,Active,0.579,
1716,13041.6,13056.0,Major Movement,0.4166,Active,0.587,
1717,13049.2,13063.6,Major Movement,0.4138,Active,0.581,
1718,13056.8,13071.2,Major Movement,0.4079,Active,0.568,
1719,13064.4,13078.8,Major Movement,0.3996,Active,0.558,
1720,13072.0,13086.4,Major Movement,0.4054,Active,0.559,
1721,13079.6,13094.0,Major Movement,0.4073,Active,0.57,
1722,13087.2,13101.6,Major Movement,0.4158,Active,0.571,
1723,13094.8,13109.2,Major Movement,0.4115,Active,0.559,
1724,13102.4,13116.8,Major Movement,0.4029,Active,0.547,
1725,13110.0,13124.4,Major Movement,0.399,Active,0.545,
1726,13117.6,13132.0,Major Movement,0.3966,Active,0.542,
1727,13125.2,13139.6,Major Movement,0.395,Restless,0.75,
1728,13132.8,13147.2,Major Movement,0.404,Active,0.549,
1729,13140.4,13154.8,Major Movement,0.401,Active,0.553,
1730,13148.0,13162.4,Major Movement,0.4022,Active,0.547,
1731,13155.6,13170.0,Major Movement,0.4,Active,0.552,
1732,13163.2,13177.6,Major Movement,0.4056,Active,0.557,
1733,13170.8,13185.2,Major Movement,0.4033,Active,0.546,
1734,13178.4,13192.8,Major Movement,0.3957,Active,0.544,
1735,13186.0,13200.4,Major Movement,0.406,Active,0.564,
1736,13193.6,13208.0,Major Movement,0.4115,Active,0.574,
1737,13201.2,13215.6,Major Movement,0.4113,Active,0.569,
1738,13208.8,13223.2,Major Movement,0.4011,Active,0.552,
1739,13216.4,13230.8,Major Movement,0.4129,Active,0.564,
1740,13224.0,13238.4,Major Movement,0.3999,Active,0.556,
1741,13231.6,13246.0,Major Movement,0.4027,Active,0.552,
1742,13239.2,13253.6,Major Movement,0.3974,Active,0.555,
1743,13246.8,13261.2,Major Movement,0.4075,Active,0.559,
1744,13254.4,13268.8,Major Movement,0.407,Active,0.562,
1745,13262.0,13276.4,Major Movement,0.4076,Active,0.559,
1746,13269.6,13284.0,Major Movement,0.406,Active,0.564,
1747,13277.2,13291.6,Major Movement,0.4047,Active,0.554,
1748,13284.8,13299.2,Major Movement,0.4082,Active,0.565,
1749,13292.4,13306.8,Major Movement,0.4095,Active,0.559,
1750,13300.0,13314.4,Major Movement,0.4147,Active,0.57,
1751,13307.6,13322.0,Major Movement,0.4139,Active,0.561,
1752,13315.2,13329.6,Major Movement,0.4019,Active,0.549,
1753,13322.8,13337.2,Major Movement,0.405,Active,0.554,
1754,13330.4,13344.8,Major Movement,0.4092,Active,0.567,
1755,13338.0,13352.4,Major Movement,0.4053,Active,0.558,
1756,13345.6,13360.0,Major Movement,0.4075,Active,0.561,
1757,13353.2,13367.6,Major Movement,0.4092,Active,0.565,
1758,13360.8,13375.2,Major Movement,0.4095,Active,0.558,
1759,13368.4,13382.8,Major Movement,0.4197,Active,0.586,
1760,13376.0,13390.4,Major Movement,0.4232,Active,0.589,
1761,13383.6,13398.0,Major Movement,0.4141,Active,0.575,
1762,13391.2,13405.6,Major Movement,0.409,Active,0.558,
1763,13398.8,13413.2,Major Movement,0.4018,Active,0.55,
1764,13406.4,13420.8,Major Movement,0.4066,Active,0.565,
1765,13414.0,13428.4,Major Movement,0.4054,Active,0.566,
1766,13421.6,13436.0,Major Movement,0.4044,Active,0.562,
1767,13429.2,13443.6,Major Movement,0.4053,Active,0.56,
1768,13436.8,13451.2,Major Movement,0.4133,Active,0.575,
1769,13444.4,13458.8,Major Movement,0.413,Active,0.581,
1770,13452.0,13466.4,Major Movement,0.4147,Active,0.578,
1771,13459.6,13474.0,Major Movement,0.4148,Active,0.582,
1772,13467.2,13481.6,Major Movement,0.4088,Active,0.566,
1773,13474.8,13489.2,Major Movement,0.4026,Active,0.554,
1774,13482.4,13496.8,Major Movement,0.4035,Active,0.559,
1775,13490.0,13504.4,Major Movement,0.4059,Active,0.568,
1776,13497.6,13512.0,Major Movement,0.4049,Active,0.555,
1777,13505.2,13519.6,Major Movement,0.4155,Active,0.564,
1778,13512.8,13527.2,Major Movement,0.4138,Active,0.561,
1779,13520.4,13534.8,Major Movement,0.4053,Active,0.553,
1780,13528.0,13542.4,Major Movement,0.405,Active,0.556,
1781,13535.6,13550.0,Major Movement,0.4116,Active,0.557,
1782,13543.2,13557.6,Major Movement,0.416,Active,0.578,
1783,13550.8,13565.2,Major Movement,0.4136,Active,0.57,
1784,13558.4,13572.8,Major Movement,0.4016,Active,0.548,
1785,13566.0,13580.4,Major Movement,0.4029,Active,0.551,
1786,13573.6,13588.0,Major Movement,0.4091,Active,0.565,
1787,13581.2,13595.6,Major Movement,0.4061,Active,0.551,
1788,13588.8,13603.2,Major Movement,0.4096,Active,0.564,
1789,13596.4,13610.8,Major Movement,0.3992,Active,0.548,
1790,13604.0,13618.4,Major Movement,0.394,Active,0.546,
1791,13611.6,13626.0,Major Movement,0.4016,Active,0.56,
1792,13619.2,13633.6,Major Movement,0.4078,Active,0.569,
1793,13626.8,13641.2,Major Movement,0.408,Active,0.573,
1794,13634.4,13648.8,Major Movement,0.4088,Active,0.557,
1795,13642.0,13656.4,Major Movement,0.4112,Active,0.553,
1796,13649.6,13664.0,Major Movement,0.4109,Active,0.568,
1797,13657.2,13671.6,Major Movement,0.4115,Active,0.567,
1798,13664.8,13679.2,Major Movement,0.411,Active,0.572,
1799,13672.4,13686.8,Major Movement,0.4214,Active,0.588,
1800,13680.0,13694.4,Major Movement,0.423,Active,0.593,
1801,13687.6,13702.0,Major Movement,0.417,Active,0.575,
1802,13695.2,13709.6,Major Movement,0.4112,Active,0.564,
1803,13702.8,13717.2,Major Movement,0.4086,Active,0.558,
1804,13710.4,13724.8,Major Movement,0.4015,Active,0.546,
1805,13718.0,13732.4,Major Movement,0.4072,Active,0.56,
1806,13725.6,13740.0,Major Movement,0.4135,Active,0.572,
1807,13733.2,13747.6,Major Movement,0.4105,Active,0.569,
1808,13740.8,13755.2,Major Movement,0.4126,Active,0.568,
1809,13748.4,13762.8,Major Movement,0.4128,Active,0.57,
1810,13756.0,13770.4,Major Movement,0.4215,Active,0.585,
1811,13763.6,13778.0,Major Movement,0.4197,Active,0.58,
1812,13771.2,13785.6,Major Movement,0.4073,Active,0.556,
1813,13778.8,13793.2,Major Movement,0.3997,Active,0.548,
1814,13786.4,13800.8,Major Movement,0.4179,Active,0.578,
1815,13794.0,13808.4,Major Movement,0.4128,Active,0.574,
1816,13801.6,13816.0,Major Movement,0.4167,Active,0.579,
1817,13809.2,13823.6,Major Movement,0.4138,Active,0.577,
1818,13816.8,13831.2,Major Movement,0.4104,Active,0.57,
1819,13824.4,13838.8,Major Movement,0.4122,Active,0.575,
1820,13832.0,13846.4,Major Movement,0.407,Active,0.556,
1821,13839.6,13854.0,Major Movement,0.4035,Active,0.563,
1822,13847.2,13861.6,Major Movement,0.4183,Active,0.581,
1823,13854.8,13869.2,Major Movement,0.4204,Active,0.585,
1824,13862.4,13876.8,Major Movement,0.412,Active,0.565,
1825,13870.0,13884.4,Major Movement,0.4068,Active,0.558,
1826,13877.6,13892.0,Major Movement,0.4084,Active,0.564,
1827,13885.2,13899.6,Major Movement,0.392,Restless,0.75,
1828,13892.8,13907.2,Major Movement,0.4144,Active,0.572,
1829,13900.4,13914.8,Major Movement,0.4176,Active,0.577,
1830,13908.0,13922.4,Major Movement,0.4078,Active,0.559,
1831,13915.6,13930.0,Major Movement,0.4105,Active,0.566,
1832,13923.2,13937.6,Major Movement,0.4137,Active,0.572,
1833,13930.8,13945.2,Major Movement,0.4055,Active,0.548,
1834,13938.4,13952.8,Major Movement,0.388,Restless,0.75,
1835,13946.0,13960.4,Major Movement,0.4104,Active,0.562,
1836,13953.6,13968.0,Major Movement,0.4169,Active,0.577,
1837,13961.2,13975.6,Major Movement,0.4059,Active,0.556,
1838,13968.8,13983.2,Major Movement,0.3984,Active,0.552,
1839,13976.4,13990.8,Major Movement,0.4017,Active,0.556,
1840,13984.0,13998.4,Major Movement,0.4148,Active,0.574,
1841,13991.6,14006.0,Major Movement,0.4237,Active,0.588,
1842,13999.2,14013.6,Major Movement,0.4206,Active,0.587,
1843,14006.8,14021.2,Major Movement,0.4191,Active,0.589,
1844,14014.4,14028.8,Major Movement,0.4162,Active,0.583,
1845,14022.0,14036.4,Major Movement,0.4136,Active,0.574,
1846,14029.6,14044.0,Major Movement,0.4041,Active,0.558,
1847,14037.2,14051.6,Major Movement,0.395,Active,0.539,
1848,14044.8,14059.2,Major Movement,0.4149,Active,0.571,
1849,14052.4,14066.8,Major Movement,0.4213,Active,0.586,
1850,14060.0,14074.4,Major Movement,0.4206,Active,0.585,
1851,14067.6,14082.0,Major Movement,0.4169,Active,0.573,
1852,14075.2,14089.6,Major Movement,0.4084,Active,0.556,
1853,14082.8,14097.2,Major Movement,0.3937,Active,0.539,
1854,14090.4,14104.8,Major Movement,0.4156,Active,0.564,
1855,14098.0,14112.4,Major Movement,0.4182,Active,0.574,
1856,14105.6,14120.0,Major Movement,0.4002,Active,0.548,
1857,14113.2,14127.6,Major Movement,0.4003,Active,0.547,
1858,14120.8,14135.2,Major Movement,0.3998,Active,0.547,
1859,14128.4,14142.8,Major Movement,0.4037,Active,0.565,
1860,14136.0,14150.4,Major Movement,0.4081,Active,0.568,
1861,14143.6,14158.0,Major Movement,0.4079,Active,0.567,
1862,14151.2,14165.6,Major Movement,0.4077,Active,0.564,
1863,14158.8,14173.2,Major Movement,0.3983,Active,0.546,
1864,14166.4,14180.8,Major Movement,0.4039,Active,0.553,
1865,14174.0,14188.4,Major Movement,0.4075,Active,0.567,
1866,14181.6,14196.0,Major Movement,0.4093,Active,0.564,
1867,14189.2,14203.6,Major Movement,0.4041,Active,0.565,
1868,14196.8,14211.2,Major Movement,0.4126,Active,0.572,
1869,14204.4,14218.8,Major Movement,0.4113,Active,0.575,
1870,14212.0,14226.4,Major Movement,0.406,Active,0.567,
1871,14219.6,14234.0,Major Movement,0.3973,Active,0.55,
1872,14227.2,14241.6,Major Movement,0.4096,Active,0.568,
1873,14234.8,14249.2,Major Movement,0.4149,Active,0.577,
1874,14242.4,14256.8,Major Movement,0.4119,Active,0.558,
1875,14250.0,14264.4,Major Movement,0.413,Active,0.564,
1876,14257.6,14272.0,Major Movement,0.4223,Active,0.585,
1877,14265.2,14279.6,Major Movement,0.4166,Active,0.57,
1878,14272.8,14287.2,Major Movement,0.4092,Active,0.568,
1879,14280.4,14294.8,Major Movement,0.4057,Active,0.561,
1880,14288.0,14302.4,Major Movement,0.3975,Active,0.543,
1881,14295.6,14310.0,Major Movement,0.4045,Active,0.547,
1882,14303.2,14317.6,Major Movement,0.4051,Active,0.553,
1883,14310.8,14325.2,Major Movement,0.3891,Restless,0.75,
1884,14318.4,14332.8,Major Movement,0.4101,Active,0.563,
1885,14326.0,14340.4,Major Movement,0.4221,Active,0.588,
1886,14333.6,14348.0,Major Movement,0.4159,Active,0.58,
1887,14341.2,14355.6,Major Movement,0.4151,Active,0.581,
1888,14348.8,14363.2,Major Movement,0.4017,Active,0.559,
1889,14356.4,14370.8,Major Movement,0.3989,Active,0.558,
1890,14364.0,14378.4,Major Movement,0.4029,Active,0.563,
1891,14371.6,14386.0,Major Movement,0.4116,Active,0.573,
1892,14379.2,14393.6,Major Movement,0.4168,Active,0.579,
1893,14386.8,14401.2,Major Movement,0.4098,Active,0.566,
1894,14394.4,14408.8,Major Movement,0.4084,Active,0.567,
1895,14402.0,14416.4,Major Movement,0.4124,Active,0.572,
1896,14409.6,14424.0,Major Movement,0.4108,Active,0.565,
1897,14417.2,14431.6,Major Movement,0.4214,Active,0.582,
1898,14424.8,14439.2,Major Movement,0.4132,Active,0.568,
1899,14432.4,14446.8,Major Movement,0.3983,Active,0.546,
1900,14440.0,14454.4,Major Movement,0.4057,Active,0.566,
1901,14447.6,14462.0,Major Movement,0.4037,Active,0.55,
1902,14455.2,14469.6,Major Movement,0.3916,Restless,0.75,
1903,14462.8,14477.2,Major Movement,0.39,Restless,0.75,
1904,14470.4,14484.8,Major Movement,0.4007,Active,0.55,
1905,14478.0,14492.4,Major Movement,0.4045,Active,0.551,
1906,14485.6,14500.0,Major Movement,0.4062,Active,0.557,
1907,14493.2,14507.6,Major Movement,0.4094,Active,0.562,
1908,14500.8,14515.2,Major Movement,0.4054,Active,0.554,
1909,14508.4,14522.8,Major Movement,0.3986,Active,0.545,
1910,14516.0,14530.4,Major Movement,0.4104,Active,0.559,
1911,14523.6,14538.0,Major Movement,0.4089,Active,0.563,
1912,14531.2,14545.6,Major Movement,0.4153,Active,0.567,
1913,14538.8,14553.2,Major Movement,0.4116,Active,0.564,
1914,14546.4,14560.8,Major Movement,0.4002,Active,0.546,
1915,14554.0,14568.4,Major Movement,0.413,Active,0.578,
1916,14561.6,14576.0,Major Movement,0.4145,Active,0.577,
1917,14569.2,14583.6,Major Movement,0.414,Active,0.576,
1918,14576.8,14591.2,Major Movement,0.4157,Active,0.574,
1919,14584.4,14598.8,Major Movement,0.4095,Active,0.572,
1920,14592.0,14606.4,Major Movement,0.4077,Active,0.566,
1921,14599.6,14614.0,Major Movement,0.3981,Active,0.551,
1922,14607.2,14621.6,Major Movement,0.4,Active,0.55,
1923,14614.8,14629.2,Major Movement,0.404,Active,0.561,
1924,14622.4,14636.8,Major Movement,0.3982,Active,0.545,
1925,14630.0,14644.4,Major Movement,0.3914,Restless,0.75,
1926,14637.6,14652.0,Major Movement,0.4029,Active,0.554,
1927,14645.2,14659.6,Major Movement,0.4038,Active,0.55,
1928,14652.8,14667.2,Major Movement,0.4039,Active,0.548,
1929,14660.4,14674.8,Major Movement,0.4069,Active,0.561,
1930,14668.0,14682.4,Major Movement,0.4083,Active,0.564,
1931,14675.6,14690.0,Major Movement,0.418,Active,0.579,
1932,14683.2,14697.6,Major Movement,0.4132,Active,0.576,
1933,14690.8,14705.2,Major Movement,0.4117,Active,0.563,
1934,14698.4,14712.8,Major Movement,0.3991,Active,0.543,
1935,14706.0,14720.4,Major Movement,0.3979,Active,0.548,
1936,14713.6,14728.0,Major Movement,0.403,Active,0.554,
1937,14721.2,14735.6,Major Movement,0.4168,Active,0.568,
1938,14728.8,14743.2,Major Movement,0.4194,Active,0.585,
1939,14736.4,14750.8,Major Movement,0.4121,Active,0.573,
1940,14744.0,14758.4,Major Movement,0.398,Active,0.557,
1941,14751.6,14766.0,Major Movement,0.3979,Active,0.554,
1942,14759.2,14773.6,Major Movement,0.4114,Active,0.567,
1943,14766.8,14781.2,Major Movement,0.4186,Active,0.572,
1944,14774.4,14788.8,Major Movement,0.4097,Active,0.565,
1945,14782.0,14796.4,Major Movement,0.4206,Active,0.579,
1946,14789.6,14804.0,Major Movement,0.4196,Active,0.579,
1947,14797.2,14811.6,Major Movement,0.4036,Active,0.556,
1948,14804.8,14819.2,Major Movement,0.4034,Active,0.556,
1949,14812.4,14826.8,Major Movement,0.4115,Active,0.571,
1950,14820.0,14834.4,Major Movement,0.4141,Active,0.57,
1951,14827.6,14842.0,Major Movement,0.4114,Active,0.564,
1952,14835.2,14849.6,Major Movement,0.408,Active,0.562,
1953,14842.8,14857.2,Major Movement,0.4094,Active,0.555,
1954,14850.4,14864.8,Major Movement,0.4159,Active,0.569,
1955,14858.0,14872.4,Major Movement,0.4058,Active,0.552,
1956,14865.6,14880.0,Major Movement,0.4144,Active,0.569,
1957,14873.2,14887.6,Major Movement,0.4142,Active,0.565,
1958,14880.8,14895.2,Major Movement,0.418,Active,0.578,
1959,14888.4,14902.8,Major Movement,0.4071,Active,0.551,
1960,14896.0,14910.4,Major Movement,0.3989,Active,0.548,
1961,14903.6,14918.0,Major Movement,0.4122,Active,0.572,
1962,14911.2,14925.6,Major Movement,0.4138,Active,0.576,
1963,14918.8,14933.2,Major Movement,0.4125,Active,0.58,
1964,14926.4,14940.8,Major Movement,0.4126,Active,0.57,
1965,14934.0,14948.4,Major Movement,0.3932,Active,0.546,
1966,14941.6,14956.0,Major Movement,0.4128,Active,0.575,
1967,14949.2,14963.6,Major Movement,0.4153,Active,0.58,
1968,14956.8,14971.2,Major Movement,0.4079,Active,0.567,
1969,14964.4,14978.8,Major Movement,0.4112,Active,0.573,
1970,14972.0,14986.4,Major Movement,0.4232,Active,0.59,
1971,14979.6,14994.0,Major Movement,0.409,Active,0.568,
1972,14987.2,15001.6,Major Movement,0.4082,Active,0.563,
1973,14994.8,15009.2,Major Movement,0.4084,Active,0.568,
1974,15002.4,15016.8,Major Movement,0.4031,Active,0.549,
1975,15010.0,15024.4,Major Movement,0.4,Active,0.55,
1976,15017.6,15032.0,Major Movement,0.4114,Active,0.567,
1977,15025.2,15039.6,Major Movement,0.4077,Active,0.553,
1978,15032.8,15047.2,Major Movement,0.3961,Restless,0.75,
1979,15040.4,15054.8,Major Movement,0.403,Active,0.551,
1980,15048.0,15062.4,Major Movement,0.4179,Active,0.58,
1981,15055.6,15070.0,Major Movement,0.422,Active,0.585,
1982,15063.2,15077.6,Major Movement,0.4004,Active,0.545,
1983,15070.8,15085.2,Major Movement,0.3931,Restless,0.75,
1984,15078.4,15092.8,Major Movement,0.4074,Active,0.557,
1985,15086.0,15100.4,Major Movement,0.4111,Active,0.567,
1986,15093.6,15108.0,Major Movement,0.4101,Active,0.566,
1987,15101.2,15115.6,Major Movement,0.4222,Active,0.59,
1988,15108.8,15123.2,Major Movement,0.4119,Active,0.572,
1989,15116.4,15130.8,Major Movement,0.4143,Active,0.572,
1990,15124.0,15138.4,Major Movement,0.4019,Active,0.554,
1991,15131.6,15146.0,Major Movement,0.3978,Active,0.552,
1992,15139.2,15153.6,Major Movement,0.4093,Active,0.568,
1993,15146.8,15161.2,Major Movement,0.4227,Active,0.583,
1994,15154.4,15168.8,Major Movement,0.4209,Active,0.588,
1995,15162.0,15176.4,Major Movement,0.4088,Active,0.565,
1996,15169.6,15184.0,Major Movement,0.4118,Active,0.563,
1997,15177.2,15191.6,Major Movement,0.4154,Active,0.565,
1998,15184.8,15199.2,Major Movement,0.3965,Active,0.549,
1999,15192.4,15206.8,Major Movement,0.4047,Active,0.559,
2000,15200.0,15214.4,Major Movement,0.3985,Active,0.544,
2001,15207.6,15222.0,Major Movement,0.3868,Restless,0.75,
2002,15215.2,15229.6,Major Movement,0.4023,Active,0.549,
2003,15222.8,15237.2,Major Movement,0.4193,Active,0.581,
2004,15230.4,15244.8,Major Movement,0.4129,Active,0.569,
2005,15238.0,15252.4,Major Movement,0.4016,Active,0.552,
2006,15245.6,15260.0,Major Movement,0.3984,Active,0.543,
2007,15253.2,15267.6,Major Movement,0.4024,Active,0.551,
2008,15260.8,15275.2,Major Movement,0.4138,Active,0.57,
2009,15268.4,15282.8,Major Movement,0.4073,Active,0.561,
2010,15276.0,15290.4,Major Movement,0.4007,Active,0.552,
2011,15283.6,15298.0,Major Movement,0.4032,Active,0.563,
2012,15291.2,15305.6,Major Movement,0.4121,Active,0.575,
2013,15298.8,15313.2,Major Movement,0.4122,Active,0.571,
2014,15306.4,15320.8,Major Movement,0.4087,Active,0.561,
2015,15314.0,15328.4,Major Movement,0.3992,Active,0.551,
2016,15321.6,15336.0,Major Movement,0.4136,Active,0.569,
2017,15329.2,15343.6,Major Movement,0.4124,Active,0.573,
2018,15336.8,15351.2,Major Movement,0.4071,Active,0.561,
2019,15344.4,15358.8,Major Movement,0.4102,Active,0.571,
2020,15352.0,15366.4,Major Movement,0.4088,Active,0.568,
2021,15359.6,15374.0,Major Movement,0.4149,Active,0.579,
2022,15367.2,15381.6,Major Movement,0.415,Active,0.575,
2023,15374.8,15389.2,Major Movement,0.4151,Active,0.567,
2024,15382.4,15396.8,Major Movement,0.4144,Active,0.571,
2025,15390.0,15404.4,Major Movement,0.4094,Active,0.567,
2026,15397.6,15412.0,Major Movement,0.4088,Active,0.566,
2027,15405.2,15419.6,Major Movement,0.4148,Active,0.574,
2028,15412.8,15427.2,Major Movement,0.4107,Active,0.564,
2029,15420.4,15434.8,Major Movement,0.4102,Active,0.557,
2030,15428.0,15442.4,Major Movement,0.4161,Active,0.572,
2031,15435.6,15450.0,Major Movement,0.4126,Active,0.563,
2032,15443.2,15457.6,Major Movement,0.4001,Active,0.548,
2033,15450.8,15465.2,Major Movement,0.4035,Active,0.551,
2034,15458.4,15472.8,Major Movement,0.4087,Active,0.564,
2035,15466.0,15480.4,Major Movement,0.4086,Active,0.558,
2036,15473.6,15488.0,Major Movement,0.41,Active,0.563,
2037,15481.2,15495.6,Major Movement,0.4128,Active,0.57,
2038,15488.8,15503.2,Major Movement,0.4014,Active,0.555,
2039,15496.4,15510.8,Major Movement,0.3921,Active,0.544,
2040,15504.0,15518.4,Major Movement,0.4081,Active,0.572,
2041,15511.6,15526.0,Major Movement,0.4152,Active,0.577,
2042,15519.2,15533.6,Major Movement,0.4078,Active,0.564,
2043,15526.8,15541.2,Major Movement,0.4122,Active,0.574,
2044,15534.4,15548.8,Major Movement,0.4046,Active,0.563,
2045,15542.0,15556.4,Major Movement,0.3955,Active,0.544,
2046,15549.6,15564.0,Major Movement,0.402,Active,0.555,
2047,15557.2,15571.6,Major Movement,0.4131,Active,0.57,
2048,15564.8,15579.2,Major Movement,0.4149,Active,0.576,
2049,15572.4,15586.8,Major Movement,0.4196,Active,0.581,
2050,15580.0,15594.4,Major Movement,0.4217,Active,0.577,
2051,15587.6,15602.0,Major Movement,0.425,Active,0.583,
2052,15595.2,15609.6,Major Movement,0.4235,Active,0.597,
2053,15602.8,15617.2,Major Movement,0.4148,Active,0.574,
2054,15610.4,15624.8,Major Movement,0.4067,Active,0.558,
2055,15618.0,15632.4,Major Movement,0.4126,Active,0.567,
2056,15625.6,15640.0,Major Movement,0.418,Active,0.577,
2057,15633.2,15647.6,Major Movement,0.4022,Active,0.548,
2058,15640.8,15655.2,Major Movement,0.4039,Active,0.547,
2059,15648.4,15662.8,Major Movement,0.4168,Active,0.579,
2060,15656.0,15670.4,Major Movement,0.4186,Active,0.581,
2061,15663.6,15678.0,Major Movement,0.413,Active,0.571,
2062,15671.2,15685.6,Major Movement,0.4023,Active,0.556,
2063,15678.8,15693.2,Major Movement,0.3974,Active,0.554,
2064,15686.4,15700.8,Major Movement,0.3943,Active,0.55,
2065,15694.0,15708.4,Major Movement,0.395,Active,0.548,
2066,15701.6,15716.0,Major Movement,0.3992,Active,0.55,
2067,15709.2,15723.6,Major Movement,0.3915,Active,0.55,
2068,15716.8,15731.2,Major Movement,0.4037,Active,0.554,
2069,15724.4,15738.8,Major Movement,0.4038,Active,0.556,
2070,15732.0,15746.4,Major Movement,0.4131,Active,0.568,
2071,15739.6,15754.0,Major Movement,0.4113,Active,0.571,
2072,15747.2,15761.6,Major Movement,0.4097,Active,0.562,
2073,15754.8,15769.2,Major Movement,0.4142,Active,0.575,
2074,15762.4,15776.8,Major Movement,0.4109,Active,0.572,
2075,15770.0,15784.4,Major Movement,0.4175,Active,0.573,
2076,15777.6,15792.0,Major Movement,0.4164,Active,0.565,
2077,15785.2,15799.6,Major Movement,0.4122,Active,0.567,
2078,15792.8,15807.2,Major Movement,0.4107,Active,0.566,
2079,15800.4,15814.8,Major Movement,0.4082,Active,0.555,
2080,15808.0,15822.4,Major Movement,0.4079,Active,0.558,
2081,15815.6,15830.0,Major Movement,0.4064,Active,0.553,
2082,15823.2,15837.6,Major Movement,0.3996,Active,0.546,
2083,15830.8,15845.2,Major Movement,0.4238,Active,0.588,
2084,15838.4,15852.8,Major Movement,0.4183,Active,0.577,
2085,15846.0,15860.4,Major Movement,0.3959,Active,0.542,
2086,15853.6,15868.0,Major Movement,0.4036,Active,0.557,
2087,15861.2,15875.6,Major Movement,0.4115,Active,0.566,
2088,15868.8,15883.2,Major Movement,0.4056,Active,0.559,
2089,15876.4,15890.8,Major Movement,0.4194,Active,0.579,
2090,15884.0,15898.4,Major Movement,0.4221,Active,0.59,
2091,15891.6,15906.0,Major Movement,0.4186,Active,0.576,
2092,15899.2,15913.6,Major Movement,0.4156,Active,0.578,
2093,15906.8,15921.2,Major Movement,0.4142,Active,0.573,
2094,15914.4,15928.8,Major Movement,0.3938,Active,0.546,
2095,15922.0,15936.4,Major Movement,0.3964,Active,0.548,
2096,15929.6,15944.0,Major Movement,0.404,Active,0.565,
2097,15937.2,15951.6,Major Movement,0.4155,Active,0.562,
2098,15944.8,15959.2,Major Movement,0.4155,Active,0.57,
2099,15952.4,15966.8,Major Movement,0.4176,Active,0.575,
2100,15960.0,15974.4,Major Movement,0.4152,Active,0.568,
2101,15967.6,15982.0,Major Movement,0.4103,Active,0.56,
2102,15975.2,15989.6,Major Movement,0.4039,Active,0.549,
2103,15982.8,15997.2,Major Movement,0.4033,Active,0.552,
2104,15990.4,16004.8,Major Movement,0.4043,Active,0.555,
2105,15998.0,16012.4,Major Movement,0.3879,Restless,0.75,
2106,16005.6,16020.0,Major Movement,0.3983,Active,0.541,
2107,16013.2,16027.6,Major Movement,0.4032,Active,0.557,
2108,16020.8,16035.2,Major Movement,0.4037,Active,0.549,
2109,16028.4,16042.8,Major Movement,0.4097,Active,0.561,
2110,16036.0,16050.4,Major Movement,0.4001,Active,0.551,
2111,16043.6,16058.0,Major Movement,0.4037,Active,0.553,
2112,16051.2,16065.6,Major Movement,0.4142,Active,0.568,
2113,16058.8,16073.2,Major Movement,0.4168,Active,0.584,
2114,16066.4,16080.8,Major Movement,0.4177,Active,0.582,
2115,16074.0,16088.4,Major Movement,0.4125,Active,0.577,
2116,16081.6,16096.0,Major Movement,0.4199,Active,0.586,
2117,16089.2,16103.6,Major Movement,0.4132,Active,0.577,
2118,16096.8,16111.2,Major Movement,0.4106,Active,0.564,
2119,16104.4,16118.8,Major Movement,0.4172,Active,0.578,
2120,16112.0,16126.4,Major Movement,0.4207,Active,0.589,
2121,16119.6,16134.0,Major Movement,0.4131,Active,0.584,
2122,16127.2,16141.6,Major Movement,0.4232,Active,0.59,
2123,16134.8,16149.2,Major Movement,0.4177,Active,0.582,
2124,16142.4,16156.8,Major Movement,0.4103,Active,0.566,
2125,16150.0,16164.4,Major Movement,0.4029,Active,0.547,
2126,16157.6,16172.0,Major Movement,0.4167,Active,0.574,
2127,16165.2,16179.6,Major Movement,0.4125,Active,0.567,
2128,16172.8,16187.2,Major Movement,0.4031,Active,0.545,
2129,16180.4,16194.8,Major Movement,0.4104,Active,0.554,
2130,16188.0,16202.4,Major Movement,0.4176,Active,0.573,
2131,16195.6,16210.0,Major Movement,0.4097,Active,0.56,
2132,16203.2,16217.6,Major Movement,0.3997,Active,0.545,
2133,16210.8,16225.2,Major Movement,0.4111,Active,0.552,
2134,16218.4,16232.8,Major Movement,0.4182,Active,0.57,
2135,16226.0,16240.4,Major Movement,0.4217,Active,0.576,
2136,16233.6,16248.0,Major Movement,0.4094,Active,0.561,
2137,16241.2,16255.6,Major Movement,0.4023,Active,0.549,
2138,16248.8,16263.2,Major Movement,0.4058,Active,0.57,
2139,16256.4,16270.8,Major Movement,0.4162,Active,0.58,
2140,16264.0,16278.4,Major Movement,0.4076,Active,0.564,
2141,16271.6,16286.0,Major Movement,0.4136,Active,0.574,
2142,16279.2,16293.6,Major Movement,0.4177,Active,0.585,
2143,16286.8,16301.2,Major Movement,0.4234,Active,0.59,
2144,16294.4,16308.8,Major Movement,0.4107,Active,0.573,
2145,16302.0,16316.4,Major Movement,0.4156,Active,0.582,
2146,16309.6,16324.0,Major Movement,0.4131,Active,0.577,
2147,16317.2,16331.6,Major Movement,0.4046,Active,0.556,
2148,16324.8,16339.2,Major Movement,0.4077,Active,0.56,
2149,16332.4,16346.8,Major Movement,0.4165,Active,0.582,
2150,16340.0,16354.4,Major Movement,0.4102,Active,0.57,
2151,16347.6,16362.0,Major Movement,0.4197,Active,0.578,
2152,16355.2,16369.6,Major Movement,0.4185,Active,0.576,
2153,16362.8,16377.2,Major Movement,0.4117,Active,0.572,
2154,16370.4,16384.8,Major Movement,0.4078,Active,0.559,
2155,16378.0,16392.4,Major Movement,0.3945,Active,0.545,
2156,16385.6,16400.0,Major Movement,0.3914,Active,0.54,
2157,16393.2,16407.6,Major Movement,0.4021,Active,0.558,
2158,16400.8,16415.2,Major Movement,0.4202,Active,0.573,
2159,16408.4,16422.8,Major Movement,0.4225,Active,0.585,
2160,16416.0,16430.4,Major Movement,0.4131,Active,0.571,
2161,16423.6,16438.0,Major Movement,0.3988,Active,0.557,
2162,16431.2,16445.6,Major Movement,0.4008,Active,0.556,
2163,16438.8,16453.2,Major Movement,0.3934,Active,0.546,
2164,16446.4,16460.8,Major Movement,0.4009,Active,0.557,
2165,16454.0,16468.4,Major Movement,0.3981,Active,0.555,
2166,16461.6,16476.0,Major Movement,0.4056,Active,0.56,
2167,16469.2,16483.6,Major Movement,0.4227,Active,0.585,
2168,16476.8,16491.2,Major Movement,0.4218,Active,0.583,
2169,16484.4,16498.8,Major Movement,0.4026,Active,0.559,
2170,16492.0,16506.4,Major Movement,0.4086,Active,0.568,
2171,16499.6,16514.0,Major Movement,0.4072,Active,0.56,
2172,16507.2,16521.6,Major Movement,0.4153,Active,0.569,
2173,16514.8,16529.2,Major Movement,0.4141,Active,0.573,
2174,16522.4,16536.8,Major Movement,0.4246,Active,0.588,
2175,16530.0,16544.4,Major Movement,0.422,Active,0.586,
2176,16537.6,16552.0,Major Movement,0.4174,Active,0.581,
2177,16545.2,16559.6,Major Movement,0.4113,Active,0.571,
2178,16552.8,16567.2,Major Movement,0.4131,Active,0.569,
2179,16560.4,16574.8,Major Movement,0.4017,Active,0.553,
2180,16568.0,16582.4,Major Movement,0.4141,Active,0.568,
2181,16575.6,16590.0,Major Movement,0.4167,Active,0.57,
2182,16583.2,16597.6,Major Movement,0.3932,Active,0.541,
2183,16590.8,16605.2,Major Movement,0.4082,Active,0.558,
2184,16598.4,16612.8,Major Movement,0.4074,Active,0.557,
2185,16606.0,16620.4,Major Movement,0.3959,Restless,0.75,
2186,16613.6,16628.0,Major Movement,0.4061,Active,0.552,
2187,16621.2,16635.6,Major Movement,0.4004,Active,0.545,
2188,16628.8,16643.2,Major Movement,0.398,Active,0.555,
2189,16636.4,16650.8,Major Movement,0.4092,Active,0.569,
2190,16644.0,16658.4,Major Movement,0.4071,Active,0.568,
2191,16651.6,16666.0,Major Movement,0.4097,Active,0.571,
2192,16659.2,16673.6,Major Movement,0.4087,Active,0.571,
2193,16666.8,16681.2,Major Movement,0.4191,Active,0.589,
2194,16674.4,16688.8,Major Movement,0.4113,Active,0.579,
2195,16682.0,16696.4,Major Movement,0.4054,Active,0.56,
2196,16689.6,16704.0,Major Movement,0.3978,Active,0.553,
2197,16697.2,16711.6,Major Movement,0.3979,Active,0.549,
2198,16704.8,16719.2,Major Movement,0.4073,Active,0.562,
2199,16712.4,16726.8,Major Movement,0.4049,Active,0.549,
2200,16720.0,16734.4,Major Movement,0.3958,Active,0.54,
2201,16727.6,16742.0,Major Movement,0.3985,Active,0.545,
2202,16735.2,16749.6,Major Movement,0.408,Active,0.55,
2203,16742.8,16757.2,Major Movement,0.4134,Active,0.562,
2204,16750.4,16764.8,Major Movement,0.4019,Active,0.555,
2205,16758.0,16772.4,Major Movement,0.4008,Active,0.555,
2206,16765.6,16780.0,Major Movement,0.4066,Active,0.556,
2207,16773.2,16787.6,Major Movement,0.4069,Active,0.56,
2208,16780.8,16795.2,Major Movement,0.3994,Active,0.547,
2209,16788.4,16802.8,Major Movement,0.4102,Active,0.565,
2210,16796.0,16810.4,Major Movement,0.4175,Active,0.576,
2211,16803.6,16818.0,Major Movement,0.4026,Active,0.553,
2212,16811.2,16825.6,Major Movement,0.4018,Active,0.551,
2213,16818.8,16833.2,Major Movement,0.4127,Active,0.577,
2214,16826.4,16840.8,Major Movement,0.4113,Active,0.572,
2215,16834.0,16848.4,Major Movement,0.4043,Active,0.562,
2216,16841.6,16856.0,Major Movement,0.4048,Active,0.565,
2217,16849.2,16863.6,Major Movement,0.4164,Active,0.583,
2218,16856.8,16871.2,Major Movement,0.4185,Active,0.585,
2219,16864.4,16878.8,Major Movement,0.4135,Active,0.579,
2220,16872.0,16886.4,Major Movement,0.4087,Active,0.557,
2221,16879.6,16894.0,Major Movement,0.3928,Restless,0.75,
2222,16887.2,16901.6,Major Movement,0.4162,Active,0.57,
2223,16894.8,16909.2,Major Movement,0.4285,Active,0.602,
2224,16902.4,16916.8,Major Movement,0.4118,Active,0.572,
2225,16910.0,16920.0,Major Movement,0.4089,Active,0.574,
