epoch_index,timestamp_start,timestamp_end,motion_type,motion_score,posture_label,posture_confidence,associated_sleep_event
0,0.0,14.4,Minor Movement,0.1351,Restless,0.75,
1,7.6,22.0,Minor Movement,0.1007,Restless,0.75,
2,15.2,29.6,Minor Movement,0.1241,Restless,0.75,
3,22.8,37.2,Minor Movement,0.1409,Restless,0.75,
4,30.4,44.8,Minor Movement,0.177,Restless,0.75,
5,38.0,52.4,Minor Movement,0.1898,Active,0.574,
6,45.6,60.0,Minor Movement,0.1768,Restless,0.75,
7,53.2,67.6,Minor Movement,0.1672,Restless,0.75,
8,60.8,75.2,Minor Movement,0.2407,Active,0.639,
9,68.4,82.8,Minor Movement,0.2605,Active,0.698,
10,76.0,90.4,Minor Movement,0.1711,Restless,0.75,
11,83.6,98.0,Minor Movement,0.1603,Restless,0.75,
12,91.2,105.6,Minor Movement,0.1758,Restless,0.75,
13,98.8,113.2,Minor Movement,0.139,Restless,0.75,
14,106.4,120.8,Minor Movement,0.1357,Restless,0.75,
15,114.0,128.4,Minor Movement,0.1548,Restless,0.75,
16,121.6,136.0,Minor Movement,0.1373,Restless,0.75,
17,129.2,143.6,Minor Movement,0.1796,Restless,0.75,
18,136.8,151.2,Minor Movement,0.2009,Active,0.599,
19,144.4,158.8,Minor Movement,0.151,Restless,0.75,
20,152.0,166.4,Minor Movement,0.133,Restless,0.75,
21,159.6,174.0,Minor Movement,0.1508,Restless,0.75,
22,167.2,181.6,Minor Movement,0.1621,Restless,0.75,
23,174.8,189.2,Minor Movement,0.1504,Restless,0.75,
24,182.4,196.8,Minor Movement,0.1699,Restless,0.75,
25,190.0,204.4,Minor Movement,0.1912,Active,0.574,
26,197.6,212.0,Minor Movement,0.1888,Active,0.557,
27,205.2,219.6,Minor Movement,0.1544,Restless,0.75,
28,212.8,227.2,Minor Movement,0.1513,Restless,0.75,
29,220.4,234.8,Minor Movement,0.1408,Restless,0.75,
30,228.0,242.4,Minor Movement,0.1454,Restless,0.75,
31,235.6,250.0,Minor Movement,0.1592,Restless,0.75,
32,243.2,257.6,Minor Movement,0.1423,Restless,0.75,
33,250.8,265.2,Minor Movement,0.1826,Active,0.549,
34,258.4,272.8,Minor Movement,0.2203,Active,0.651,
35,266.0,280.4,Minor Movement,0.1582,Restless,0.75,
36,273.6,288.0,Minor Movement,0.143,Restless,0.75,
37,281.2,295.6,Minor Movement,0.149,Restless,0.75,
38,288.8,303.2,Minor Movement,0.2366,Active,0.636,
39,296.4,310.8,Minor Movement,0.259,Active,0.706,
40,304.0,318.4,Minor Movement,0.1376,Restless,0.75,
41,311.6,326.0,Minor Movement,0.1407,Restless,0.75,
42,319.2,333.6,Minor Movement,0.1611,Restless,0.75,
43,326.8,341.2,Minor Movement,0.1592,Restless,0.75,
44,334.4,348.8,Minor Movement,0.1623,Restless,0.75,
45,342.0,356.4,Minor Movement,0.2304,Active,0.571,
46,349.6,364.0,Minor Movement,0.2204,Active,0.543,
47,357.2,371.6,Minor Movement,0.1395,Restless,0.75,
48,364.8,379.2,Minor Movement,0.147,Restless,0.75,
49,372.4,386.8,Minor Movement,0.1339,Restless,0.75,
50,380.0,394.4,Minor Movement,0.1227,Restless,0.75,
51,387.6,402.0,Minor Movement,0.1296,Restless,0.75,
52,395.2,409.6,Minor Movement,0.114,Restless,0.75,
53,402.8,417.2,Minor Movement,0.1202,Restless,0.75,
54,410.4,424.8,Minor Movement,0.1312,Restless,0.75,
55,418.0,432.4,Minor Movement,0.1336,Restless,0.75,
56,425.6,440.0,Minor Movement,0.138,Restless,0.75,
57,433.2,447.6,Minor Movement,0.1306,Restless,0.75,
58,440.8,455.2,Minor Movement,0.1327,Restless,0.75,
59,448.4,462.8,Minor Movement,0.2529,Active,0.68,
60,456.0,470.4,Minor Movement,0.2557,Active,0.695,
61,463.6,478.0,Minor Movement,0.1367,Restless,0.75,
62,471.2,485.6,Minor Movement,0.1157,Restless,0.75,
63,478.8,493.2,Minor Movement,0.1222,Restless,0.75,
64,486.4,500.8,Minor Movement,0.1631,Restless,0.75,
65,494.0,508.4,Minor Movement,0.1866,Active,0.558,
66,501.6,516.0,Minor Movement,0.156,Restless,0.75,
67,509.2,523.6,Minor Movement,0.1439,Restless,0.75,
68,516.8,531.2,Minor Movement,0.1555,Restless,0.75,
69,524.4,538.8,Minor Movement,0.1899,Active,0.563,
70,532.0,546.4,Minor Movement,0.1762,Restless,0.75,
71,539.6,554.0,Minor Movement,0.1502,Restless,0.75,
72,547.2,561.6,Minor Movement,0.2053,Active,0.606,
73,554.8,569.2,Minor Movement,0.1967,Active,0.595,
74,562.4,576.8,Minor Movement,0.2179,Restless,0.75,
75,570.0,584.4,Minor Movement,0.2537,Active,0.637,
76,577.6,592.0,Minor Movement,0.1996,Restless,0.75,
77,585.2,599.6,Minor Movement,0.2014,Restless,0.75,
78,592.8,607.2,Minor Movement,0.2357,Active,0.592,
79,600.4,614.8,Minor Movement,0.2142,Active,0.631,
80,608.0,622.4,Minor Movement,0.198,Active,0.593,
81,615.6,630.0,Minor Movement,0.17,Restless,0.75,
82,623.2,637.6,Minor Movement,0.152,Restless,0.75,
83,630.8,645.2,Minor Movement,0.1294,Restless,0.75,
84,638.4,652.8,Minor Movement,0.12,Restless,0.75,
85,646.0,660.4,Minor Movement,0.1557,Restless,0.75,
86,653.6,668.0,Minor Movement,0.1748,Restless,0.75,
87,661.2,675.6,Minor Movement,0.1578,Restless,0.75,
88,668.8,683.2,Minor Movement,0.1393,Restless,0.75,
89,676.4,690.8,Minor Movement,0.1107,Restless,0.75,
90,684.0,698.4,Minor Movement,0.1429,Restless,0.75,
91,691.6,706.0,Minor Movement,0.1922,Restless,0.75,
92,699.2,713.6,Minor Movement,0.1823,Restless,0.75,
93,706.8,721.2,Minor Movement,0.1186,Restless,0.75,
94,714.4,728.8,Minor Movement,0.1743,Restless,0.75,
95,722.0,736.4,Minor Movement,0.1811,Restless,0.75,
96,729.6,744.0,Minor Movement,0.1596,Restless,0.75,
97,737.2,751.6,Minor Movement,0.1575,Restless,0.75,
98,744.8,759.2,Minor Movement,0.1374,Restless,0.75,
99,752.4,766.8,Minor Movement,0.1425,Restless,0.75,
100,760.0,774.4,Minor Movement,0.127,Restless,0.75,
101,767.6,782.0,Minor Movement,0.1119,Restless,0.75,
102,775.2,789.6,Minor Movement,0.1211,Restless,0.75,
103,782.8,797.2,Minor Movement,0.1495,Restless,0.75,
104,790.4,804.8,Minor Movement,0.1394,Restless,0.75,
105,798.0,812.4,Minor Movement,0.1346,Restless,0.75,
106,805.6,820.0,Minor Movement,0.171,Restless,0.75,
107,813.2,827.6,Minor Movement,0.1398,Restless,0.75,
108,820.8,835.2,Minor Movement,0.1069,Restless,0.75,
109,828.4,842.8,Minor Movement,0.1563,Restless,0.75,
110,836.0,850.4,Minor Movement,0.2499,Active,0.652,
111,843.6,858.0,Minor Movement,0.2809,Active,0.743,
112,851.2,865.6,Minor Movement,0.2323,Active,0.615,
113,858.8,873.2,Minor Movement,0.1555,Restless,0.75,
114,866.4,880.8,Minor Movement,0.1507,Restless,0.75,
115,874.0,888.4,Minor Movement,0.1523,Restless,0.75,
116,881.6,896.0,Minor Movement,0.1404,Restless,0.75,
117,889.2,903.6,Minor Movement,0.159,Restless,0.75,
118,896.8,911.2,Minor Movement,0.147,Restless,0.75,
119,904.4,918.8,Minor Movement,0.1486,Restless,0.75,
120,912.0,926.4,Minor Movement,0.1532,Restless,0.75,
121,919.6,934.0,Minor Movement,0.1866,Restless,0.75,
122,927.2,941.6,Minor Movement,0.1982,Restless,0.75,
123,934.8,949.2,Minor Movement,0.1387,Restless,0.75,
124,942.4,956.8,Minor Movement,0.1362,Restless,0.75,
125,950.0,964.4,Minor Movement,0.1481,Restless,0.75,
126,957.6,972.0,Minor Movement,0.2063,Active,0.613,
127,965.2,979.6,Minor Movement,0.2225,Active,0.669,
128,972.8,987.2,Minor Movement,0.1402,Restless,0.75,
129,980.4,994.8,Minor Movement,0.1224,Restless,0.75,
130,988.0,1002.4,Minor Movement,0.1616,Restless,0.75,
131,995.6,1010.0,Minor Movement,0.1514,Restless,0.75,
132,1003.2,1017.6,Minor Movement,0.1513,Restless,0.75,
133,1010.8,1025.2,Minor Movement,0.1778,Restless,0.75,
134,1018.4,1032.8,Minor Movement,0.1807,Restless,0.75,
135,1026.0,1040.4,Minor Movement,0.1367,Restless,0.75,
136,1033.6,1048.0,Minor Movement,0.1519,Restless,0.75,
137,1041.2,1055.6,Minor Movement,0.1776,Restless,0.75,
138,1048.8,1063.2,Minor Movement,0.1488,Restless,0.75,
139,1056.4,1070.8,Minor Movement,0.1354,Restless,0.75,
140,1064.0,1078.4,Minor Movement,0.1422,Restless,0.75,
141,1071.6,1086.0,Minor Movement,0.1287,Restless,0.75,
142,1079.2,1093.6,Minor Movement,0.1203,Restless,0.75,
143,1086.8,1101.2,Minor Movement,0.1121,Restless,0.75,
144,1094.4,1108.8,Minor Movement,0.1385,Restless,0.75,
145,1102.0,1116.4,Minor Movement,0.1315,Restless,0.75,
146,1109.6,1124.0,Minor Movement,0.1435,Restless,0.75,
147,1117.2,1131.6,Minor Movement,0.1724,Restless,0.75,
148,1124.8,1139.2,Minor Movement,0.1427,Restless,0.75,
149,1132.4,1146.8,Minor Movement,0.1388,Restless,0.75,
150,1140.0,1154.4,Minor Movement,0.1465,Restless,0.75,
151,1147.6,1162.0,Minor Movement,0.1443,Restless,0.75,
152,1155.2,1169.6,Minor Movement,0.1576,Restless,0.75,
153,1162.8,1177.2,Minor Movement,0.1645,Restless,0.75,
154,1170.4,1184.8,Minor Movement,0.1651,Restless,0.75,
155,1178.0,1192.4,Minor Movement,0.1527,Restless,0.75,
156,1185.6,1200.0,Minor Movement,0.1465,Restless,0.75,
157,1193.2,1207.6,Minor Movement,0.1432,Restless,0.75,
158,1200.8,1215.2,Minor Movement,0.1433,Restless,0.75,
159,1208.4,1222.8,Minor Movement,0.1361,Restless,0.75,
160,1216.0,1230.4,Minor Movement,0.1451,Restless,0.75,
161,1223.6,1238.0,Minor Movement,0.1317,Restless,0.75,
162,1231.2,1245.6,Minor Movement,0.134,Restless,0.75,
163,1238.8,1253.2,Minor Movement,0.1583,Restless,0.75,
164,1246.4,1260.8,Minor Movement,0.1588,Restless,0.75,
165,1254.0,1268.4,Minor Movement,0.191,Active,0.572,
166,1261.6,1276.0,Minor Movement,0.2059,Active,0.617,
167,1269.2,1283.6,Minor Movement,0.1736,Restless,0.75,
168,1276.8,1291.2,Minor Movement,0.1302,Restless,0.75,
169,1284.4,1298.8,Minor Movement,0.1391,Restless,0.75,
170,1292.0,1306.4,Minor Movement,0.1567,Restless,0.75,
171,1299.6,1314.0,Minor Movement,0.1661,Restless,0.75,
172,1307.2,1321.6,Minor Movement,0.1777,Restless,0.75,
173,1314.8,1329.2,Minor Movement,0.15,Restless,0.75,
174,1322.4,1336.8,Minor Movement,0.1438,Restless,0.75,
175,1330.0,1344.4,Minor Movement,0.1378,Restless,0.75,
176,1337.6,1352.0,Minor Movement,0.1432,Restless,0.75,
177,1345.2,1359.6,Minor Movement,0.1513,Restless,0.75,
178,1352.8,1367.2,Minor Movement,0.1893,Active,0.569,
179,1360.4,1374.8,Minor Movement,0.1826,Restless,0.75,
180,1368.0,1382.4,Minor Movement,0.1522,Restless,0.75,
181,1375.6,1390.0,Minor Movement,0.1502,Restless,0.75,
182,1383.2,1397.6,Minor Movement,0.1504,Restless,0.75,
183,1390.8,1405.2,Minor Movement,0.1397,Restless,0.75,
184,1398.4,1412.8,Minor Movement,0.142,Restless,0.75,
185,1406.0,1420.4,Minor Movement,0.1584,Restless,0.75,
186,1413.6,1428.0,Minor Movement,0.1754,Restless,0.75,
187,1421.2,1435.6,Minor Movement,0.1548,Restless,0.75,
188,1428.8,1443.2,Minor Movement,0.1334,Restless,0.75,
189,1436.4,1450.8,Minor Movement,0.1498,Restless,0.75,
190,1444.0,1458.4,Minor Movement,0.1619,Restless,0.75,
191,1451.6,1466.0,Minor Movement,0.1998,Active,0.597,
192,1459.2,1473.6,Minor Movement,0.2037,Active,0.611,
193,1466.8,1481.2,Minor Movement,0.1319,Restless,0.75,
194,1474.4,1488.8,Minor Movement,0.1356,Restless,0.75,
195,1482.0,1496.4,Minor Movement,0.1138,Restless,0.75,
196,1489.6,1504.0,Still,0.0982,Restless,0.75,
197,1497.2,1511.6,Minor Movement,0.1515,Restless,0.75,
198,1504.8,1519.2,Minor Movement,0.1614,Restless,0.75,
199,1512.4,1526.8,Minor Movement,0.2007,Active,0.599,
200,1520.0,1534.4,Minor Movement,0.2105,Active,0.637,
201,1527.6,1542.0,Minor Movement,0.173,Restless,0.75,
202,1535.2,1549.6,Minor Movement,0.153,Restless,0.75,
203,1542.8,1557.2,Minor Movement,0.1244,Restless,0.75,
204,1550.4,1564.8,Minor Movement,0.12,Restless,0.75,
205,1558.0,1572.4,Minor Movement,0.1276,Restless,0.75,
206,1565.6,1580.0,Minor Movement,0.1363,Restless,0.75,
207,1573.2,1587.6,Minor Movement,0.1532,Restless,0.75,
208,1580.8,1595.2,Minor Movement,0.156,Restless,0.75,
209,1588.4,1602.8,Minor Movement,0.1678,Restless,0.75,
210,1596.0,1610.4,Minor Movement,0.1295,Restless,0.75,
211,1603.6,1618.0,Minor Movement,0.1259,Restless,0.75,
212,1611.2,1625.6,Minor Movement,0.1411,Restless,0.75,
213,1618.8,1633.2,Minor Movement,0.137,Restless,0.75,
214,1626.4,1640.8,Minor Movement,0.1358,Restless,0.75,
215,1634.0,1648.4,Minor Movement,0.1432,Restless,0.75,
216,1641.6,1656.0,Minor Movement,0.1382,Restless,0.75,
217,1649.2,1663.6,Minor Movement,0.1414,Restless,0.75,
218,1656.8,1671.2,Minor Movement,0.1626,Restless,0.75,
219,1664.4,1678.8,Minor Movement,0.1285,Restless,0.75,
220,1672.0,1686.4,Minor Movement,0.1451,Restless,0.75,
221,1679.6,1694.0,Minor Movement,0.2037,Active,0.606,
222,1687.2,1701.6,Minor Movement,0.1822,Active,0.541,
223,1694.8,1709.2,Minor Movement,0.1644,Restless,0.75,
224,1702.4,1716.8,Minor Movement,0.1817,Restless,0.75,
225,1710.0,1724.4,Minor Movement,0.1578,Restless,0.75,
226,1717.6,1732.0,Minor Movement,0.1562,Restless,0.75,
227,1725.2,1739.6,Minor Movement,0.1844,Active,0.553,
228,1732.8,1747.2,Minor Movement,0.175,Restless,0.75,
229,1740.4,1754.8,Minor Movement,0.1564,Restless,0.75,
230,1748.0,1762.4,Minor Movement,0.1213,Restless,0.75,
231,1755.6,1770.0,Minor Movement,0.119,Restless,0.75,
232,1763.2,1777.6,Minor Movement,0.1304,Restless,0.75,
233,1770.8,1785.2,Minor Movement,0.1537,Restless,0.75,
234,1778.4,1792.8,Minor Movement,0.151,Restless,0.75,
235,1786.0,1800.4,Minor Movement,0.1632,Restless,0.75,
236,1793.6,1808.0,Minor Movement,0.1511,Restless,0.75,
237,1801.2,1815.6,Minor Movement,0.116,Restless,0.75,
238,1808.8,1823.2,Minor Movement,0.1196,Restless,0.75,
239,1816.4,1830.8,Minor Movement,0.124,Restless,0.75,
240,1824.0,1838.4,Minor Movement,0.1283,Restless,0.75,
241,1831.6,1846.0,Minor Movement,0.1695,Restless,0.75,
242,1839.2,1853.6,Minor Movement,0.1601,Restless,0.75,
243,1846.8,1861.2,Minor Movement,0.1331,Restless,0.75,
244,1854.4,1868.8,Minor Movement,0.1524,Restless,0.75,
245,1862.0,1876.4,Minor Movement,0.1781,Restless,0.75,
246,1869.6,1884.0,Minor Movement,0.1856,Active,0.56,
247,1877.2,1891.6,Minor Movement,0.218,Active,0.649,
248,1884.8,1899.2,Minor Movement,0.1886,Active,0.567,
249,1892.4,1906.8,Minor Movement,0.1507,Restless,0.75,
250,1900.0,1914.4,Minor Movement,0.1736,Restless,0.75,
251,1907.6,1922.0,Minor Movement,0.1813,Active,0.54,
252,1915.2,1929.6,Minor Movement,0.1784,Restless,0.75,
253,1922.8,1937.2,Minor Movement,0.148,Restless,0.75,
254,1930.4,1944.8,Minor Movement,0.1647,Restless,0.75,
255,1938.0,1952.4,Minor Movement,0.2009,Active,0.596,
256,1945.6,1960.0,Minor Movement,0.1657,Restless,0.75,
257,1953.2,1967.6,Minor Movement,0.1282,Restless,0.75,
258,1960.8,1975.2,Minor Movement,0.1443,Restless,0.75,
259,1968.4,1982.8,Minor Movement,0.1401,Restless,0.75,
260,1976.0,1990.4,Minor Movement,0.1618,Restless,0.75,
261,1983.6,1998.0,Minor Movement,0.1671,Restless,0.75,
262,1991.2,2005.6,Minor Movement,0.1468,Restless,0.75,
263,1998.8,2013.2,Minor Movement,0.1435,Restless,0.75,
264,2006.4,2020.8,Minor Movement,0.1551,Restless,0.75,
265,2014.0,2028.4,Minor Movement,0.1535,Restless,0.75,
266,2021.6,2036.0,Minor Movement,0.1577,Restless,0.75,
267,2029.2,2043.6,Minor Movement,0.1997,Active,0.587,
268,2036.8,2051.2,Minor Movement,0.1999,Active,0.602,
269,2044.4,2058.8,Minor Movement,0.1757,Restless,0.75,
270,2052.0,2066.4,Minor Movement,0.1567,Restless,0.75,
271,2059.6,2074.0,Minor Movement,0.1377,Restless,0.75,
272,2067.2,2081.6,Minor Movement,0.1369,Restless,0.75,
273,2074.8,2089.2,Minor Movement,0.1415,Restless,0.75,
274,2082.4,2096.8,Minor Movement,0.1336,Restless,0.75,
275,2090.0,2104.4,Minor Movement,0.1103,Restless,0.75,
276,2097.6,2112.0,Minor Movement,0.1402,Restless,0.75,
277,2105.2,2119.6,Minor Movement,0.1935,Active,0.58,
278,2112.8,2127.2,Minor Movement,0.1642,Restless,0.75,
279,2120.4,2134.8,Minor Movement,0.1498,Restless,0.75,
280,2128.0,2142.4,Minor Movement,0.1675,Restless,0.75,
281,2135.6,2150.0,Minor Movement,0.1661,Restless,0.75,
282,2143.2,2157.6,Minor Movement,0.1677,Restless,0.75,
283,2150.8,2165.2,Minor Movement,0.1207,Restless,0.75,
284,2158.4,2172.8,Minor Movement,0.1276,Restless,0.75,
285,2166.0,2180.4,Minor Movement,0.1423,Restless,0.75,
286,2173.6,2188.0,Minor Movement,0.1549,Restless,0.75,
287,2181.2,2195.6,Minor Movement,0.1611,Restless,0.75,
288,2188.8,2203.2,Minor Movement,0.1296,Restless,0.75,
289,2196.4,2210.8,Minor Movement,0.1504,Restless,0.75,
290,2204.0,2218.4,Minor Movement,0.1631,Restless,0.75,
291,2211.6,2226.0,Minor Movement,0.1326,Restless,0.75,
292,2219.2,2233.6,Minor Movement,0.1373,Restless,0.75,
293,2226.8,2241.2,Minor Movement,0.1246,Restless,0.75,
294,2234.4,2248.8,Minor Movement,0.1243,Restless,0.75,
295,2242.0,2256.4,Minor Movement,0.1625,Restless,0.75,
296,2249.6,2264.0,Minor Movement,0.1787,Restless,0.75,
297,2257.2,2271.6,Minor Movement,0.1698,Restless,0.75,
298,2264.8,2279.2,Minor Movement,0.1472,Restless,0.75,
299,2272.4,2286.8,Minor Movement,0.1157,Restless,0.75,
300,2280.0,2294.4,Minor Movement,0.1227,Restless,0.75,
301,2287.6,2302.0,Minor Movement,0.1383,Restless,0.75,
302,2295.2,2309.6,Minor Movement,0.1151,Restless,0.75,
303,2302.8,2317.2,Still,0.0855,Restless,0.75,
304,2310.4,2324.8,Minor Movement,0.1337,Restless,0.75,
305,2318.0,2332.4,Minor Movement,0.179,Restless,0.75,
306,2325.6,2340.0,Minor Movement,0.158,Restless,0.75,
307,2333.2,2347.6,Minor Movement,0.1333,Restless,0.75,
308,2340.8,2355.2,Minor Movement,0.1662,Restless,0.75,
309,2348.4,2362.8,Minor Movement,0.1704,Restless,0.75,
310,2356.0,2370.4,Minor Movement,0.1314,Restless,0.75,
311,2363.6,2378.0,Minor Movement,0.1373,Restless,0.75,
312,2371.2,2385.6,Minor Movement,0.1654,Restless,0.75,
313,2378.8,2393.2,Minor Movement,0.1769,Restless,0.75,
314,2386.4,2400.8,Minor Movement,0.1666,Restless,0.75,
315,2394.0,2408.4,Minor Movement,0.1557,Restless,0.75,
316,2401.6,2416.0,Minor Movement,0.18,Restless,0.75,
317,2409.2,2423.6,Minor Movement,0.2011,Active,0.592,
318,2416.8,2431.2,Minor Movement,0.1699,Restless,0.75,
319,2424.4,2438.8,Minor Movement,0.1717,Restless,0.75,
320,2432.0,2446.4,Minor Movement,0.1891,Active,0.561,
321,2439.6,2454.0,Minor Movement,0.1835,Active,0.548,
322,2447.2,2461.6,Minor Movement,0.1706,Restless,0.75,
323,2454.8,2469.2,Minor Movement,0.1475,Restless,0.75,
324,2462.4,2476.8,Minor Movement,0.1571,Restless,0.75,
325,2470.0,2484.4,Minor Movement,0.1418,Restless,0.75,
326,2477.6,2492.0,Minor Movement,0.1379,Restless,0.75,
327,2485.2,2499.6,Minor Movement,0.163,Restless,0.75,
328,2492.8,2507.2,Minor Movement,0.1647,Restless,0.75,
329,2500.4,2514.8,Minor Movement,0.16,Restless,0.75,
330,2508.0,2522.4,Minor Movement,0.128,Restless,0.75,
331,2515.6,2530.0,Minor Movement,0.1522,Restless,0.75,
332,2523.2,2537.6,Minor Movement,0.1568,Restless,0.75,
333,2530.8,2545.2,Minor Movement,0.1237,Restless,0.75,
334,2538.4,2552.8,Minor Movement,0.1228,Restless,0.75,
335,2546.0,2560.4,Minor Movement,0.1357,Restless,0.75,
336,2553.6,2568.0,Minor Movement,0.1685,Restless,0.75,
337,2561.2,2575.6,Minor Movement,0.1685,Restless,0.75,
338,2568.8,2583.2,Minor Movement,0.1604,Restless,0.75,
339,2576.4,2590.8,Minor Movement,0.1759,Restless,0.75,
340,2584.0,2598.4,Minor Movement,0.1996,Active,0.59,
341,2591.6,2606.0,Minor Movement,0.2144,Active,0.647,
342,2599.2,2613.6,Minor Movement,0.1956,Active,0.584,
343,2606.8,2621.2,Minor Movement,0.1453,Restless,0.75,
344,2614.4,2628.8,Minor Movement,0.1535,Restless,0.75,
345,2622.0,2636.4,Minor Movement,0.158,Restless,0.75,
346,2629.6,2644.0,Minor Movement,0.1329,Restless,0.75,
347,2637.2,2651.6,Minor Movement,0.1527,Restless,0.75,
348,2644.8,2659.2,Minor Movement,0.1581,Restless,0.75,
349,2652.4,2666.8,Minor Movement,0.16,Restless,0.75,
350,2660.0,2674.4,Minor Movement,0.1799,Restless,0.75,
351,2667.6,2682.0,Minor Movement,0.1742,Restless,0.75,
352,2675.2,2689.6,Minor Movement,0.1827,Active,0.541,
353,2682.8,2697.2,Minor Movement,0.1536,Restless,0.75,
354,2690.4,2704.8,Minor Movement,0.1659,Restless,0.75,
355,2698.0,2712.4,Minor Movement,0.172,Restless,0.75,
356,2705.6,2720.0,Minor Movement,0.1496,Restless,0.75,
357,2713.2,2727.6,Minor Movement,0.153,Restless,0.75,
358,2720.8,2735.2,Minor Movement,0.1886,Active,0.564,
359,2728.4,2742.8,Minor Movement,0.163,Restless,0.75,
360,2736.0,2750.4,Minor Movement,0.1034,Restless,0.75,
361,2743.6,2758.0,Minor Movement,0.1187,Restless,0.75,
362,2751.2,2765.6,Minor Movement,0.157,Restless,0.75,
363,2758.8,2773.2,Minor Movement,0.1439,Restless,0.75,
364,2766.4,2780.8,Minor Movement,0.1172,Restless,0.75,
365,2774.0,2788.4,Minor Movement,0.1114,Restless,0.75,
366,2781.6,2796.0,Minor Movement,0.1309,Restless,0.75,
367,2789.2,2803.6,Minor Movement,0.1612,Restless,0.75,
368,2796.8,2811.2,Minor Movement,0.1411,Restless,0.75,
369,2804.4,2818.8,Minor Movement,0.1269,Restless,0.75,
370,2812.0,2826.4,Minor Movement,0.1475,Restless,0.75,
371,2819.6,2834.0,Minor Movement,0.1635,Restless,0.75,
372,2827.2,2841.6,Minor Movement,0.1497,Restless,0.75,
373,2834.8,2849.2,Minor Movement,0.1529,Restless,0.75,
374,2842.4,2856.8,Minor Movement,0.1848,Active,0.545,
375,2850.0,2864.4,Minor Movement,0.1584,Restless,0.75,
376,2857.6,2872.0,Minor Movement,0.136,Restless,0.75,
377,2865.2,2879.6,Minor Movement,0.1564,Restless,0.75,
378,2872.8,2887.2,Minor Movement,0.1374,Restless,0.75,
379,2880.4,2894.8,Minor Movement,0.1321,Restless,0.75,
380,2888.0,2902.4,Minor Movement,0.162,Restless,0.75,
381,2895.6,2910.0,Minor Movement,0.1714,Restless,0.75,
382,2903.2,2917.6,Minor Movement,0.1841,Active,0.54,
383,2910.8,2925.2,Minor Movement,0.1756,Restless,0.75,
384,2918.4,2932.8,Minor Movement,0.152,Restless,0.75,
385,2926.0,2940.4,Minor Movement,0.1804,Restless,0.75,
386,2933.6,2948.0,Minor Movement,0.1949,Active,0.583,
387,2941.2,2955.6,Minor Movement,0.1675,Restless,0.75,
388,2948.8,2963.2,Minor Movement,0.1625,Restless,0.75,
389,2956.4,2970.8,Minor Movement,0.1338,Restless,0.75,
390,2964.0,2978.4,Minor Movement,0.1168,Restless,0.75,
391,2971.6,2986.0,Minor Movement,0.112,Restless,0.75,
392,2979.2,2993.6,Minor Movement,0.1206,Restless,0.75,
393,2986.8,3001.2,Minor Movement,0.1534,Restless,0.75,
394,2994.4,3008.8,Minor Movement,0.152,Restless,0.75,
395,3002.0,3016.4,Minor Movement,0.1347,Restless,0.75,
396,3009.6,3024.0,Minor Movement,0.1073,Restless,0.75,
397,3017.2,3031.6,Minor Movement,0.1221,Restless,0.75,
398,3024.8,3039.2,Minor Movement,0.1418,Restless,0.75,
399,3032.4,3046.8,Minor Movement,0.1633,Restless,0.75,
400,3040.0,3054.4,Minor Movement,0.1684,Restless,0.75,
401,3047.6,3062.0,Minor Movement,0.1478,Restless,0.75,
402,3055.2,3069.6,Minor Movement,0.1496,Restless,0.75,
403,3062.8,3077.2,Minor Movement,0.197,Active,0.598,
404,3070.4,3084.8,Minor Movement,0.1751,Restless,0.75,
405,3078.0,3092.4,Minor Movement,0.1385,Restless,0.75,
406,3085.6,3100.0,Minor Movement,0.1576,Restless,0.75,
407,3093.2,3107.6,Minor Movement,0.1536,Restless,0.75,
408,3100.8,3115.2,Minor Movement,0.1471,Restless,0.75,
409,3108.4,3122.8,Minor Movement,0.1628,Restless,0.75,
410,3116.0,3130.4,Minor Movement,0.1503,Restless,0.75,
411,3123.6,3138.0,Minor Movement,0.137,Restless,0.75,
412,3131.2,3145.6,Minor Movement,0.1583,Restless,0.75,
413,3138.8,3153.2,Minor Movement,0.1535,Restless,0.75,
414,3146.4,3160.8,Minor Movement,0.1691,Restless,0.75,
415,3154.0,3168.4,Minor Movement,0.169,Restless,0.75,
416,3161.6,3176.0,Minor Movement,0.1568,Restless,0.75,
417,3169.2,3183.6,Minor Movement,0.1448,Restless,0.75,
418,3176.8,3191.2,Minor Movement,0.1263,Restless,0.75,
419,3184.4,3198.8,Minor Movement,0.1566,Restless,0.75,
420,3192.0,3206.4,Minor Movement,0.1461,Restless,0.75,
421,3199.6,3214.0,Minor Movement,0.133,Restless,0.75,
422,3207.2,3221.6,Minor Movement,0.1236,Restless,0.75,
423,3214.8,3229.2,Still,0.0981,Restless,0.75,
424,3222.4,3236.8,Minor Movement,0.108,Restless,0.75,
425,3230.0,3244.4,Minor Movement,0.1372,Restless,0.75,
426,3237.6,3252.0,Minor Movement,0.1708,Restless,0.75,
427,3245.2,3259.6,Minor Movement,0.1998,Active,0.589,
428,3252.8,3267.2,Minor Movement,0.1528,Restless,0.75,
429,3260.4,3274.8,Minor Movement,0.1342,Restless,0.75,
430,3268.0,3282.4,Minor Movement,0.1745,Restless,0.75,
431,3275.6,3290.0,Minor Movement,0.1713,Restless,0.75,
432,3283.2,3297.6,Minor Movement,0.1283,Restless,0.75,
433,3290.8,3305.2,Minor Movement,0.1223,Restless,0.75,
434,3298.4,3312.8,Minor Movement,0.1734,Restless,0.75,
435,3306.0,3320.4,Minor Movement,0.1943,Active,0.577,
436,3313.6,3328.0,Minor Movement,0.167,Restless,0.75,
437,3321.2,3335.6,Minor Movement,0.1115,Restless,0.75,
438,3328.8,3343.2,Minor Movement,0.109,Restless,0.75,
439,3336.4,3350.8,Minor Movement,0.1229,Restless,0.75,
440,3344.0,3358.4,Minor Movement,0.1301,Restless,0.75,
441,3351.6,3366.0,Minor Movement,0.1602,Restless,0.75,
442,3359.2,3373.6,Minor Movement,0.1732,Restless,0.75,
443,3366.8,3381.2,Minor Movement,0.1482,Restless,0.75,
444,3374.4,3388.8,Minor Movement,0.1292,Restless,0.75,
445,3382.0,3396.4,Minor Movement,0.1498,Restless,0.75,
446,3389.6,3404.0,Minor Movement,0.1652,Restless,0.75,
447,3397.2,3411.6,Minor Movement,0.1588,Restless,0.75,
448,3404.8,3419.2,Minor Movement,0.143,Restless,0.75,
449,3412.4,3426.8,Minor Movement,0.1264,Restless,0.75,
450,3420.0,3434.4,Minor Movement,0.1505,Restless,0.75,
451,3427.6,3442.0,Minor Movement,0.1738,Restless,0.75,
452,3435.2,3449.6,Minor Movement,0.1425,Restless,0.75,
453,3442.8,3457.2,Minor Movement,0.127,Restless,0.75,
454,3450.4,3464.8,Minor Movement,0.1181,Restless,0.75,
455,3458.0,3472.4,Minor Movement,0.1223,Restless,0.75,
456,3465.6,3480.0,Minor Movement,0.1287,Restless,0.75,
457,3473.2,3487.6,Minor Movement,0.1278,Restless,0.75,
458,3480.8,3495.2,Minor Movement,0.1379,Restless,0.75,
459,3488.4,3502.8,Minor Movement,0.1572,Restless,0.75,
460,3496.0,3510.4,Minor Movement,0.1505,Restless,0.75,
461,3503.6,3518.0,Minor Movement,0.1531,Restless,0.75,
462,3511.2,3525.6,Minor Movement,0.1556,Restless,0.75,
463,3518.8,3533.2,Minor Movement,0.1653,Restless,0.75,
464,3526.4,3540.8,Minor Movement,0.1833,Active,0.551,
465,3534.0,3548.4,Minor Movement,0.1567,Restless,0.75,
466,3541.6,3556.0,Minor Movement,0.122,Restless,0.75,
467,3549.2,3563.6,Minor Movement,0.1489,Restless,0.75,
468,3556.8,3571.2,Minor Movement,0.1381,Restless,0.75,
469,3564.4,3578.8,Minor Movement,0.1413,Restless,0.75,
470,3572.0,3586.4,Minor Movement,0.1847,Active,0.541,
471,3579.6,3594.0,Minor Movement,0.165,Restless,0.75,
472,3587.2,3601.6,Minor Movement,0.1702,Restless,0.75,
473,3594.8,3609.2,Minor Movement,0.1824,Active,0.542,
474,3602.4,3616.8,Minor Movement,0.1788,Restless,0.75,
475,3610.0,3624.4,Minor Movement,0.1783,Restless,0.75,
476,3617.6,3632.0,Minor Movement,0.1543,Restless,0.75,
477,3625.2,3639.6,Minor Movement,0.1456,Restless,0.75,
478,3632.8,3647.2,Minor Movement,0.1412,Restless,0.75,
479,3640.4,3654.8,Minor Movement,0.1718,Restless,0.75,
480,3648.0,3662.4,Minor Movement,0.1756,Restless,0.75,
481,3655.6,3670.0,Minor Movement,0.1786,Restless,0.75,
482,3663.2,3677.6,Minor Movement,0.1985,Active,0.588,
483,3670.8,3685.2,Minor Movement,0.1891,Active,0.568,
484,3678.4,3692.8,Minor Movement,0.1488,Restless,0.75,
485,3686.0,3700.4,Minor Movement,0.1774,Restless,0.75,
486,3693.6,3708.0,Minor Movement,0.1819,Active,0.545,
487,3701.2,3715.6,Minor Movement,0.1653,Restless,0.75,
488,3708.8,3723.2,Minor Movement,0.1439,Restless,0.75,
489,3716.4,3730.8,Minor Movement,0.1471,Restless,0.75,
490,3724.0,3738.4,Minor Movement,0.1847,Active,0.55,
491,3731.6,3746.0,Minor Movement,0.1725,Restless,0.75,
492,3739.2,3753.6,Minor Movement,0.1432,Restless,0.75,
493,3746.8,3761.2,Minor Movement,0.1353,Restless,0.75,
494,3754.4,3768.8,Minor Movement,0.1228,Restless,0.75,
495,3762.0,3776.4,Minor Movement,0.1194,Restless,0.75,
496,3769.6,3784.0,Minor Movement,0.1455,Restless,0.75,
497,3777.2,3791.6,Minor Movement,0.1519,Restless,0.75,
498,3784.8,3799.2,Minor Movement,0.161,Restless,0.75,
499,3792.4,3806.8,Minor Movement,0.1654,Restless,0.75,
500,3800.0,3814.4,Minor Movement,0.1305,Restless,0.75,
501,3807.6,3822.0,Minor Movement,0.1575,Restless,0.75,
502,3815.2,3829.6,Minor Movement,0.1469,Restless,0.75,
503,3822.8,3837.2,Minor Movement,0.116,Restless,0.75,
504,3830.4,3844.8,Minor Movement,0.1354,Restless,0.75,
505,3838.0,3852.4,Minor Movement,0.1258,Restless,0.75,
506,3845.6,3860.0,Minor Movement,0.1296,Restless,0.75,
507,3853.2,3867.6,Minor Movement,0.148,Restless,0.75,
508,3860.8,3875.2,Minor Movement,0.164,Restless,0.75,
509,3868.4,3882.8,Minor Movement,0.1658,Restless,0.75,
510,3876.0,3890.4,Minor Movement,0.1375,Restless,0.75,
511,3883.6,3898.0,Minor Movement,0.1228,Restless,0.75,
512,3891.2,3905.6,Minor Movement,0.1584,Restless,0.75,
513,3898.8,3913.2,Minor Movement,0.1594,Restless,0.75,
514,3906.4,3920.8,Minor Movement,0.1417,Restless,0.75,
515,3914.0,3928.4,Minor Movement,0.1755,Restless,0.75,
516,3921.6,3936.0,Minor Movement,0.1558,Restless,0.75,
517,3929.2,3943.6,Minor Movement,0.137,Restless,0.75,
518,3936.8,3951.2,Minor Movement,0.1418,Restless,0.75,
519,3944.4,3958.8,Minor Movement,0.1784,Restless,0.75,
520,3952.0,3966.4,Minor Movement,0.1505,Restless,0.75,
521,3959.6,3974.0,Minor Movement,0.137,Restless,0.75,
522,3967.2,3981.6,Minor Movement,0.1913,Active,0.567,
523,3974.8,3989.2,Minor Movement,0.1571,Restless,0.75,
524,3982.4,3996.8,Minor Movement,0.1352,Restless,0.75,
525,3990.0,4004.4,Minor Movement,0.1184,Restless,0.75,
526,3997.6,4012.0,Minor Movement,0.141,Restless,0.75,
527,4005.2,4019.6,Minor Movement,0.202,Active,0.595,
528,4012.8,4027.2,Minor Movement,0.1522,Restless,0.75,
529,4020.4,4034.8,Minor Movement,0.1118,Restless,0.75,
530,4028.0,4042.4,Minor Movement,0.1272,Restless,0.75,
531,4035.6,4050.0,Minor Movement,0.1301,Restless,0.75,
532,4043.2,4057.6,Minor Movement,0.1483,Restless,0.75,
533,4050.8,4065.2,Minor Movement,0.1679,Restless,0.75,
534,4058.4,4072.8,Minor Movement,0.1593,Restless,0.75,
535,4066.0,4080.4,Minor Movement,0.1391,Restless,0.75,
536,4073.6,4088.0,Minor Movement,0.1238,Restless,0.75,
537,4081.2,4095.6,Minor Movement,0.1237,Restless,0.75,
538,4088.8,4103.2,Minor Movement,0.1782,Restless,0.75,
539,4096.4,4110.8,Minor Movement,0.1936,Active,0.573,
540,4104.0,4118.4,Minor Movement,0.1628,Restless,0.75,
541,4111.6,4126.0,Minor Movement,0.1482,Restless,0.75,
542,4119.2,4133.6,Minor Movement,0.1533,Restless,0.75,
543,4126.8,4141.2,Minor Movement,0.1475,Restless,0.75,
544,4134.4,4148.8,Minor Movement,0.1566,Restless,0.75,
545,4142.0,4156.4,Minor Movement,0.1633,Restless,0.75,
546,4149.6,4164.0,Minor Movement,0.1312,Restless,0.75,
547,4157.2,4171.6,Minor Movement,0.1488,Restless,0.75,
548,4164.8,4179.2,Minor Movement,0.1457,Restless,0.75,
549,4172.4,4186.8,Minor Movement,0.1567,Restless,0.75,
550,4180.0,4194.4,Minor Movement,0.1513,Restless,0.75,
551,4187.6,4202.0,Minor Movement,0.14,Restless,0.75,
552,4195.2,4209.6,Minor Movement,0.2287,Active,0.637,
553,4202.8,4217.2,Minor Movement,0.1998,Active,0.549,
554,4210.4,4224.8,Minor Movement,0.1247,Restless,0.75,
555,4218.0,4232.4,Minor Movement,0.1353,Restless,0.75,
556,4225.6,4240.0,Minor Movement,0.1349,Restless,0.75,
557,4233.2,4247.6,Minor Movement,0.1965,Active,0.58,
558,4240.8,4255.2,Minor Movement,0.2025,Active,0.603,
559,4248.4,4262.8,Minor Movement,0.1626,Restless,0.75,
560,4256.0,4270.4,Minor Movement,0.1337,Restless,0.75,
561,4263.6,4278.0,Minor Movement,0.1094,Restless,0.75,
562,4271.2,4285.6,Minor Movement,0.1224,Restless,0.75,
563,4278.8,4293.2,Minor Movement,0.1856,Restless,0.75,
564,4286.4,4300.8,Minor Movement,0.3416,Active,0.888,
565,4294.0,4308.4,Major Movement,0.4253,Active,1.0,
566,4301.6,4316.0,Minor Movement,0.2794,Active,0.741,
567,4309.2,4323.6,Still,0.0963,Restless,0.75,
568,4316.8,4331.2,Still,0.0964,Restless,0.75,
569,4324.4,4338.8,Minor Movement,0.1319,Restless,0.75,
570,4332.0,4346.4,Minor Movement,0.1266,Restless,0.75,
571,4339.6,4354.0,Minor Movement,0.1209,Restless,0.75,
572,4347.2,4361.6,Minor Movement,0.1635,Restless,0.75,
573,4354.8,4369.2,Minor Movement,0.1612,Restless,0.75,
574,4362.4,4376.8,Minor Movement,0.1531,Restless,0.75,
575,4370.0,4384.4,Minor Movement,0.1476,Restless,0.75,
576,4377.6,4392.0,Minor Movement,0.1114,Restless,0.75,
577,4385.2,4399.6,Still,0.0962,Restless,0.75,
578,4392.8,4407.2,Minor Movement,0.1012,Restless,0.75,
579,4400.4,4414.8,Minor Movement,0.1038,Restless,0.75,
580,4408.0,4422.4,Minor Movement,0.1418,Restless,0.75,
581,4415.6,4430.0,Minor Movement,0.1587,Restless,0.75,
582,4423.2,4437.6,Minor Movement,0.1343,Restless,0.75,
583,4430.8,4445.2,Minor Movement,0.1456,Restless,0.75,
584,4438.4,4452.8,Minor Movement,0.1357,Restless,0.75,
585,4446.0,4460.4,Minor Movement,0.1181,Restless,0.75,
586,4453.6,4468.0,Minor Movement,0.1258,Restless,0.75,
587,4461.2,4475.6,Minor Movement,0.1534,Restless,0.75,
588,4468.8,4483.2,Minor Movement,0.1505,Restless,0.75,
589,4476.4,4490.8,Minor Movement,0.1509,Restless,0.75,
590,4484.0,4498.4,Minor Movement,0.1272,Restless,0.75,
591,4491.6,4506.0,Minor Movement,0.1225,Restless,0.75,
592,4499.2,4513.6,Minor Movement,0.1417,Restless,0.75,
593,4506.8,4521.2,Minor Movement,0.1449,Restless,0.75,
594,4514.4,4528.8,Minor Movement,0.1851,Active,0.559,
595,4522.0,4536.4,Minor Movement,0.25,Active,0.68,
596,4529.6,4544.0,Minor Movement,0.2243,Active,0.608,
597,4537.2,4551.6,Minor Movement,0.2198,Active,0.606,
598,4544.8,4559.2,Minor Movement,0.207,Active,0.565,
599,4552.4,4566.8,Minor Movement,0.1182,Restless,0.75,
600,4560.0,4574.4,Minor Movement,0.1202,Restless,0.75,
601,4567.6,4582.0,Minor Movement,0.1304,Restless,0.75,
602,4575.2,4589.6,Minor Movement,0.1297,Restless,0.75,
603,4582.8,4597.2,Minor Movement,0.1158,Restless,0.75,
604,4590.4,4604.8,Minor Movement,0.128,Restless,0.75,
605,4598.0,4612.4,Minor Movement,0.1278,Restless,0.75,
606,4605.6,4620.0,Minor Movement,0.1163,Restless,0.75,
607,4613.2,4627.6,Minor Movement,0.1512,Restless,0.75,
608,4620.8,4635.2,Minor Movement,0.1647,Restless,0.75,
609,4628.4,4642.8,Minor Movement,0.2157,Active,0.591,
610,4636.0,4650.4,Minor Movement,0.2264,Active,0.624,
611,4643.6,4658.0,Minor Movement,0.168,Restless,0.75,
612,4651.2,4665.6,Minor Movement,0.1498,Restless,0.75,
613,4658.8,4673.2,Minor Movement,0.1398,Restless,0.75,
614,4666.4,4680.8,Minor Movement,0.1262,Restless,0.75,
615,4674.0,4688.4,Minor Movement,0.1263,Restless,0.75,
616,4681.6,4696.0,Minor Movement,0.2476,Active,0.671,
617,4689.2,4703.6,Minor Movement,0.2639,Active,0.719,
618,4696.8,4711.2,Minor Movement,0.1482,Restless,0.75,
619,4704.4,4718.8,Minor Movement,0.1208,Restless,0.75,
620,4712.0,4726.4,Minor Movement,0.1211,Restless,0.75,
621,4719.6,4734.0,Minor Movement,0.121,Restless,0.75,
622,4727.2,4741.6,Minor Movement,0.1057,Restless,0.75,
623,4734.8,4749.2,Minor Movement,0.1478,Restless,0.75,
624,4742.4,4756.8,Minor Movement,0.1734,Restless,0.75,
625,4750.0,4764.4,Minor Movement,0.1276,Restless,0.75,
626,4757.6,4772.0,Minor Movement,0.1408,Restless,0.75,
627,4765.2,4779.6,Minor Movement,0.1497,Restless,0.75,
628,4772.8,4787.2,Minor Movement,0.155,Restless,0.75,
629,4780.4,4794.8,Minor Movement,0.184,Active,0.554,
630,4788.0,4802.4,Minor Movement,0.1539,Restless,0.75,
631,4795.6,4810.0,Minor Movement,0.1371,Restless,0.75,
632,4803.2,4817.6,Minor Movement,0.1418,Restless,0.75,
633,4810.8,4825.2,Minor Movement,0.1541,Restless,0.75,
634,4818.4,4832.8,Minor Movement,0.1682,Restless,0.75,
635,4826.0,4840.4,Minor Movement,0.1637,Restless,0.75,
636,4833.6,4848.0,Minor Movement,0.1488,Restless,0.75,
637,4841.2,4855.6,Minor Movement,0.1613,Restless,0.75,
638,4848.8,4863.2,Minor Movement,0.1804,Restless,0.75,
639,4856.4,4870.8,Minor Movement,0.1505,Restless,0.75,
640,4864.0,4878.4,Minor Movement,0.1497,Restless,0.75,
641,4871.6,4886.0,Minor Movement,0.1456,Restless,0.75,
642,4879.2,4893.6,Minor Movement,0.1468,Restless,0.75,
643,4886.8,4901.2,Minor Movement,0.1695,Restless,0.75,
644,4894.4,4908.8,Minor Movement,0.1364,Restless,0.75,
645,4902.0,4916.4,Minor Movement,0.1651,Restless,0.75,
646,4909.6,4924.0,Minor Movement,0.1708,Restless,0.75,
647,4917.2,4931.6,Minor Movement,0.1272,Restless,0.75,
648,4924.8,4939.2,Minor Movement,0.1248,Restless,0.75,
649,4932.4,4946.8,Minor Movement,0.1452,Restless,0.75,
650,4940.0,4954.4,Minor Movement,0.1346,Restless,0.75,
651,4947.6,4962.0,Minor Movement,0.1272,Restless,0.75,
652,4955.2,4969.6,Minor Movement,0.1233,Restless,0.75,
653,4962.8,4977.2,Minor Movement,0.1068,Restless,0.75,
654,4970.4,4984.8,Minor Movement,0.1327,Restless,0.75,
655,4978.0,4992.4,Minor Movement,0.121,Restless,0.75,
656,4985.6,5000.0,Minor Movement,0.1206,Restless,0.75,
657,4993.2,5007.6,Minor Movement,0.1534,Restless,0.75,
658,5000.8,5015.2,Minor Movement,0.1968,Active,0.588,
659,5008.4,5022.8,Minor Movement,0.183,Active,0.552,
660,5016.0,5030.4,Minor Movement,0.1556,Restless,0.75,
661,5023.6,5038.0,Minor Movement,0.1664,Restless,0.75,
662,5031.2,5045.6,Minor Movement,0.1626,Restless,0.75,
663,5038.8,5053.2,Minor Movement,0.1403,Restless,0.75,
664,5046.4,5060.8,Minor Movement,0.1705,Restless,0.75,
665,5054.0,5068.4,Minor Movement,0.1722,Restless,0.75,
666,5061.6,5076.0,Minor Movement,0.1471,Restless,0.75,
667,5069.2,5083.6,Minor Movement,0.193,Active,0.579,
668,5076.8,5091.2,Minor Movement,0.1787,Restless,0.75,
669,5084.4,5098.8,Minor Movement,0.1476,Restless,0.75,
670,5092.0,5106.4,Minor Movement,0.1327,Restless,0.75,
671,5099.6,5114.0,Minor Movement,0.169,Restless,0.75,
672,5107.2,5121.6,Minor Movement,0.1852,Active,0.545,
673,5114.8,5129.2,Minor Movement,0.1415,Restless,0.75,
674,5122.4,5136.8,Minor Movement,0.1454,Restless,0.75,
675,5130.0,5144.4,Minor Movement,0.1514,Restless,0.75,
676,5137.6,5152.0,Minor Movement,0.1236,Restless,0.75,
677,5145.2,5159.6,Minor Movement,0.1724,Restless,0.75,
678,5152.8,5167.2,Minor Movement,0.2059,Active,0.62,
679,5160.4,5174.8,Minor Movement,0.1692,Restless,0.75,
680,5168.0,5182.4,Minor Movement,0.1577,Restless,0.75,
681,5175.6,5190.0,Minor Movement,0.142,Restless,0.75,
682,5183.2,5197.6,Minor Movement,0.166,Restless,0.75,
683,5190.8,5205.2,Minor Movement,0.1771,Restless,0.75,
684,5198.4,5212.8,Minor Movement,0.1486,Restless,0.75,
685,5206.0,5220.4,Minor Movement,0.1703,Restless,0.75,
686,5213.6,5228.0,Minor Movement,0.191,Active,0.576,
687,5221.2,5235.6,Minor Movement,0.1687,Restless,0.75,
688,5228.8,5243.2,Minor Movement,0.139,Restless,0.75,
689,5236.4,5250.8,Minor Movement,0.1137,Restless,0.75,
690,5244.0,5258.4,Still,0.0985,Restless,0.75,
691,5251.6,5266.0,Still,0.0941,Restless,0.75,
692,5259.2,5273.6,Minor Movement,0.1463,Restless,0.75,
693,5266.8,5281.2,Minor Movement,0.1724,Restless,0.75,
694,5274.4,5288.8,Minor Movement,0.1377,Restless,0.75,
695,5282.0,5296.4,Minor Movement,0.1398,Restless,0.75,
696,5289.6,5304.0,Minor Movement,0.1417,Restless,0.75,
697,5297.2,5311.6,Minor Movement,0.1398,Restless,0.75,
698,5304.8,5319.2,Minor Movement,0.1573,Restless,0.75,
699,5312.4,5326.8,Minor Movement,0.1635,Restless,0.75,
700,5320.0,5334.4,Minor Movement,0.1427,Restless,0.75,
701,5327.6,5342.0,Minor Movement,0.1222,Restless,0.75,
702,5335.2,5349.6,Minor Movement,0.138,Restless,0.75,
703,5342.8,5357.2,Minor Movement,0.1496,Restless,0.75,
704,5350.4,5364.8,Minor Movement,0.148,Restless,0.75,
705,5358.0,5372.4,Minor Movement,0.1237,Restless,0.75,
706,5365.6,5380.0,Minor Movement,0.1351,Restless,0.75,
707,5373.2,5387.6,Minor Movement,0.1291,Restless,0.75,
708,5380.8,5395.2,Minor Movement,0.1274,Restless,0.75,
709,5388.4,5402.8,Minor Movement,0.1469,Restless,0.75,
710,5396.0,5410.4,Minor Movement,0.1508,Restless,0.75,
711,5403.6,5418.0,Minor Movement,0.1578,Restless,0.75,
712,5411.2,5425.6,Minor Movement,0.1502,Restless,0.75,
713,5418.8,5433.2,Minor Movement,0.1645,Restless,0.75,
714,5426.4,5440.8,Minor Movement,0.1698,Restless,0.75,
715,5434.0,5448.4,Minor Movement,0.1588,Restless,0.75,
716,5441.6,5456.0,Minor Movement,0.143,Restless,0.75,
717,5449.2,5463.6,Minor Movement,0.1286,Restless,0.75,
718,5456.8,5471.2,Minor Movement,0.1235,Restless,0.75,
719,5464.4,5478.8,Minor Movement,0.1431,Restless,0.75,
720,5472.0,5486.4,Minor Movement,0.1446,Restless,0.75,
721,5479.6,5494.0,Minor Movement,0.1461,Restless,0.75,
722,5487.2,5501.6,Minor Movement,0.1562,Restless,0.75,
723,5494.8,5509.2,Minor Movement,0.1519,Restless,0.75,
724,5502.4,5516.8,Minor Movement,0.1417,Restless,0.75,
725,5510.0,5524.4,Minor Movement,0.1407,Restless,0.75,
726,5517.6,5532.0,Minor Movement,0.1392,Restless,0.75,
727,5525.2,5539.6,Minor Movement,0.1809,Restless,0.75,
728,5532.8,5547.2,Minor Movement,0.1941,Active,0.586,
729,5540.4,5554.8,Minor Movement,0.1643,Restless,0.75,
730,5548.0,5562.4,Minor Movement,0.1437,Restless,0.75,
731,5555.6,5570.0,Minor Movement,0.1191,Restless,0.75,
732,5563.2,5577.6,Minor Movement,0.1308,Restless,0.75,
733,5570.8,5585.2,Minor Movement,0.1643,Restless,0.75,
734,5578.4,5592.8,Minor Movement,0.1608,Restless,0.75,
735,5586.0,5600.4,Minor Movement,0.1366,Restless,0.75,
736,5593.6,5608.0,Minor Movement,0.1395,Restless,0.75,
737,5601.2,5615.6,Minor Movement,0.159,Restless,0.75,
738,5608.8,5623.2,Minor Movement,0.1571,Restless,0.75,
739,5616.4,5630.8,Minor Movement,0.1707,Restless,0.75,
740,5624.0,5638.4,Minor Movement,0.1847,Active,0.549,
741,5631.6,5646.0,Minor Movement,0.1596,Restless,0.75,
742,5639.2,5653.6,Minor Movement,0.1235,Restless,0.75,
743,5646.8,5661.2,Minor Movement,0.1208,Restless,0.75,
744,5654.4,5668.8,Minor Movement,0.1317,Restless,0.75,
745,5662.0,5676.4,Minor Movement,0.1302,Restless,0.75,
746,5669.6,5684.0,Minor Movement,0.1129,Restless,0.75,
747,5677.2,5691.6,Minor Movement,0.132,Restless,0.75,
748,5684.8,5699.2,Minor Movement,0.1387,Restless,0.75,
749,5692.4,5706.8,Minor Movement,0.1692,Restless,0.75,
750,5700.0,5714.4,Minor Movement,0.1851,Active,0.549,
751,5707.6,5722.0,Minor Movement,0.133,Restless,0.75,
752,5715.2,5729.6,Minor Movement,0.1644,Restless,0.75,
753,5722.8,5737.2,Minor Movement,0.203,Active,0.603,
754,5730.4,5744.8,Minor Movement,0.1625,Restless,0.75,
755,5738.0,5752.4,Minor Movement,0.1626,Restless,0.75,
756,5745.6,5760.0,Minor Movement,0.1787,Restless,0.75,
757,5753.2,5767.6,Minor Movement,0.1413,Restless,0.75,
758,5760.8,5775.2,Minor Movement,0.1481,Restless,0.75,
759,5768.4,5782.8,Minor Movement,0.1512,Restless,0.75,
760,5776.0,5790.4,Minor Movement,0.1214,Restless,0.75,
761,5783.6,5798.0,Minor Movement,0.1162,Restless,0.75,
762,5791.2,5805.6,Minor Movement,0.1385,Restless,0.75,
763,5798.8,5813.2,Minor Movement,0.1591,Restless,0.75,
764,5806.4,5820.8,Minor Movement,0.151,Restless,0.75,
765,5814.0,5828.4,Minor Movement,0.1363,Restless,0.75,
766,5821.6,5836.0,Minor Movement,0.1604,Restless,0.75,
767,5829.2,5843.6,Minor Movement,0.1617,Restless,0.75,
768,5836.8,5851.2,Minor Movement,0.1341,Restless,0.75,
769,5844.4,5858.8,Minor Movement,0.1267,Restless,0.75,
770,5852.0,5866.4,Minor Movement,0.1166,Restless,0.75,
771,5859.6,5874.0,Minor Movement,0.1262,Restless,0.75,
772,5867.2,5881.6,Minor Movement,0.1347,Restless,0.75,
773,5874.8,5889.2,Minor Movement,0.1124,Restless,0.75,
774,5882.4,5896.8,Minor Movement,0.1213,Restless,0.75,
775,5890.0,5904.4,Minor Movement,0.1376,Restless,0.75,
776,5897.6,5912.0,Minor Movement,0.1303,Restless,0.75,
777,5905.2,5919.6,Minor Movement,0.1411,Restless,0.75,
778,5912.8,5927.2,Minor Movement,0.1174,Restless,0.75,
779,5920.4,5934.8,Minor Movement,0.1447,Restless,0.75,
780,5928.0,5942.4,Minor Movement,0.162,Restless,0.75,
781,5935.6,5950.0,Minor Movement,0.1435,Restless,0.75,
782,5943.2,5957.6,Minor Movement,0.1708,Restless,0.75,
783,5950.8,5965.2,Minor Movement,0.1652,Restless,0.75,
784,5958.4,5972.8,Minor Movement,0.1426,Restless,0.75,
785,5966.0,5980.4,Minor Movement,0.1399,Restless,0.75,
786,5973.6,5988.0,Minor Movement,0.1488,Restless,0.75,
787,5981.2,5995.6,Minor Movement,0.1601,Restless,0.75,
788,5988.8,6003.2,Minor Movement,0.1593,Restless,0.75,
789,5996.4,6010.8,Minor Movement,0.1256,Restless,0.75,
790,6004.0,6018.4,Minor Movement,0.1064,Restless,0.75,
791,6011.6,6026.0,Minor Movement,0.1364,Restless,0.75,
792,6019.2,6033.6,Minor Movement,0.2174,Active,0.649,
793,6026.8,6041.2,Minor Movement,0.1969,Active,0.595,
794,6034.4,6048.8,Minor Movement,0.178,Restless,0.75,
795,6042.0,6056.4,Minor Movement,0.1942,Active,0.572,
796,6049.6,6064.0,Minor Movement,0.166,Restless,0.75,
797,6057.2,6071.6,Minor Movement,0.1721,Restless,0.75,
798,6064.8,6079.2,Minor Movement,0.146,Restless,0.75,
799,6072.4,6086.8,Minor Movement,0.1279,Restless,0.75,
800,6080.0,6094.4,Minor Movement,0.1593,Restless,0.75,
801,6087.6,6102.0,Minor Movement,0.1586,Restless,0.75,
802,6095.2,6109.6,Minor Movement,0.1941,Active,0.575,
803,6102.8,6117.2,Minor Movement,0.192,Active,0.567,
804,6110.4,6124.8,Minor Movement,0.1257,Restless,0.75,
805,6118.0,6132.4,Minor Movement,0.1081,Restless,0.75,
806,6125.6,6140.0,Minor Movement,0.1251,Restless,0.75,
807,6133.2,6147.6,Minor Movement,0.1569,Restless,0.75,
808,6140.8,6155.2,Minor Movement,0.1638,Restless,0.75,
809,6148.4,6162.8,Minor Movement,0.161,Restless,0.75,
810,6156.0,6170.4,Minor Movement,0.16,Restless,0.75,
811,6163.6,6178.0,Minor Movement,0.155,Restless,0.75,
812,6171.2,6185.6,Minor Movement,0.1443,Restless,0.75,
813,6178.8,6193.2,Minor Movement,0.1751,Restless,0.75,
814,6186.4,6200.8,Minor Movement,0.1835,Active,0.546,
815,6194.0,6208.4,Minor Movement,0.141,Restless,0.75,
816,6201.6,6216.0,Minor Movement,0.131,Restless,0.75,
817,6209.2,6223.6,Minor Movement,0.1417,Restless,0.75,
818,6216.8,6231.2,Minor Movement,0.1281,Restless,0.75,
819,6224.4,6238.8,Minor Movement,0.1174,Restless,0.75,
820,6232.0,6246.4,Minor Movement,0.1342,Restless,0.75,
821,6239.6,6254.0,Minor Movement,0.1477,Restless,0.75,
822,6247.2,6261.6,Minor Movement,0.1681,Restless,0.75,
823,6254.8,6269.2,Minor Movement,0.1611,Restless,0.75,
824,6262.4,6276.8,Minor Movement,0.1442,Restless,0.75,
825,6270.0,6284.4,Minor Movement,0.1381,Restless,0.75,
826,6277.6,6292.0,Minor Movement,0.1419,Restless,0.75,
827,6285.2,6299.6,Minor Movement,0.176,Restless,0.75,
828,6292.8,6307.2,Minor Movement,0.1574,Restless,0.75,
829,6300.4,6314.8,Minor Movement,0.1297,Restless,0.75,
830,6308.0,6322.4,Minor Movement,0.1629,Restless,0.75,
831,6315.6,6330.0,Minor Movement,0.1469,Restless,0.75,
832,6323.2,6337.6,Minor Movement,0.1385,Restless,0.75,
833,6330.8,6345.2,Minor Movement,0.1558,Restless,0.75,
834,6338.4,6352.8,Minor Movement,0.1404,Restless,0.75,
835,6346.0,6360.4,Minor Movement,0.1312,Restless,0.75,
836,6353.6,6368.0,Minor Movement,0.1571,Restless,0.75,
837,6361.2,6375.6,Minor Movement,0.1544,Restless,0.75,
838,6368.8,6383.2,Minor Movement,0.1296,Restless,0.75,
839,6376.4,6390.8,Minor Movement,0.1306,Restless,0.75,
840,6384.0,6398.4,Minor Movement,0.1398,Restless,0.75,
841,6391.6,6406.0,Minor Movement,0.1228,Restless,0.75,
842,6399.2,6413.6,Minor Movement,0.1396,Restless,0.75,
843,6406.8,6421.2,Minor Movement,0.1733,Restless,0.75,
844,6414.4,6428.8,Minor Movement,0.1558,Restless,0.75,
845,6422.0,6436.4,Minor Movement,0.1532,Restless,0.75,
846,6429.6,6444.0,Minor Movement,0.1405,Restless,0.75,
847,6437.2,6451.6,Minor Movement,0.1296,Restless,0.75,
848,6444.8,6459.2,Minor Movement,0.119,Restless,0.75,
849,6452.4,6466.8,Minor Movement,0.1266,Restless,0.75,
850,6460.0,6474.4,Minor Movement,0.1667,Restless,0.75,
851,6467.6,6482.0,Minor Movement,0.1699,Restless,0.75,
852,6475.2,6489.6,Minor Movement,0.1433,Restless,0.75,
853,6482.8,6497.2,Minor Movement,0.1336,Restless,0.75,
854,6490.4,6504.8,Minor Movement,0.1171,Restless,0.75,
855,6498.0,6512.4,Minor Movement,0.1252,Restless,0.75,
856,6505.6,6520.0,Minor Movement,0.1352,Restless,0.75,
857,6513.2,6527.6,Minor Movement,0.1519,Restless,0.75,
858,6520.8,6535.2,Minor Movement,0.1332,Restless,0.75,
859,6528.4,6542.8,Minor Movement,0.1329,Restless,0.75,
860,6536.0,6550.4,Minor Movement,0.1531,Restless,0.75,
861,6543.6,6558.0,Minor Movement,0.1624,Restless,0.75,
862,6551.2,6565.6,Minor Movement,0.1831,Active,0.549,
863,6558.8,6573.2,Minor Movement,0.2126,Active,0.633,
864,6566.4,6580.8,Minor Movement,0.1769,Restless,0.75,
865,6574.0,6588.4,Minor Movement,0.1262,Restless,0.75,
866,6581.6,6596.0,Minor Movement,0.1682,Restless,0.75,
867,6589.2,6603.6,Minor Movement,0.1884,Active,0.56,
868,6596.8,6611.2,Minor Movement,0.1549,Restless,0.75,
869,6604.4,6618.8,Minor Movement,0.1533,Restless,0.75,
870,6612.0,6626.4,Minor Movement,0.1583,Restless,0.75,
871,6619.6,6634.0,Minor Movement,0.1745,Restless,0.75,
872,6627.2,6641.6,Minor Movement,0.1833,Active,0.545,
873,6634.8,6649.2,Minor Movement,0.1557,Restless,0.75,
874,6642.4,6656.8,Minor Movement,0.1216,Restless,0.75,
875,6650.0,6664.4,Minor Movement,0.1443,Restless,0.75,
876,6657.6,6672.0,Minor Movement,0.1699,Restless,0.75,
877,6665.2,6679.6,Minor Movement,0.15,Restless,0.75,
878,6672.8,6687.2,Minor Movement,0.1602,Restless,0.75,
879,6680.4,6694.8,Minor Movement,0.1819,Active,0.542,
880,6688.0,6702.4,Minor Movement,0.165,Restless,0.75,
881,6695.6,6710.0,Minor Movement,0.159,Restless,0.75,
882,6703.2,6717.6,Minor Movement,0.1694,Restless,0.75,
883,6710.8,6725.2,Minor Movement,0.1542,Restless,0.75,
884,6718.4,6732.8,Minor Movement,0.1301,Restless,0.75,
885,6726.0,6740.4,Minor Movement,0.1465,Restless,0.75,
886,6733.6,6748.0,Minor Movement,0.1682,Restless,0.75,
887,6741.2,6755.6,Minor Movement,0.1497,Restless,0.75,
888,6748.8,6763.2,Minor Movement,0.1237,Restless,0.75,
889,6756.4,6770.8,Minor Movement,0.1271,Restless,0.75,
890,6764.0,6778.4,Minor Movement,0.1261,Restless,0.75,
891,6771.6,6786.0,Minor Movement,0.1279,Restless,0.75,
892,6779.2,6793.6,Minor Movement,0.1504,Restless,0.75,
893,6786.8,6801.2,Minor Movement,0.1492,Restless,0.75,
894,6794.4,6808.8,Minor Movement,0.1517,Restless,0.75,
895,6802.0,6816.4,Minor Movement,0.1385,Restless,0.75,
896,6809.6,6824.0,Minor Movement,0.1231,Restless,0.75,
897,6817.2,6831.6,Minor Movement,0.1562,Restless,0.75,
898,6824.8,6839.2,Minor Movement,0.1403,Restless,0.75,
899,6832.4,6846.8,Minor Movement,0.1373,Restless,0.75,
900,6840.0,6854.4,Minor Movement,0.1565,Restless,0.75,
901,6847.6,6862.0,Minor Movement,0.1517,Restless,0.75,
902,6855.2,6869.6,Minor Movement,0.155,Restless,0.75,
903,6862.8,6877.2,Minor Movement,0.1467,Restless,0.75,
904,6870.4,6884.8,Minor Movement,0.1687,Restless,0.75,
905,6878.0,6892.4,Minor Movement,0.1651,Restless,0.75,
906,6885.6,6900.0,Minor Movement,0.1381,Restless,0.75,
907,6893.2,6907.6,Minor Movement,0.1323,Restless,0.75,
908,6900.8,6915.2,Minor Movement,0.1559,Restless,0.75,
909,6908.4,6922.8,Minor Movement,0.1503,Restless,0.75,
910,6916.0,6930.4,Minor Movement,0.1225,Restless,0.75,
911,6923.6,6938.0,Minor Movement,0.1243,Restless,0.75,
912,6931.2,6945.6,Minor Movement,0.1374,Restless,0.75,
913,6938.8,6953.2,Minor Movement,0.1596,Restless,0.75,
914,6946.4,6960.8,Minor Movement,0.151,Restless,0.75,
915,6954.0,6968.4,Minor Movement,0.1613,Restless,0.75,
916,6961.6,6976.0,Minor Movement,0.159,Restless,0.75,
917,6969.2,6983.6,Minor Movement,0.1564,Restless,0.75,
918,6976.8,6991.2,Minor Movement,0.1614,Restless,0.75,
919,6984.4,6998.8,Minor Movement,0.1202,Restless,0.75,
920,6992.0,7006.4,Minor Movement,0.1519,Restless,0.75,
921,6999.6,7014.0,Minor Movement,0.1673,Restless,0.75,
922,7007.2,7021.6,Minor Movement,0.1246,Restless,0.75,
923,7014.8,7029.2,Minor Movement,0.1449,Restless,0.75,
924,7022.4,7036.8,Minor Movement,0.1364,Restless,0.75,
925,7030.0,7044.4,Minor Movement,0.1572,Restless,0.75,
926,7037.6,7052.0,Minor Movement,0.1605,Restless,0.75,
927,7045.2,7059.6,Minor Movement,0.1127,Restless,0.75,
928,7052.8,7067.2,Minor Movement,0.1138,Restless,0.75,
929,7060.4,7074.8,Minor Movement,0.1642,Restless,0.75,
930,7068.0,7082.4,Minor Movement,0.1936,Active,0.576,
931,7075.6,7090.0,Minor Movement,0.1398,Restless,0.75,
932,7083.2,7097.6,Minor Movement,0.1386,Restless,0.75,
933,7090.8,7105.2,Minor Movement,0.1639,Restless,0.75,
934,7098.4,7112.8,Minor Movement,0.1324,Restless,0.75,
935,7106.0,7120.4,Minor Movement,0.1088,Restless,0.75,
936,7113.6,7128.0,Minor Movement,0.1305,Restless,0.75,
937,7121.2,7135.6,Minor Movement,0.1505,Restless,0.75,
938,7128.8,7143.2,Minor Movement,0.1365,Restless,0.75,
939,7136.4,7150.8,Minor Movement,0.1068,Restless,0.75,
940,7144.0,7158.4,Minor Movement,0.134,Restless,0.75,
941,7151.6,7166.0,Minor Movement,0.1135,Restless,0.75,
942,7159.2,7173.6,Minor Movement,0.1224,Restless,0.75,
943,7166.8,7181.2,Minor Movement,0.1792,Restless,0.75,
944,7174.4,7188.8,Minor Movement,0.2129,Active,0.64,
945,7182.0,7196.4,Minor Movement,0.182,Active,0.54,
946,7189.6,7204.0,Minor Movement,0.1966,Active,0.594,
947,7197.2,7211.6,Minor Movement,0.1723,Restless,0.75,
948,7204.8,7219.2,Still,0.0959,Restless,0.75,
949,7212.4,7226.8,Still,0.0993,Restless,0.75,
950,7220.0,7234.4,Minor Movement,0.1433,Restless,0.75,
951,7227.6,7242.0,Minor Movement,0.1325,Restless,0.75,
952,7235.2,7249.6,Minor Movement,0.1323,Restless,0.75,
953,7242.8,7257.2,Minor Movement,0.1529,Restless,0.75,
954,7250.4,7264.8,Minor Movement,0.1469,Restless,0.75,
955,7258.0,7272.4,Minor Movement,0.1448,Restless,0.75,
956,7265.6,7280.0,Minor Movement,0.1779,Restless,0.75,
957,7273.2,7287.6,Minor Movement,0.1723,Restless,0.75,
958,7280.8,7295.2,Minor Movement,0.1483,Restless,0.75,
959,7288.4,7302.8,Minor Movement,0.1115,Restless,0.75,
960,7296.0,7310.4,Minor Movement,0.1454,Restless,0.75,
961,7303.6,7318.0,Minor Movement,0.1813,Active,0.546,
962,7311.2,7325.6,Minor Movement,0.1808,Active,0.541,
963,7318.8,7333.2,Minor Movement,0.1569,Restless,0.75,
964,7326.4,7340.8,Minor Movement,0.1346,Restless,0.75,
965,7334.0,7348.4,Minor Movement,0.1495,Restless,0.75,
966,7341.6,7356.0,Minor Movement,0.1689,Restless,0.75,
967,7349.2,7363.6,Minor Movement,0.1457,Restless,0.75,
968,7356.8,7371.2,Minor Movement,0.1379,Restless,0.75,
969,7364.4,7378.8,Minor Movement,0.1857,Active,0.561,
970,7372.0,7386.4,Minor Movement,0.1733,Restless,0.75,
971,7379.6,7394.0,Minor Movement,0.1051,Restless,0.75,
972,7387.2,7401.6,Minor Movement,0.1369,Restless,0.75,
973,7394.8,7409.2,Minor Movement,0.1852,Active,0.559,
974,7402.4,7416.8,Minor Movement,0.2022,Active,0.608,
975,7410.0,7424.4,Minor Movement,0.1796,Restless,0.75,
976,7417.6,7432.0,Minor Movement,0.1406,Restless,0.75,
977,7425.2,7439.6,Minor Movement,0.15,Restless,0.75,
978,7432.8,7447.2,Minor Movement,0.153,Restless,0.75,
979,7440.4,7454.8,Minor Movement,0.1431,Restless,0.75,
980,7448.0,7462.4,Minor Movement,0.1442,Restless,0.75,
981,7455.6,7470.0,Minor Movement,0.1421,Restless,0.75,
982,7463.2,7477.6,Minor Movement,0.1617,Restless,0.75,
983,7470.8,7485.2,Minor Movement,0.1775,Restless,0.75,
984,7478.4,7492.8,Minor Movement,0.141,Restless,0.75,
985,7486.0,7500.4,Minor Movement,0.1324,Restless,0.75,
986,7493.6,7508.0,Minor Movement,0.1138,Restless,0.75,
987,7501.2,7515.6,Minor Movement,0.1402,Restless,0.75,
988,7508.8,7523.2,Minor Movement,0.1677,Restless,0.75,
989,7516.4,7530.8,Minor Movement,0.1417,Restless,0.75,
990,7524.0,7538.4,Minor Movement,0.1464,Restless,0.75,
991,7531.6,7546.0,Minor Movement,0.1606,Restless,0.75,
992,7539.2,7553.6,Minor Movement,0.1423,Restless,0.75,
993,7546.8,7561.2,Minor Movement,0.1461,Restless,0.75,
994,7554.4,7568.8,Minor Movement,0.158,Restless,0.75,
995,7562.0,7576.4,Minor Movement,0.1399,Restless,0.75,
996,7569.6,7584.0,Minor Movement,0.1325,Restless,0.75,
997,7577.2,7591.6,Minor Movement,0.1399,Restless,0.75,
998,7584.8,7599.2,Minor Movement,0.1333,Restless,0.75,
999,7592.4,7606.8,Minor Movement,0.1604,Restless,0.75,
1000,7600.0,7614.4,Minor Movement,0.1608,Restless,0.75,
1001,7607.6,7622.0,Minor Movement,0.1253,Restless,0.75,
1002,7615.2,7629.6,Minor Movement,0.1451,Restless,0.75,
1003,7622.8,7637.2,Minor Movement,0.1669,Restless,0.75,
1004,7630.4,7644.8,Minor Movement,0.1478,Restless,0.75,
1005,7638.0,7652.4,Minor Movement,0.137,Restless,0.75,
1006,7645.6,7660.0,Minor Movement,0.1575,Restless,0.75,
1007,7653.2,7667.6,Minor Movement,0.178,Restless,0.75,
1008,7660.8,7675.2,Minor Movement,0.1758,Restless,0.75,
1009,7668.4,7682.8,Minor Movement,0.1877,Active,0.563,
1010,7676.0,7690.4,Minor Movement,0.1544,Restless,0.75,
1011,7683.6,7698.0,Minor Movement,0.1628,Restless,0.75,
1012,7691.2,7705.6,Minor Movement,0.1487,Restless,0.75,
1013,7698.8,7713.2,Minor Movement,0.1401,Restless,0.75,
1014,7706.4,7720.8,Minor Movement,0.1574,Restless,0.75,
1015,7714.0,7728.4,Minor Movement,0.1237,Restless,0.75,
1016,7721.6,7736.0,Minor Movement,0.1046,Restless,0.75,
1017,7729.2,7743.6,Minor Movement,0.1614,Restless,0.75,
1018,7736.8,7751.2,Minor Movement,0.1799,Restless,0.75,
1019,7744.4,7758.8,Minor Movement,0.1769,Restless,0.75,
1020,7752.0,7766.4,Minor Movement,0.2014,Active,0.595,
1021,7759.6,7774.0,Minor Movement,0.2114,Active,0.632,
1022,7767.2,7781.6,Minor Movement,0.1854,Active,0.557,
1023,7774.8,7789.2,Minor Movement,0.1604,Restless,0.75,
1024,7782.4,7796.8,Minor Movement,0.1555,Restless,0.75,
1025,7790.0,7804.4,Minor Movement,0.1348,Restless,0.75,
1026,7797.6,7812.0,Minor Movement,0.1299,Restless,0.75,
1027,7805.2,7819.6,Minor Movement,0.1253,Restless,0.75,
1028,7812.8,7827.2,Minor Movement,0.1298,Restless,0.75,
1029,7820.4,7834.8,Minor Movement,0.1588,Restless,0.75,
1030,7828.0,7842.4,Minor Movement,0.1412,Restless,0.75,
1031,7835.6,7850.0,Minor Movement,0.131,Restless,0.75,
1032,7843.2,7857.6,Minor Movement,0.129,Restless,0.75,
1033,7850.8,7865.2,Minor Movement,0.1267,Restless,0.75,
1034,7858.4,7872.8,Minor Movement,0.1548,Restless,0.75,
1035,7866.0,7880.4,Minor Movement,0.1291,Restless,0.75,
1036,7873.6,7888.0,Minor Movement,0.1286,Restless,0.75,
1037,7881.2,7895.6,Minor Movement,0.1553,Restless,0.75,
1038,7888.8,7903.2,Minor Movement,0.1818,Active,0.547,
1039,7896.4,7910.8,Minor Movement,0.192,Active,0.578,
1040,7904.0,7918.4,Minor Movement,0.1915,Active,0.563,
1041,7911.6,7926.0,Minor Movement,0.1611,Restless,0.75,
1042,7919.2,7933.6,Minor Movement,0.1451,Restless,0.75,
1043,7926.8,7941.2,Minor Movement,0.1389,Restless,0.75,
1044,7934.4,7948.8,Minor Movement,0.1315,Restless,0.75,
1045,7942.0,7956.4,Minor Movement,0.1393,Restless,0.75,
1046,7949.6,7964.0,Minor Movement,0.1367,Restless,0.75,
1047,7957.2,7971.6,Minor Movement,0.1566,Restless,0.75,
1048,7964.8,7979.2,Minor Movement,0.1476,Restless,0.75,
1049,7972.4,7986.8,Minor Movement,0.145,Restless,0.75,
1050,7980.0,7994.4,Minor Movement,0.1344,Restless,0.75,
1051,7987.6,8002.0,Minor Movement,0.1474,Restless,0.75,
1052,7995.2,8009.6,Minor Movement,0.1647,Restless,0.75,
1053,8002.8,8017.2,Minor Movement,0.1521,Restless,0.75,
1054,8010.4,8024.8,Minor Movement,0.175,Restless,0.75,
1055,8018.0,8032.4,Minor Movement,0.1644,Restless,0.75,
1056,8025.6,8040.0,Minor Movement,0.1314,Restless,0.75,
1057,8033.2,8047.6,Minor Movement,0.1544,Restless,0.75,
1058,8040.8,8055.2,Minor Movement,0.1728,Restless,0.75,
1059,8048.4,8062.8,Minor Movement,0.167,Restless,0.75,
1060,8056.0,8070.4,Minor Movement,0.1592,Restless,0.75,
1061,8063.6,8078.0,Minor Movement,0.1372,Restless,0.75,
1062,8071.2,8085.6,Minor Movement,0.1447,Restless,0.75,
1063,8078.8,8093.2,Minor Movement,0.1639,Restless,0.75,
1064,8086.4,8100.8,Minor Movement,0.183,Active,0.552,
1065,8094.0,8108.4,Minor Movement,0.1894,Active,0.568,
1066,8101.6,8116.0,Minor Movement,0.1851,Active,0.548,
1067,8109.2,8123.6,Minor Movement,0.1491,Restless,0.75,
1068,8116.8,8131.2,Minor Movement,0.1461,Restless,0.75,
1069,8124.4,8138.8,Minor Movement,0.1523,Restless,0.75,
1070,8132.0,8146.4,Minor Movement,0.1288,Restless,0.75,
1071,8139.6,8154.0,Minor Movement,0.1495,Restless,0.75,
1072,8147.2,8161.6,Minor Movement,0.1811,Active,0.545,
1073,8154.8,8169.2,Minor Movement,0.1779,Restless,0.75,
1074,8162.4,8176.8,Minor Movement,0.1674,Restless,0.75,
1075,8170.0,8184.4,Minor Movement,0.1613,Restless,0.75,
1076,8177.6,8192.0,Minor Movement,0.2033,Active,0.609,
1077,8185.2,8199.6,Minor Movement,0.1814,Active,0.542,
1078,8192.8,8207.2,Minor Movement,0.1376,Restless,0.75,
1079,8200.4,8214.8,Minor Movement,0.1365,Restless,0.75,
1080,8208.0,8222.4,Minor Movement,0.1402,Restless,0.75,
1081,8215.6,8230.0,Minor Movement,0.184,Active,0.549,
1082,8223.2,8237.6,Minor Movement,0.1692,Restless,0.75,
1083,8230.8,8245.2,Minor Movement,0.1168,Restless,0.75,
1084,8238.4,8252.8,Minor Movement,0.1391,Restless,0.75,
1085,8246.0,8260.4,Minor Movement,0.1582,Restless,0.75,
1086,8253.6,8268.0,Minor Movement,0.1577,Restless,0.75,
1087,8261.2,8275.6,Minor Movement,0.1742,Restless,0.75,
1088,8268.8,8283.2,Minor Movement,0.1693,Restless,0.75,
1089,8276.4,8290.8,Minor Movement,0.1634,Restless,0.75,
1090,8284.0,8298.4,Minor Movement,0.1844,Active,0.543,
1091,8291.6,8306.0,Minor Movement,0.1566,Restless,0.75,
1092,8299.2,8313.6,Minor Movement,0.1401,Restless,0.75,
1093,8306.8,8321.2,Minor Movement,0.1449,Restless,0.75,
1094,8314.4,8328.8,Minor Movement,0.1269,Restless,0.75,
1095,8322.0,8336.4,Minor Movement,0.1518,Restless,0.75,
1096,8329.6,8344.0,Minor Movement,0.1638,Restless,0.75,
1097,8337.2,8351.6,Minor Movement,0.1444,Restless,0.75,
1098,8344.8,8359.2,Minor Movement,0.1542,Restless,0.75,
1099,8352.4,8366.8,Minor Movement,0.19,Active,0.573,
1100,8360.0,8374.4,Minor Movement,0.1884,Active,0.56,
1101,8367.6,8382.0,Minor Movement,0.1606,Restless,0.75,
1102,8375.2,8389.6,Minor Movement,0.1641,Restless,0.75,
1103,8382.8,8397.2,Minor Movement,0.1445,Restless,0.75,
1104,8390.4,8404.8,Minor Movement,0.1217,Restless,0.75,
1105,8398.0,8412.4,Minor Movement,0.1244,Restless,0.75,
1106,8405.6,8420.0,Minor Movement,0.1494,Restless,0.75,
1107,8413.2,8427.6,Minor Movement,0.2013,Active,0.608,
1108,8420.8,8435.2,Minor Movement,0.163,Restless,0.75,
1109,8428.4,8442.8,Minor Movement,0.1061,Restless,0.75,
1110,8436.0,8450.4,Minor Movement,0.1406,Restless,0.75,
1111,8443.6,8458.0,Minor Movement,0.1505,Restless,0.75,
1112,8451.2,8465.6,Minor Movement,0.1211,Restless,0.75,
1113,8458.8,8473.2,Minor Movement,0.1623,Restless,0.75,
1114,8466.4,8480.8,Minor Movement,0.1752,Restless,0.75,
1115,8474.0,8488.4,Minor Movement,0.141,Restless,0.75,
1116,8481.6,8496.0,Minor Movement,0.1412,Restless,0.75,
1117,8489.2,8503.6,Minor Movement,0.139,Restless,0.75,
1118,8496.8,8511.2,Minor Movement,0.1624,Restless,0.75,
1119,8504.4,8518.8,Minor Movement,0.1805,Active,0.544,
1120,8512.0,8526.4,Minor Movement,0.141,Restless,0.75,
1121,8519.6,8534.0,Minor Movement,0.1334,Restless,0.75,
1122,8527.2,8541.6,Minor Movement,0.1228,Restless,0.75,
1123,8534.8,8549.2,Minor Movement,0.1382,Restless,0.75,
1124,8542.4,8556.8,Minor Movement,0.1659,Restless,0.75,
1125,8550.0,8564.4,Minor Movement,0.1667,Restless,0.75,
1126,8557.6,8572.0,Minor Movement,0.1713,Restless,0.75,
1127,8565.2,8579.6,Minor Movement,0.1661,Restless,0.75,
1128,8572.8,8587.2,Minor Movement,0.1578,Restless,0.75,
1129,8580.4,8594.8,Minor Movement,0.1754,Restless,0.75,
1130,8588.0,8602.4,Minor Movement,0.1551,Restless,0.75,
1131,8595.6,8610.0,Minor Movement,0.1412,Restless,0.75,
1132,8603.2,8617.6,Minor Movement,0.1683,Restless,0.75,
1133,8610.8,8625.2,Minor Movement,0.167,Restless,0.75,
1134,8618.4,8632.8,Minor Movement,0.1449,Restless,0.75,
1135,8626.0,8640.4,Minor Movement,0.1845,Active,0.546,
1136,8633.6,8648.0,Minor Movement,0.1578,Restless,0.75,
1137,8641.2,8655.6,Minor Movement,0.1205,Restless,0.75,
1138,8648.8,8663.2,Minor Movement,0.147,Restless,0.75,
1139,8656.4,8670.8,Minor Movement,0.143,Restless,0.75,
1140,8664.0,8678.4,Minor Movement,0.1499,Restless,0.75,
1141,8671.6,8686.0,Minor Movement,0.1948,Active,0.583,
1142,8679.2,8693.6,Minor Movement,0.1638,Restless,0.75,
1143,8686.8,8701.2,Minor Movement,0.1092,Restless,0.75,
1144,8694.4,8708.8,Minor Movement,0.1459,Restless,0.75,
1145,8702.0,8716.4,Minor Movement,0.1614,Restless,0.75,
1146,8709.6,8724.0,Minor Movement,0.1421,Restless,0.75,
1147,8717.2,8731.6,Minor Movement,0.1521,Restless,0.75,
1148,8724.8,8739.2,Minor Movement,0.1686,Restless,0.75,
1149,8732.4,8746.8,Minor Movement,0.1402,Restless,0.75,
1150,8740.0,8754.4,Minor Movement,0.1434,Restless,0.75,
1151,8747.6,8762.0,Minor Movement,0.133,Restless,0.75,
1152,8755.2,8769.6,Minor Movement,0.1167,Restless,0.75,
1153,8762.8,8777.2,Minor Movement,0.128,Restless,0.75,
1154,8770.4,8784.8,Minor Movement,0.164,Restless,0.75,
1155,8778.0,8792.4,Minor Movement,0.1924,Active,0.567,
1156,8785.6,8800.0,Minor Movement,0.1584,Restless,0.75,
1157,8793.2,8807.6,Minor Movement,0.1574,Restless,0.75,
1158,8800.8,8815.2,Minor Movement,0.1334,Restless,0.75,
1159,8808.4,8822.8,Still,0.0993,Restless,0.75,
1160,8816.0,8830.4,Minor Movement,0.1504,Restless,0.75,
1161,8823.6,8838.0,Minor Movement,0.1439,Restless,0.75,
1162,8831.2,8845.6,Minor Movement,0.1148,Restless,0.75,
1163,8838.8,8853.2,Minor Movement,0.1432,Restless,0.75,
1164,8846.4,8860.8,Minor Movement,0.1537,Restless,0.75,
1165,8854.0,8868.4,Minor Movement,0.1597,Restless,0.75,
1166,8861.6,8876.0,Minor Movement,0.1418,Restless,0.75,
1167,8869.2,8883.6,Minor Movement,0.1492,Restless,0.75,
1168,8876.8,8891.2,Minor Movement,0.1735,Restless,0.75,
1169,8884.4,8898.8,Minor Movement,0.1226,Restless,0.75,
1170,8892.0,8906.4,Minor Movement,0.1309,Restless,0.75,
1171,8899.6,8914.0,Minor Movement,0.1355,Restless,0.75,
1172,8907.2,8921.6,Minor Movement,0.1647,Restless,0.75,
1173,8914.8,8929.2,Minor Movement,0.1927,Active,0.571,
1174,8922.4,8936.8,Minor Movement,0.1365,Restless,0.75,
1175,8930.0,8944.4,Minor Movement,0.1413,Restless,0.75,
1176,8937.6,8952.0,Minor Movement,0.1628,Restless,0.75,
1177,8945.2,8959.6,Minor Movement,0.1639,Restless,0.75,
1178,8952.8,8967.2,Minor Movement,0.185,Active,0.546,
1179,8960.4,8974.8,Minor Movement,0.1477,Restless,0.75,
1180,8968.0,8982.4,Minor Movement,0.1691,Restless,0.75,
1181,8975.6,8990.0,Minor Movement,0.1759,Restless,0.75,
1182,8983.2,8997.6,Minor Movement,0.1328,Restless,0.75,
1183,8990.8,9005.2,Minor Movement,0.1277,Restless,0.75,
1184,8998.4,9012.8,Minor Movement,0.154,Restless,0.75,
1185,9006.0,9020.4,Minor Movement,0.1771,Restless,0.75,
1186,9013.6,9028.0,Minor Movement,0.1602,Restless,0.75,
1187,9021.2,9035.6,Minor Movement,0.1529,Restless,0.75,
1188,9028.8,9043.2,Minor Movement,0.1417,Restless,0.75,
1189,9036.4,9050.8,Minor Movement,0.1629,Restless,0.75,
1190,9044.0,9058.4,Minor Movement,0.1895,Active,0.561,
1191,9051.6,9066.0,Minor Movement,0.14,Restless,0.75,
1192,9059.2,9073.6,Minor Movement,0.1351,Restless,0.75,
1193,9066.8,9081.2,Minor Movement,0.1596,Restless,0.75,
1194,9074.4,9088.8,Minor Movement,0.154,Restless,0.75,
1195,9082.0,9096.4,Minor Movement,0.1647,Restless,0.75,
1196,9089.6,9104.0,Minor Movement,0.1707,Restless,0.75,
1197,9097.2,9111.6,Minor Movement,0.1494,Restless,0.75,
1198,9104.8,9119.2,Minor Movement,0.1482,Restless,0.75,
1199,9112.4,9126.8,Minor Movement,0.1528,Restless,0.75,
1200,9120.0,9134.4,Minor Movement,0.1359,Restless,0.75,
1201,9127.6,9142.0,Minor Movement,0.1284,Restless,0.75,
1202,9135.2,9149.6,Minor Movement,0.149,Restless,0.75,
1203,9142.8,9157.2,Minor Movement,0.1795,Active,0.54,
1204,9150.4,9164.8,Minor Movement,0.163,Restless,0.75,
1205,9158.0,9172.4,Minor Movement,0.1365,Restless,0.75,
1206,9165.6,9180.0,Minor Movement,0.1188,Restless,0.75,
1207,9173.2,9187.6,Minor Movement,0.1455,Restless,0.75,
1208,9180.8,9195.2,Minor Movement,0.1639,Restless,0.75,
1209,9188.4,9202.8,Minor Movement,0.1687,Restless,0.75,
1210,9196.0,9210.4,Minor Movement,0.1479,Restless,0.75,
1211,9203.6,9218.0,Minor Movement,0.1585,Restless,0.75,
1212,9211.2,9225.6,Minor Movement,0.1834,Active,0.547,
1213,9218.8,9233.2,Minor Movement,0.1757,Restless,0.75,
1214,9226.4,9240.8,Minor Movement,0.1546,Restless,0.75,
1215,9234.0,9248.4,Minor Movement,0.1544,Restless,0.75,
1216,9241.6,9256.0,Minor Movement,0.1366,Restless,0.75,
1217,9249.2,9263.6,Minor Movement,0.1434,Restless,0.75,
1218,9256.8,9271.2,Minor Movement,0.1632,Restless,0.75,
1219,9264.4,9278.8,Minor Movement,0.1435,Restless,0.75,
1220,9272.0,9286.4,Minor Movement,0.1391,Restless,0.75,
1221,9279.6,9294.0,Minor Movement,0.1515,Restless,0.75,
1222,9287.2,9301.6,Minor Movement,0.1418,Restless,0.75,
1223,9294.8,9309.2,Minor Movement,0.1809,Restless,0.75,
1224,9302.4,9316.8,Minor Movement,0.1977,Active,0.586,
1225,9310.0,9324.4,Minor Movement,0.1871,Active,0.56,
1226,9317.6,9332.0,Minor Movement,0.1871,Active,0.56,
1227,9325.2,9339.6,Minor Movement,0.1738,Restless,0.75,
1228,9332.8,9347.2,Minor Movement,0.1498,Restless,0.75,
1229,9340.4,9354.8,Minor Movement,0.1566,Restless,0.75,
1230,9348.0,9362.4,Minor Movement,0.169,Restless,0.75,
1231,9355.6,9370.0,Minor Movement,0.1409,Restless,0.75,
1232,9363.2,9377.6,Minor Movement,0.1214,Restless,0.75,
1233,9370.8,9385.2,Minor Movement,0.1532,Restless,0.75,
1234,9378.4,9392.8,Minor Movement,0.15,Restless,0.75,
1235,9386.0,9400.4,Minor Movement,0.1425,Restless,0.75,
1236,9393.6,9408.0,Minor Movement,0.1508,Restless,0.75,
1237,9401.2,9415.6,Minor Movement,0.1486,Restless,0.75,
1238,9408.8,9423.2,Minor Movement,0.1786,Restless,0.75,
1239,9416.4,9430.8,Minor Movement,0.1705,Restless,0.75,
1240,9424.0,9438.4,Minor Movement,0.17,Restless,0.75,
1241,9431.6,9446.0,Minor Movement,0.1861,Active,0.558,
1242,9439.2,9453.6,Minor Movement,0.1855,Active,0.555,
1243,9446.8,9461.2,Minor Movement,0.1669,Restless,0.75,
1244,9454.4,9468.8,Minor Movement,0.1704,Restless,0.75,
1245,9462.0,9476.4,Minor Movement,0.1956,Active,0.586,
1246,9469.6,9484.0,Minor Movement,0.1737,Restless,0.75,
1247,9477.2,9491.6,Minor Movement,0.1281,Restless,0.75,
1248,9484.8,9499.2,Minor Movement,0.1381,Restless,0.75,
1249,9492.4,9506.8,Minor Movement,0.1604,Restless,0.75,
1250,9500.0,9514.4,Minor Movement,0.1556,Restless,0.75,
1251,9507.6,9522.0,Minor Movement,0.1534,Restless,0.75,
1252,9515.2,9529.6,Minor Movement,0.1492,Restless,0.75,
1253,9522.8,9537.2,Minor Movement,0.1262,Restless,0.75,
1254,9530.4,9544.8,Minor Movement,0.1148,Restless,0.75,
1255,9538.0,9552.4,Minor Movement,0.1273,Restless,0.75,
1256,9545.6,9560.0,Minor Movement,0.1326,Restless,0.75,
1257,9553.2,9567.6,Minor Movement,0.1555,Restless,0.75,
1258,9560.8,9575.2,Minor Movement,0.1816,Restless,0.75,
1259,9568.4,9582.8,Minor Movement,0.1583,Restless,0.75,
1260,9576.0,9590.4,Minor Movement,0.1275,Restless,0.75,
1261,9583.6,9598.0,Minor Movement,0.1304,Restless,0.75,
1262,9591.2,9605.6,Minor Movement,0.1728,Restless,0.75,
1263,9598.8,9613.2,Minor Movement,0.1746,Restless,0.75,
1264,9606.4,9620.8,Minor Movement,0.1209,Restless,0.75,
1265,9614.0,9628.4,Minor Movement,0.1453,Restless,0.75,
1266,9621.6,9636.0,Minor Movement,0.1567,Restless,0.75,
1267,9629.2,9643.6,Minor Movement,0.1346,Restless,0.75,
1268,9636.8,9651.2,Minor Movement,0.1518,Restless,0.75,
1269,9644.4,9658.8,Minor Movement,0.1753,Restless,0.75,
1270,9652.0,9666.4,Minor Movement,0.1653,Restless,0.75,
1271,9659.6,9674.0,Minor Movement,0.1554,Restless,0.75,
1272,9667.2,9681.6,Minor Movement,0.1628,Restless,0.75,
1273,9674.8,9689.2,Minor Movement,0.1826,Restless,0.75,
1274,9682.4,9696.8,Minor Movement,0.1817,Active,0.543,
1275,9690.0,9704.4,Minor Movement,0.1395,Restless,0.75,
1276,9697.6,9712.0,Minor Movement,0.1381,Restless,0.75,
1277,9705.2,9719.6,Minor Movement,0.1323,Restless,0.75,
1278,9712.8,9727.2,Minor Movement,0.1525,Restless,0.75,
1279,9720.4,9734.8,Minor Movement,0.1641,Restless,0.75,
1280,9728.0,9742.4,Minor Movement,0.1385,Restless,0.75,
1281,9735.6,9750.0,Minor Movement,0.1674,Restless,0.75,
1282,9743.2,9757.6,Minor Movement,0.1592,Restless,0.75,
1283,9750.8,9765.2,Minor Movement,0.1447,Restless,0.75,
1284,9758.4,9772.8,Minor Movement,0.1655,Restless,0.75,
1285,9766.0,9780.4,Minor Movement,0.193,Active,0.57,
1286,9773.6,9788.0,Minor Movement,0.1674,Restless,0.75,
1287,9781.2,9795.6,Minor Movement,0.1242,Restless,0.75,
1288,9788.8,9803.2,Minor Movement,0.1245,Restless,0.75,
1289,9796.4,9810.8,Minor Movement,0.1246,Restless,0.75,
1290,9804.0,9818.4,Minor Movement,0.1211,Restless,0.75,
1291,9811.6,9826.0,Minor Movement,0.1182,Restless,0.75,
1292,9819.2,9833.6,Minor Movement,0.1384,Restless,0.75,
1293,9826.8,9841.2,Minor Movement,0.1827,Restless,0.75,
1294,9834.4,9848.8,Minor Movement,0.1571,Restless,0.75,
1295,9842.0,9856.4,Minor Movement,0.1587,Restless,0.75,
1296,9849.6,9864.0,Minor Movement,0.1729,Restless,0.75,
1297,9857.2,9871.6,Minor Movement,0.1397,Restless,0.75,
1298,9864.8,9879.2,Minor Movement,0.1453,Restless,0.75,
1299,9872.4,9886.8,Minor Movement,0.1505,Restless,0.75,
1300,9880.0,9894.4,Minor Movement,0.1582,Restless,0.75,
1301,9887.6,9902.0,Minor Movement,0.1774,Restless,0.75,
1302,9895.2,9909.6,Minor Movement,0.1448,Restless,0.75,
1303,9902.8,9917.2,Minor Movement,0.1277,Restless,0.75,
1304,9910.4,9924.8,Minor Movement,0.1281,Restless,0.75,
1305,9918.0,9932.4,Minor Movement,0.1378,Restless,0.75,
1306,9925.6,9940.0,Minor Movement,0.1586,Restless,0.75,
1307,9933.2,9947.6,Minor Movement,0.1817,Active,0.544,
1308,9940.8,9955.2,Minor Movement,0.1626,Restless,0.75,
1309,9948.4,9962.8,Minor Movement,0.1438,Restless,0.75,
1310,9956.0,9970.4,Minor Movement,0.1476,Restless,0.75,
1311,9963.6,9978.0,Minor Movement,0.1668,Restless,0.75,
1312,9971.2,9985.6,Minor Movement,0.1778,Restless,0.75,
1313,9978.8,9993.2,Minor Movement,0.1831,Restless,0.75,
1314,9986.4,10000.8,Minor Movement,0.3043,Active,0.785,
1315,9994.0,10008.4,Major Movement,0.4289,Active,1.0,
1316,10001.6,10016.0,Minor Movement,0.2908,Active,0.772,
1317,10009.2,10023.6,Minor Movement,0.1476,Restless,0.75,
1318,10016.8,10031.2,Minor Movement,0.1402,Restless,0.75,
1319,10024.4,10038.8,Minor Movement,0.1091,Restless,0.75,
1320,10032.0,10046.4,Minor Movement,0.1635,Restless,0.75,
1321,10039.6,10054.0,Minor Movement,0.1651,Restless,0.75,
1322,10047.2,10061.6,Minor Movement,0.1341,Restless,0.75,
1323,10054.8,10069.2,Minor Movement,0.1578,Restless,0.75,
1324,10062.4,10076.8,Minor Movement,0.1872,Active,0.561,
1325,10070.0,10084.4,Minor Movement,0.1733,Restless,0.75,
1326,10077.6,10092.0,Minor Movement,0.1544,Restless,0.75,
1327,10085.2,10099.6,Minor Movement,0.1348,Restless,0.75,
1328,10092.8,10107.2,Minor Movement,0.1202,Restless,0.75,
1329,10100.4,10114.8,Minor Movement,0.1655,Restless,0.75,
1330,10108.0,10122.4,Minor Movement,0.1689,Restless,0.75,
1331,10115.6,10130.0,Minor Movement,0.1161,Restless,0.75,
1332,10123.2,10137.6,Minor Movement,0.1256,Restless,0.75,
1333,10130.8,10145.2,Minor Movement,0.1739,Restless,0.75,
1334,10138.4,10152.8,Minor Movement,0.1588,Restless,0.75,
1335,10146.0,10160.4,Minor Movement,0.1458,Restless,0.75,
1336,10153.6,10168.0,Minor Movement,0.1554,Restless,0.75,
1337,10161.2,10175.6,Minor Movement,0.1511,Restless,0.75,
1338,10168.8,10183.2,Minor Movement,0.1603,Restless,0.75,
1339,10176.4,10190.8,Minor Movement,0.1209,Restless,0.75,
1340,10184.0,10198.4,Minor Movement,0.1352,Restless,0.75,
1341,10191.6,10206.0,Minor Movement,0.1565,Restless,0.75,
1342,10199.2,10213.6,Minor Movement,0.1251,Restless,0.75,
1343,10206.8,10221.2,Minor Movement,0.1176,Restless,0.75,
1344,10214.4,10228.8,Minor Movement,0.1335,Restless,0.75,
1345,10222.0,10236.4,Minor Movement,0.1462,Restless,0.75,
1346,10229.6,10244.0,Minor Movement,0.1457,Restless,0.75,
1347,10237.2,10251.6,Minor Movement,0.1755,Restless,0.75,
1348,10244.8,10259.2,Minor Movement,0.1699,Restless,0.75,
1349,10252.4,10266.8,Minor Movement,0.1655,Restless,0.75,
1350,10260.0,10274.4,Minor Movement,0.1976,Active,0.588,
1351,10267.6,10282.0,Minor Movement,0.1773,Restless,0.75,
1352,10275.2,10289.6,Minor Movement,0.1457,Restless,0.75,
1353,10282.8,10297.2,Minor Movement,0.1452,Restless,0.75,
1354,10290.4,10304.8,Minor Movement,0.1438,Restless,0.75,
1355,10298.0,10312.4,Minor Movement,0.1474,Restless,0.75,
1356,10305.6,10320.0,Minor Movement,0.1355,Restless,0.75,
1357,10313.2,10327.6,Minor Movement,0.1431,Restless,0.75,
1358,10320.8,10335.2,Minor Movement,0.1327,Restless,0.75,
1359,10328.4,10342.8,Minor Movement,0.1183,Restless,0.75,
1360,10336.0,10350.4,Minor Movement,0.136,Restless,0.75,
1361,10343.6,10358.0,Minor Movement,0.1472,Restless,0.75,
1362,10351.2,10365.6,Minor Movement,0.1534,Restless,0.75,
1363,10358.8,10373.2,Minor Movement,0.1487,Restless,0.75,
1364,10366.4,10380.8,Minor Movement,0.1541,Restless,0.75,
1365,10374.0,10388.4,Minor Movement,0.1436,Restless,0.75,
1366,10381.6,10396.0,Minor Movement,0.1424,Restless,0.75,
1367,10389.2,10403.6,Minor Movement,0.1632,Restless,0.75,
1368,10396.8,10411.2,Minor Movement,0.1813,Restless,0.75,
1369,10404.4,10418.8,Minor Movement,0.1617,Restless,0.75,
1370,10412.0,10426.4,Minor Movement,0.1413,Restless,0.75,
1371,10419.6,10434.0,Minor Movement,0.1619,Restless,0.75,
1372,10427.2,10441.6,Minor Movement,0.1596,Restless,0.75,
1373,10434.8,10449.2,Minor Movement,0.1468,Restless,0.75,
1374,10442.4,10456.8,Minor Movement,0.14,Restless,0.75,
1375,10450.0,10464.4,Minor Movement,0.107,Restless,0.75,
1376,10457.6,10472.0,Minor Movement,0.1505,Restless,0.75,
1377,10465.2,10479.6,Minor Movement,0.1641,Restless,0.75,
1378,10472.8,10487.2,Minor Movement,0.1265,Restless,0.75,
1379,10480.4,10494.8,Minor Movement,0.172,Restless,0.75,
1380,10488.0,10502.4,Minor Movement,0.1654,Restless,0.75,
1381,10495.6,10510.0,Minor Movement,0.1284,Restless,0.75,
1382,10503.2,10517.6,Minor Movement,0.1269,Restless,0.75,
1383,10510.8,10525.2,Minor Movement,0.1507,Restless,0.75,
1384,10518.4,10532.8,Minor Movement,0.1492,Restless,0.75,
1385,10526.0,10540.4,Minor Movement,0.1334,Restless,0.75,
1386,10533.6,10548.0,Minor Movement,0.139,Restless,0.75,
1387,10541.2,10555.6,Minor Movement,0.126,Restless,0.75,
1388,10548.8,10563.2,Minor Movement,0.1765,Restless,0.75,
1389,10556.4,10570.8,Minor Movement,0.1653,Restless,0.75,
1390,10564.0,10578.4,Minor Movement,0.1519,Restless,0.75,
1391,10571.6,10586.0,Minor Movement,0.1823,Active,0.541,
1392,10579.2,10593.6,Minor Movement,0.1245,Restless,0.75,
1393,10586.8,10601.2,Minor Movement,0.1196,Restless,0.75,
1394,10594.4,10608.8,Minor Movement,0.1376,Restless,0.75,
1395,10602.0,10616.4,Minor Movement,0.1468,Restless,0.75,
1396,10609.6,10624.0,Minor Movement,0.1911,Active,0.562,
1397,10617.2,10631.6,Minor Movement,0.1935,Active,0.584,
1398,10624.8,10639.2,Minor Movement,0.1938,Active,0.58,
1399,10632.4,10646.8,Minor Movement,0.1703,Restless,0.75,
1400,10640.0,10654.4,Minor Movement,0.1597,Restless,0.75,
1401,10647.6,10662.0,Minor Movement,0.1658,Restless,0.75,
1402,10655.2,10669.6,Minor Movement,0.1523,Restless,0.75,
1403,10662.8,10677.2,Minor Movement,0.215,Active,0.634,
1404,10670.4,10684.8,Minor Movement,0.1806,Restless,0.75,
1405,10678.0,10692.4,Minor Movement,0.1705,Restless,0.75,
1406,10685.6,10700.0,Minor Movement,0.1824,Active,0.543,
1407,10693.2,10707.6,Minor Movement,0.1278,Restless,0.75,
1408,10700.8,10715.2,Minor Movement,0.1508,Restless,0.75,
1409,10708.4,10722.8,Minor Movement,0.1434,Restless,0.75,
1410,10716.0,10730.4,Minor Movement,0.1349,Restless,0.75,
1411,10723.6,10738.0,Minor Movement,0.1616,Restless,0.75,
1412,10731.2,10745.6,Minor Movement,0.1709,Restless,0.75,
1413,10738.8,10753.2,Minor Movement,0.1676,Restless,0.75,
1414,10746.4,10760.8,Minor Movement,0.1725,Restless,0.75,
1415,10754.0,10768.4,Minor Movement,0.1665,Restless,0.75,
1416,10761.6,10776.0,Minor Movement,0.1646,Restless,0.75,
1417,10769.2,10783.6,Minor Movement,0.1337,Restless,0.75,
1418,10776.8,10791.2,Minor Movement,0.1138,Restless,0.75,
1419,10784.4,10798.8,Minor Movement,0.1493,Restless,0.75,
1420,10792.0,10806.4,Minor Movement,0.1855,Active,0.559,
1421,10799.6,10814.0,Minor Movement,0.1392,Restless,0.75,
1422,10807.2,10821.6,Minor Movement,0.1055,Restless,0.75,
1423,10814.8,10829.2,Minor Movement,0.1051,Restless,0.75,
1424,10822.4,10836.8,Minor Movement,0.1246,Restless,0.75,
1425,10830.0,10844.4,Minor Movement,0.1457,Restless,0.75,
1426,10837.6,10852.0,Minor Movement,0.1433,Restless,0.75,
1427,10845.2,10859.6,Minor Movement,0.1668,Restless,0.75,
1428,10852.8,10867.2,Minor Movement,0.19,Active,0.571,
1429,10860.4,10874.8,Minor Movement,0.1596,Restless,0.75,
1430,10868.0,10882.4,Minor Movement,0.114,Restless,0.75,
1431,10875.6,10890.0,Minor Movement,0.1069,Restless,0.75,
1432,10883.2,10897.6,Minor Movement,0.139,Restless,0.75,
1433,10890.8,10905.2,Minor Movement,0.152,Restless,0.75,
1434,10898.4,10912.8,Minor Movement,0.1601,Restless,0.75,
1435,10906.0,10920.4,Minor Movement,0.1643,Restless,0.75,
1436,10913.6,10928.0,Minor Movement,0.1163,Restless,0.75,
1437,10921.2,10935.6,Minor Movement,0.1211,Restless,0.75,
1438,10928.8,10943.2,Minor Movement,0.1415,Restless,0.75,
1439,10936.4,10950.8,Minor Movement,0.1487,Restless,0.75,
1440,10944.0,10958.4,Minor Movement,0.149,Restless,0.75,
1441,10951.6,10966.0,Minor Movement,0.1194,Restless,0.75,
1442,10959.2,10973.6,Minor Movement,0.1193,Restless,0.75,
1443,10966.8,10981.2,Minor Movement,0.1327,Restless,0.75,
1444,10974.4,10988.8,Minor Movement,0.1286,Restless,0.75,
1445,10982.0,10996.4,Minor Movement,0.1119,Restless,0.75,
1446,10989.6,11004.0,Minor Movement,0.1187,Restless,0.75,
1447,10997.2,11011.6,Minor Movement,0.1381,Restless,0.75,
1448,11004.8,11019.2,Minor Movement,0.1445,Restless,0.75,
1449,11012.4,11026.8,Minor Movement,0.1481,Restless,0.75,
1450,11020.0,11034.4,Minor Movement,0.1557,Restless,0.75,
1451,11027.6,11042.0,Minor Movement,0.1716,Restless,0.75,
1452,11035.2,11049.6,Minor Movement,0.1571,Restless,0.75,
1453,11042.8,11057.2,Minor Movement,0.1468,Restless,0.75,
1454,11050.4,11064.8,Minor Movement,0.1545,Restless,0.75,
1455,11058.0,11072.4,Minor Movement,0.1395,Restless,0.75,
1456,11065.6,11080.0,Minor Movement,0.1397,Restless,0.75,
1457,11073.2,11087.6,Minor Movement,0.1632,Restless,0.75,
1458,11080.8,11095.2,Minor Movement,0.1849,Active,0.551,
1459,11088.4,11102.8,Minor Movement,0.1921,Active,0.579,
1460,11096.0,11110.4,Minor Movement,0.1945,Active,0.579,
1461,11103.6,11118.0,Minor Movement,0.1856,Active,0.55,
1462,11111.2,11125.6,Minor Movement,0.1522,Restless,0.75,
1463,11118.8,11133.2,Minor Movement,0.1089,Restless,0.75,
1464,11126.4,11140.8,Minor Movement,0.1263,Restless,0.75,
1465,11134.0,11148.4,Minor Movement,0.1414,Restless,0.75,
1466,11141.6,11156.0,Minor Movement,0.1397,Restless,0.75,
1467,11149.2,11163.6,Minor Movement,0.1267,Restless,0.75,
1468,11156.8,11171.2,Minor Movement,0.1171,Restless,0.75,
1469,11164.4,11178.8,Minor Movement,0.1187,Restless,0.75,
1470,11172.0,11186.4,Minor Movement,0.1291,Restless,0.75,
1471,11179.6,11194.0,Minor Movement,0.1271,Restless,0.75,
1472,11187.2,11201.6,Minor Movement,0.1314,Restless,0.75,
1473,11194.8,11209.2,Minor Movement,0.1381,Restless,0.75,
1474,11202.4,11216.8,Minor Movement,0.1403,Restless,0.75,
1475,11210.0,11224.4,Minor Movement,0.1496,Restless,0.75,
1476,11217.6,11232.0,Minor Movement,0.1362,Restless,0.75,
1477,11225.2,11239.6,Minor Movement,0.1281,Restless,0.75,
1478,11232.8,11247.2,Minor Movement,0.1796,Active,0.541,
1479,11240.4,11254.8,Minor Movement,0.1653,Restless,0.75,
1480,11248.0,11262.4,Minor Movement,0.1646,Restless,0.75,
1481,11255.6,11270.0,Minor Movement,0.1463,Restless,0.75,
1482,11263.2,11277.6,Minor Movement,0.1437,Restless,0.75,
1483,11270.8,11285.2,Minor Movement,0.1808,Restless,0.75,
1484,11278.4,11292.8,Minor Movement,0.1604,Restless,0.75,
1485,11286.0,11300.4,Minor Movement,0.137,Restless,0.75,
1486,11293.6,11308.0,Minor Movement,0.1513,Restless,0.75,
1487,11301.2,11315.6,Minor Movement,0.1429,Restless,0.75,
1488,11308.8,11323.2,Minor Movement,0.1226,Restless,0.75,
1489,11316.4,11330.8,Minor Movement,0.1261,Restless,0.75,
1490,11324.0,11338.4,Minor Movement,0.1405,Restless,0.75,
1491,11331.6,11346.0,Minor Movement,0.1323,Restless,0.75,
1492,11339.2,11353.6,Minor Movement,0.1327,Restless,0.75,
1493,11346.8,11361.2,Minor Movement,0.1566,Restless,0.75,
1494,11354.4,11368.8,Minor Movement,0.1411,Restless,0.75,
1495,11362.0,11376.4,Minor Movement,0.1461,Restless,0.75,
1496,11369.6,11384.0,Minor Movement,0.1414,Restless,0.75,
1497,11377.2,11391.6,Minor Movement,0.1558,Restless,0.75,
1498,11384.8,11399.2,Minor Movement,0.1863,Active,0.552,
1499,11392.4,11406.8,Minor Movement,0.1656,Restless,0.75,
1500,11400.0,11414.4,Minor Movement,0.1271,Restless,0.75,
1501,11407.6,11422.0,Minor Movement,0.1342,Restless,0.75,
1502,11415.2,11429.6,Minor Movement,0.1612,Restless,0.75,
1503,11422.8,11437.2,Minor Movement,0.1552,Restless,0.75,
1504,11430.4,11444.8,Minor Movement,0.1885,Active,0.56,
1505,11438.0,11452.4,Minor Movement,0.2002,Active,0.604,
1506,11445.6,11460.0,Minor Movement,0.1622,Restless,0.75,
1507,11453.2,11467.6,Minor Movement,0.1297,Restless,0.75,
1508,11460.8,11475.2,Minor Movement,0.1502,Restless,0.75,
1509,11468.4,11482.8,Minor Movement,0.1413,Restless,0.75,
1510,11476.0,11490.4,Minor Movement,0.1451,Restless,0.75,
1511,11483.6,11498.0,Minor Movement,0.1452,Restless,0.75,
1512,11491.2,11505.6,Minor Movement,0.1442,Restless,0.75,
1513,11498.8,11513.2,Minor Movement,0.1565,Restless,0.75,
1514,11506.4,11520.8,Minor Movement,0.1804,Restless,0.75,
1515,11514.0,11528.4,Minor Movement,0.1733,Restless,0.75,
1516,11521.6,11536.0,Minor Movement,0.1346,Restless,0.75,
1517,11529.2,11543.6,Minor Movement,0.1413,Restless,0.75,
1518,11536.8,11551.2,Minor Movement,0.1677,Restless,0.75,
1519,11544.4,11558.8,Minor Movement,0.1951,Active,0.583,
1520,11552.0,11566.4,Minor Movement,0.1794,Active,0.54,
1521,11559.6,11574.0,Minor Movement,0.1694,Restless,0.75,
1522,11567.2,11581.6,Minor Movement,0.146,Restless,0.75,
1523,11574.8,11589.2,Minor Movement,0.1309,Restless,0.75,
1524,11582.4,11596.8,Minor Movement,0.1326,Restless,0.75,
1525,11590.0,11604.4,Minor Movement,0.1547,Restless,0.75,
1526,11597.6,11612.0,Minor Movement,0.1662,Restless,0.75,
1527,11605.2,11619.6,Minor Movement,0.1451,Restless,0.75,
1528,11612.8,11627.2,Minor Movement,0.1399,Restless,0.75,
1529,11620.4,11634.8,Minor Movement,0.162,Restless,0.75,
1530,11628.0,11642.4,Minor Movement,0.1826,Active,0.542,
1531,11635.6,11650.0,Minor Movement,0.1722,Restless,0.75,
1532,11643.2,11657.6,Minor Movement,0.1741,Restless,0.75,
1533,11650.8,11665.2,Minor Movement,0.1842,Active,0.544,
1534,11658.4,11672.8,Minor Movement,0.1738,Restless,0.75,
1535,11666.0,11680.4,Minor Movement,0.1491,Restless,0.75,
1536,11673.6,11688.0,Minor Movement,0.1413,Restless,0.75,
1537,11681.2,11695.6,Minor Movement,0.1511,Restless,0.75,
1538,11688.8,11703.2,Minor Movement,0.1804,Restless,0.75,
1539,11696.4,11710.8,Minor Movement,0.1494,Restless,0.75,
1540,11704.0,11718.4,Minor Movement,0.1429,Restless,0.75,
1541,11711.6,11726.0,Minor Movement,0.1743,Restless,0.75,
1542,11719.2,11733.6,Minor Movement,0.1687,Restless,0.75,
1543,11726.8,11741.2,Minor Movement,0.1508,Restless,0.75,
1544,11734.4,11748.8,Minor Movement,0.1403,Restless,0.75,
1545,11742.0,11756.4,Minor Movement,0.1198,Restless,0.75,
1546,11749.6,11764.0,Minor Movement,0.1265,Restless,0.75,
1547,11757.2,11771.6,Minor Movement,0.1224,Restless,0.75,
1548,11764.8,11779.2,Minor Movement,0.1904,Active,0.564,
1549,11772.4,11786.8,Minor Movement,0.224,Active,0.669,
1550,11780.0,11794.4,Minor Movement,0.1519,Restless,0.75,
1551,11787.6,11802.0,Minor Movement,0.171,Restless,0.75,
1552,11795.2,11809.6,Minor Movement,0.1917,Active,0.576,
1553,11802.8,11817.2,Minor Movement,0.1519,Restless,0.75,
1554,11810.4,11824.8,Minor Movement,0.1428,Restless,0.75,
1555,11818.0,11832.4,Minor Movement,0.1414,Restless,0.75,
1556,11825.6,11840.0,Minor Movement,0.1768,Restless,0.75,
1557,11833.2,11847.6,Minor Movement,0.1754,Restless,0.75,
1558,11840.8,11855.2,Minor Movement,0.1571,Restless,0.75,
1559,11848.4,11862.8,Minor Movement,0.1461,Restless,0.75,
1560,11856.0,11870.4,Minor Movement,0.1404,Restless,0.75,
1561,11863.6,11878.0,Minor Movement,0.1394,Restless,0.75,
1562,11871.2,11885.6,Minor Movement,0.1236,Restless,0.75,
1563,11878.8,11893.2,Minor Movement,0.112,Restless,0.75,
1564,11886.4,11900.8,Minor Movement,0.1387,Restless,0.75,
1565,11894.0,11908.4,Minor Movement,0.1576,Restless,0.75,
1566,11901.6,11916.0,Minor Movement,0.1485,Restless,0.75,
1567,11909.2,11923.6,Minor Movement,0.1372,Restless,0.75,
1568,11916.8,11931.2,Minor Movement,0.1345,Restless,0.75,
1569,11924.4,11938.8,Minor Movement,0.1482,Restless,0.75,
1570,11932.0,11946.4,Minor Movement,0.1644,Restless,0.75,
1571,11939.6,11954.0,Minor Movement,0.1266,Restless,0.75,
1572,11947.2,11961.6,Minor Movement,0.1237,Restless,0.75,
1573,11954.8,11969.2,Minor Movement,0.1531,Restless,0.75,
1574,11962.4,11976.8,Minor Movement,0.1619,Restless,0.75,
1575,11970.0,11984.4,Minor Movement,0.1704,Restless,0.75,
1576,11977.6,11992.0,Minor Movement,0.1515,Restless,0.75,
1577,11985.2,11999.6,Minor Movement,0.1325,Restless,0.75,
1578,11992.8,12007.2,Minor Movement,0.1229,Restless,0.75,
1579,12000.4,12014.8,Minor Movement,0.1375,Restless,0.75,
1580,12008.0,12022.4,Minor Movement,0.1467,Restless,0.75,
1581,12015.6,12030.0,Minor Movement,0.1838,Active,0.551,
1582,12023.2,12037.6,Minor Movement,0.1934,Active,0.582,
1583,12030.8,12045.2,Minor Movement,0.1416,Restless,0.75,
1584,12038.4,12052.8,Minor Movement,0.1316,Restless,0.75,
1585,12046.0,12060.4,Minor Movement,0.1564,Restless,0.75,
1586,12053.6,12068.0,Minor Movement,0.159,Restless,0.75,
1587,12061.2,12075.6,Minor Movement,0.1292,Restless,0.75,
1588,12068.8,12083.2,Minor Movement,0.1601,Restless,0.75,
1589,12076.4,12090.8,Minor Movement,0.1779,Restless,0.75,
1590,12084.0,12098.4,Minor Movement,0.1665,Restless,0.75,
1591,12091.6,12106.0,Minor Movement,0.1775,Restless,0.75,
1592,12099.2,12113.6,Minor Movement,0.1692,Restless,0.75,
1593,12106.8,12121.2,Minor Movement,0.1488,Restless,0.75,
1594,12114.4,12128.8,Minor Movement,0.1391,Restless,0.75,
1595,12122.0,12136.4,Minor Movement,0.1509,Restless,0.75,
1596,12129.6,12144.0,Minor Movement,0.1637,Restless,0.75,
1597,12137.2,12151.6,Minor Movement,0.1349,Restless,0.75,
1598,12144.8,12159.2,Minor Movement,0.1605,Restless,0.75,
1599,12152.4,12166.8,Minor Movement,0.1447,Restless,0.75,
1600,12160.0,12174.4,Minor Movement,0.1273,Restless,0.75,
1601,12167.6,12182.0,Minor Movement,0.1541,Restless,0.75,
1602,12175.2,12189.6,Minor Movement,0.1584,Restless,0.75,
1603,12182.8,12197.2,Minor Movement,0.1677,Restless,0.75,
1604,12190.4,12204.8,Minor Movement,0.1645,Restless,0.75,
1605,12198.0,12212.4,Minor Movement,0.1481,Restless,0.75,
1606,12205.6,12220.0,Minor Movement,0.1328,Restless,0.75,
1607,12213.2,12227.6,Minor Movement,0.1368,Restless,0.75,
1608,12220.8,12235.2,Minor Movement,0.1504,Restless,0.75,
1609,12228.4,12242.8,Minor Movement,0.15,Restless,0.75,
1610,12236.0,12250.4,Minor Movement,0.1565,Restless,0.75,
1611,12243.6,12258.0,Minor Movement,0.1671,Restless,0.75,
1612,12251.2,12265.6,Minor Movement,0.1139,Restless,0.75,
1613,12258.8,12273.2,Minor Movement,0.1367,Restless,0.75,
1614,12266.4,12280.8,Minor Movement,0.165,Restless,0.75,
1615,12274.0,12288.4,Minor Movement,0.155,Restless,0.75,
1616,12281.6,12296.0,Minor Movement,0.1691,Restless,0.75,
1617,12289.2,12303.6,Minor Movement,0.164,Restless,0.75,
1618,12296.8,12311.2,Minor Movement,0.149,Restless,0.75,
1619,12304.4,12318.8,Minor Movement,0.1721,Restless,0.75,
1620,12312.0,12326.4,Minor Movement,0.1735,Restless,0.75,
1621,12319.6,12334.0,Minor Movement,0.1645,Restless,0.75,
1622,12327.2,12341.6,Minor Movement,0.1895,Active,0.567,
1623,12334.8,12349.2,Minor Movement,0.1673,Restless,0.75,
1624,12342.4,12356.8,Minor Movement,0.1171,Restless,0.75,
1625,12350.0,12364.4,Minor Movement,0.1166,Restless,0.75,
1626,12357.6,12372.0,Minor Movement,0.1631,Restless,0.75,
1627,12365.2,12379.6,Minor Movement,0.1829,Active,0.551,
1628,12372.8,12387.2,Minor Movement,0.1504,Restless,0.75,
1629,12380.4,12394.8,Minor Movement,0.159,Restless,0.75,
1630,12388.0,12402.4,Minor Movement,0.1677,Restless,0.75,
1631,12395.6,12410.0,Minor Movement,0.1344,Restless,0.75,
1632,12403.2,12417.6,Minor Movement,0.1548,Restless,0.75,
1633,12410.8,12425.2,Minor Movement,0.1739,Restless,0.75,
1634,12418.4,12432.8,Minor Movement,0.1562,Restless,0.75,
1635,12426.0,12440.4,Minor Movement,0.153,Restless,0.75,
1636,12433.6,12448.0,Minor Movement,0.2083,Active,0.619,
1637,12441.2,12455.6,Minor Movement,0.2218,Active,0.665,
1638,12448.8,12463.2,Minor Movement,0.1631,Restless,0.75,
1639,12456.4,12470.8,Minor Movement,0.1139,Restless,0.75,
1640,12464.0,12478.4,Minor Movement,0.1516,Restless,0.75,
1641,12471.6,12486.0,Minor Movement,0.1648,Restless,0.75,
1642,12479.2,12493.6,Minor Movement,0.1389,Restless,0.75,
1643,12486.8,12501.2,Minor Movement,0.1814,Active,0.542,
1644,12494.4,12508.8,Minor Movement,0.1762,Restless,0.75,
1645,12502.0,12516.4,Minor Movement,0.1759,Restless,0.75,
1646,12509.6,12524.0,Minor Movement,0.2004,Active,0.601,
1647,12517.2,12531.6,Minor Movement,0.1602,Restless,0.75,
1648,12524.8,12539.2,Minor Movement,0.1088,Restless,0.75,
1649,12532.4,12546.8,Minor Movement,0.1126,Restless,0.75,
1650,12540.0,12554.4,Minor Movement,0.1389,Restless,0.75,
1651,12547.6,12562.0,Minor Movement,0.1527,Restless,0.75,
1652,12555.2,12569.6,Minor Movement,0.1635,Restless,0.75,
1653,12562.8,12577.2,Minor Movement,0.1414,Restless,0.75,
1654,12570.4,12584.8,Minor Movement,0.117,Restless,0.75,
1655,12578.0,12592.4,Minor Movement,0.1213,Restless,0.75,
1656,12585.6,12600.0,Minor Movement,0.1566,Restless,0.75,
1657,12593.2,12607.6,Minor Movement,0.1639,Restless,0.75,
1658,12600.8,12615.2,Minor Movement,0.1291,Restless,0.75,
1659,12608.4,12622.8,Minor Movement,0.149,Restless,0.75,
1660,12616.0,12630.4,Minor Movement,0.1604,Restless,0.75,
1661,12623.6,12638.0,Minor Movement,0.1436,Restless,0.75,
1662,12631.2,12645.6,Minor Movement,0.1099,Restless,0.75,
1663,12638.8,12653.2,Minor Movement,0.1275,Restless,0.75,
1664,12646.4,12660.8,Minor Movement,0.1314,Restless,0.75,
1665,12654.0,12668.4,Minor Movement,0.1637,Restless,0.75,
1666,12661.6,12676.0,Minor Movement,0.1701,Restless,0.75,
1667,12669.2,12683.6,Minor Movement,0.1559,Restless,0.75,
1668,12676.8,12691.2,Minor Movement,0.1778,Restless,0.75,
1669,12684.4,12698.8,Minor Movement,0.1791,Restless,0.75,
1670,12692.0,12706.4,Minor Movement,0.1613,Restless,0.75,
1671,12699.6,12714.0,Minor Movement,0.141,Restless,0.75,
1672,12707.2,12721.6,Minor Movement,0.1604,Restless,0.75,
1673,12714.8,12729.2,Minor Movement,0.1649,Restless,0.75,
1674,12722.4,12736.8,Minor Movement,0.1825,Active,0.541,
1675,12730.0,12744.4,Minor Movement,0.1772,Restless,0.75,
1676,12737.6,12752.0,Minor Movement,0.1422,Restless,0.75,
1677,12745.2,12759.6,Minor Movement,0.1562,Restless,0.75,
1678,12752.8,12767.2,Minor Movement,0.1658,Restless,0.75,
1679,12760.4,12774.8,Minor Movement,0.1397,Restless,0.75,
1680,12768.0,12782.4,Minor Movement,0.1223,Restless,0.75,
1681,12775.6,12790.0,Minor Movement,0.1508,Restless,0.75,
1682,12783.2,12797.6,Minor Movement,0.1659,Restless,0.75,
1683,12790.8,12805.2,Minor Movement,0.1543,Restless,0.75,
1684,12798.4,12812.8,Minor Movement,0.1481,Restless,0.75,
1685,12806.0,12820.4,Minor Movement,0.1422,Restless,0.75,
1686,12813.6,12828.0,Minor Movement,0.1583,Restless,0.75,
1687,12821.2,12835.6,Minor Movement,0.1751,Restless,0.75,
1688,12828.8,12843.2,Minor Movement,0.1594,Restless,0.75,
1689,12836.4,12850.8,Minor Movement,0.1338,Restless,0.75,
1690,12844.0,12858.4,Minor Movement,0.1623,Restless,0.75,
1691,12851.6,12866.0,Minor Movement,0.1588,Restless,0.75,
1692,12859.2,12873.6,Minor Movement,0.1227,Restless,0.75,
1693,12866.8,12881.2,Minor Movement,0.1238,Restless,0.75,
1694,12874.4,12888.8,Minor Movement,0.1344,Restless,0.75,
1695,12882.0,12896.4,Minor Movement,0.1328,Restless,0.75,
1696,12889.6,12904.0,Minor Movement,0.1561,Restless,0.75,
1697,12897.2,12911.6,Minor Movement,0.1975,Active,0.592,
1698,12904.8,12919.2,Minor Movement,0.1882,Active,0.555,
1699,12912.4,12926.8,Minor Movement,0.1319,Restless,0.75,
1700,12920.0,12934.4,Minor Movement,0.1051,Restless,0.75,
1701,12927.6,12942.0,Minor Movement,0.1328,Restless,0.75,
1702,12935.2,12949.6,Minor Movement,0.1303,Restless,0.75,
1703,12942.8,12957.2,Minor Movement,0.1392,Restless,0.75,
1704,12950.4,12964.8,Minor Movement,0.1633,Restless,0.75,
1705,12958.0,12972.4,Minor Movement,0.1381,Restless,0.75,
1706,12965.6,12980.0,Minor Movement,0.1238,Restless,0.75,
1707,12973.2,12987.6,Minor Movement,0.1491,Restless,0.75,
1708,12980.8,12995.2,Minor Movement,0.1673,Restless,0.75,
1709,12988.4,13002.8,Minor Movement,0.1518,Restless,0.75,
1710,12996.0,13010.4,Minor Movement,0.1524,Restless,0.75,
1711,13003.6,13018.0,Minor Movement,0.1945,Active,0.584,
1712,13011.2,13025.6,Minor Movement,0.1745,Restless,0.75,
1713,13018.8,13033.2,Minor Movement,0.1448,Restless,0.75,
1714,13026.4,13040.8,Minor Movement,0.1591,Restless,0.75,
1715,13034.0,13048.4,Minor Movement,0.1465,Restless,0.75,
1716,13041.6,13056.0,Minor Movement,0.1398,Restless,0.75,
1717,13049.2,13063.6,Minor Movement,0.1533,Restless,0.75,
1718,13056.8,13071.2,Minor Movement,0.1526,Restless,0.75,
1719,13064.4,13078.8,Minor Movement,0.147,Restless,0.75,
1720,13072.0,13086.4,Minor Movement,0.1646,Restless,0.75,
1721,13079.6,13094.0,Minor Movement,0.1848,Active,0.54,
1722,13087.2,13101.6,Minor Movement,0.1403,Restless,0.75,
1723,13094.8,13109.2,Minor Movement,0.1733,Restless,0.75,
1724,13102.4,13116.8,Minor Movement,0.1637,Restless,0.75,
1725,13110.0,13124.4,Minor Movement,0.1162,Restless,0.75,
1726,13117.6,13132.0,Minor Movement,0.1397,Restless,0.75,
1727,13125.2,13139.6,Minor Movement,0.1567,Restless,0.75,
1728,13132.8,13147.2,Minor Movement,0.137,Restless,0.75,
1729,13140.4,13154.8,Minor Movement,0.1452,Restless,0.75,
1730,13148.0,13162.4,Minor Movement,0.1632,Restless,0.75,
1731,13155.6,13170.0,Minor Movement,0.1724,Restless,0.75,
1732,13163.2,13177.6,Minor Movement,0.1571,Restless,0.75,
1733,13170.8,13185.2,Minor Movement,0.1415,Restless,0.75,
1734,13178.4,13192.8,Minor Movement,0.1462,Restless,0.75,
1735,13186.0,13200.4,Minor Movement,0.1353,Restless,0.75,
1736,13193.6,13208.0,Minor Movement,0.1222,Restless,0.75,
1737,13201.2,13215.6,Minor Movement,0.1177,Restless,0.75,
1738,13208.8,13223.2,Minor Movement,0.149,Restless,0.75,
1739,13216.4,13230.8,Minor Movement,0.1269,Restless,0.75,
1740,13224.0,13238.4,Minor Movement,0.1234,Restless,0.75,
1741,13231.6,13246.0,Minor Movement,0.1287,Restless,0.75,
1742,13239.2,13253.6,Minor Movement,0.1367,Restless,0.75,
1743,13246.8,13261.2,Minor Movement,0.1542,Restless,0.75,
1744,13254.4,13268.8,Minor Movement,0.1407,Restless,0.75,
1745,13262.0,13276.4,Minor Movement,0.1359,Restless,0.75,
1746,13269.6,13284.0,Minor Movement,0.1269,Restless,0.75,
1747,13277.2,13291.6,Minor Movement,0.1378,Restless,0.75,
1748,13284.8,13299.2,Minor Movement,0.1443,Restless,0.75,
1749,13292.4,13306.8,Minor Movement,0.157,Restless,0.75,
1750,13300.0,13314.4,Minor Movement,0.1612,Restless,0.75,
1751,13307.6,13322.0,Minor Movement,0.1478,Restless,0.75,
1752,13315.2,13329.6,Minor Movement,0.1502,Restless,0.75,
1753,13322.8,13337.2,Minor Movement,0.1582,Restless,0.75,
1754,13330.4,13344.8,Minor Movement,0.1392,Restless,0.75,
1755,13338.0,13352.4,Minor Movement,0.1849,Active,0.554,
1756,13345.6,13360.0,Minor Movement,0.1886,Active,0.558,
1757,13353.2,13367.6,Minor Movement,0.1443,Restless,0.75,
1758,13360.8,13375.2,Minor Movement,0.1566,Restless,0.75,
1759,13368.4,13382.8,Minor Movement,0.1627,Restless,0.75,
1760,13376.0,13390.4,Minor Movement,0.1556,Restless,0.75,
1761,13383.6,13398.0,Minor Movement,0.1619,Restless,0.75,
1762,13391.2,13405.6,Minor Movement,0.1618,Restless,0.75,
1763,13398.8,13413.2,Minor Movement,0.1657,Restless,0.75,
1764,13406.4,13420.8,Minor Movement,0.1539,Restless,0.75,
1765,13414.0,13428.4,Minor Movement,0.1554,Restless,0.75,
1766,13421.6,13436.0,Minor Movement,0.1568,Restless,0.75,
1767,13429.2,13443.6,Minor Movement,0.1642,Restless,0.75,
1768,13436.8,13451.2,Minor Movement,0.1964,Active,0.588,
1769,13444.4,13458.8,Minor Movement,0.1487,Restless,0.75,
1770,13452.0,13466.4,Minor Movement,0.1277,Restless,0.75,
1771,13459.6,13474.0,Minor Movement,0.1487,Restless,0.75,
1772,13467.2,13481.6,Minor Movement,0.1389,Restless,0.75,
1773,13474.8,13489.2,Minor Movement,0.1412,Restless,0.75,
1774,13482.4,13496.8,Minor Movement,0.1194,Restless,0.75,
1775,13490.0,13504.4,Minor Movement,0.1097,Restless,0.75,
1776,13497.6,13512.0,Minor Movement,0.1533,Restless,0.75,
1777,13505.2,13519.6,Minor Movement,0.1545,Restless,0.75,
1778,13512.8,13527.2,Minor Movement,0.1355,Restless,0.75,
1779,13520.4,13534.8,Minor Movement,0.1529,Restless,0.75,
1780,13528.0,13542.4,Minor Movement,0.1353,Restless,0.75,
1781,13535.6,13550.0,Minor Movement,0.1267,Restless,0.75,
1782,13543.2,13557.6,Minor Movement,0.1532,Restless,0.75,
1783,13550.8,13565.2,Minor Movement,0.134,Restless,0.75,
1784,13558.4,13572.8,Minor Movement,0.137,Restless,0.75,
1785,13566.0,13580.4,Minor Movement,0.1669,Restless,0.75,
1786,13573.6,13588.0,Minor Movement,0.1373,Restless,0.75,
1787,13581.2,13595.6,Minor Movement,0.1437,Restless,0.75,
1788,13588.8,13603.2,Minor Movement,0.2102,Active,0.633,
1789,13596.4,13610.8,Minor Movement,0.1793,Restless,0.75,
1790,13604.0,13618.4,Minor Movement,0.1565,Restless,0.75,
1791,13611.6,13626.0,Minor Movement,0.1872,Active,0.558,
1792,13619.2,13633.6,Minor Movement,0.1566,Restless,0.75,
1793,13626.8,13641.2,Minor Movement,0.1683,Restless,0.75,
1794,13634.4,13648.8,Minor Movement,0.1852,Active,0.543,
1795,13642.0,13656.4,Minor Movement,0.1336,Restless,0.75,
1796,13649.6,13664.0,Minor Movement,0.1239,Restless,0.75,
1797,13657.2,13671.6,Minor Movement,0.1647,Restless,0.75,
1798,13664.8,13679.2,Minor Movement,0.1647,Restless,0.75,
1799,13672.4,13686.8,Minor Movement,0.1389,Restless,0.75,
1800,13680.0,13694.4,Minor Movement,0.152,Restless,0.75,
1801,13687.6,13702.0,Minor Movement,0.1826,Restless,0.75,
1802,13695.2,13709.6,Minor Movement,0.1664,Restless,0.75,
1803,13702.8,13717.2,Minor Movement,0.1652,Restless,0.75,
1804,13710.4,13724.8,Minor Movement,0.1542,Restless,0.75,
1805,13718.0,13732.4,Minor Movement,0.1356,Restless,0.75,
1806,13725.6,13740.0,Minor Movement,0.1379,Restless,0.75,
1807,13733.2,13747.6,Minor Movement,0.1585,Restless,0.75,
1808,13740.8,13755.2,Minor Movement,0.1584,Restless,0.75,
1809,13748.4,13762.8,Minor Movement,0.1599,Restless,0.75,
1810,13756.0,13770.4,Minor Movement,0.1613,Restless,0.75,
1811,13763.6,13778.0,Minor Movement,0.1471,Restless,0.75,
1812,13771.2,13785.6,Minor Movement,0.1076,Restless,0.75,
1813,13778.8,13793.2,Minor Movement,0.1329,Restless,0.75,
1814,13786.4,13800.8,Minor Movement,0.1331,Restless,0.75,
1815,13794.0,13808.4,Minor Movement,0.1123,Restless,0.75,
1816,13801.6,13816.0,Minor Movement,0.1633,Restless,0.75,
1817,13809.2,13823.6,Minor Movement,0.1697,Restless,0.75,
1818,13816.8,13831.2,Minor Movement,0.129,Restless,0.75,
1819,13824.4,13838.8,Minor Movement,0.1429,Restless,0.75,
1820,13832.0,13846.4,Minor Movement,0.183,Active,0.548,
1821,13839.6,13854.0,Minor Movement,0.1565,Restless,0.75,
1822,13847.2,13861.6,Minor Movement,0.1207,Restless,0.75,
1823,13854.8,13869.2,Minor Movement,0.1308,Restless,0.75,
1824,13862.4,13876.8,Minor Movement,0.1395,Restless,0.75,
1825,13870.0,13884.4,Minor Movement,0.1906,Active,0.572,
1826,13877.6,13892.0,Minor Movement,0.1891,Active,0.567,
1827,13885.2,13899.6,Minor Movement,0.1553,Restless,0.75,
1828,13892.8,13907.2,Minor Movement,0.1698,Restless,0.75,
1829,13900.4,13914.8,Minor Movement,0.1896,Active,0.561,
1830,13908.0,13922.4,Minor Movement,0.1642,Restless,0.75,
1831,13915.6,13930.0,Minor Movement,0.1418,Restless,0.75,
1832,13923.2,13937.6,Minor Movement,0.145,Restless,0.75,
1833,13930.8,13945.2,Minor Movement,0.1505,Restless,0.75,
1834,13938.4,13952.8,Minor Movement,0.1482,Restless,0.75,
1835,13946.0,13960.4,Minor Movement,0.1451,Restless,0.75,
1836,13953.6,13968.0,Minor Movement,0.1602,Restless,0.75,
1837,13961.2,13975.6,Minor Movement,0.1632,Restless,0.75,
1838,13968.8,13983.2,Minor Movement,0.1396,Restless,0.75,
1839,13976.4,13990.8,Minor Movement,0.1653,Restless,0.75,
1840,13984.0,13998.4,Minor Movement,0.1642,Restless,0.75,
1841,13991.6,14006.0,Minor Movement,0.1563,Restless,0.75,
1842,13999.2,14013.6,Minor Movement,0.1655,Restless,0.75,
1843,14006.8,14021.2,Minor Movement,0.1478,Restless,0.75,
1844,14014.4,14028.8,Minor Movement,0.1371,Restless,0.75,
1845,14022.0,14036.4,Minor Movement,0.1178,Restless,0.75,
1846,14029.6,14044.0,Minor Movement,0.1409,Restless,0.75,
1847,14037.2,14051.6,Minor Movement,0.1588,Restless,0.75,
1848,14044.8,14059.2,Minor Movement,0.172,Restless,0.75,
1849,14052.4,14066.8,Minor Movement,0.1694,Restless,0.75,
1850,14060.0,14074.4,Minor Movement,0.1778,Restless,0.75,
1851,14067.6,14082.0,Minor Movement,0.1611,Restless,0.75,
1852,14075.2,14089.6,Minor Movement,0.1374,Restless,0.75,
1853,14082.8,14097.2,Minor Movement,0.1416,Restless,0.75,
1854,14090.4,14104.8,Minor Movement,0.131,Restless,0.75,
1855,14098.0,14112.4,Minor Movement,0.1397,Restless,0.75,
1856,14105.6,14120.0,Minor Movement,0.143,Restless,0.75,
1857,14113.2,14127.6,Minor Movement,0.1327,Restless,0.75,
1858,14120.8,14135.2,Minor Movement,0.1372,Restless,0.75,
1859,14128.4,14142.8,Minor Movement,0.1427,Restless,0.75,
1860,14136.0,14150.4,Minor Movement,0.146,Restless,0.75,
1861,14143.6,14158.0,Minor Movement,0.1399,Restless,0.75,
1862,14151.2,14165.6,Minor Movement,0.1517,Restless,0.75,
1863,14158.8,14173.2,Minor Movement,0.1951,Active,0.581,
1864,14166.4,14180.8,Minor Movement,0.2072,Active,0.622,
1865,14174.0,14188.4,Minor Movement,0.1839,Active,0.554,
1866,14181.6,14196.0,Minor Movement,0.1798,Restless,0.75,
1867,14189.2,14203.6,Minor Movement,0.1545,Restless,0.75,
1868,14196.8,14211.2,Minor Movement,0.1237,Restless,0.75,
1869,14204.4,14218.8,Minor Movement,0.1318,Restless,0.75,
1870,14212.0,14226.4,Minor Movement,0.1337,Restless,0.75,
1871,14219.6,14234.0,Minor Movement,0.1336,Restless,0.75,
1872,14227.2,14241.6,Minor Movement,0.1434,Restless,0.75,
1873,14234.8,14249.2,Minor Movement,0.128,Restless,0.75,
1874,14242.4,14256.8,Minor Movement,0.1231,Restless,0.75,
1875,14250.0,14264.4,Minor Movement,0.1471,Restless,0.75,
1876,14257.6,14272.0,Minor Movement,0.1306,Restless,0.75,
1877,14265.2,14279.6,Minor Movement,0.1562,Restless,0.75,
1878,14272.8,14287.2,Minor Movement,0.1642,Restless,0.75,
1879,14280.4,14294.8,Minor Movement,0.133,Restless,0.75,
1880,14288.0,14302.4,Minor Movement,0.1298,Restless,0.75,
1881,14295.6,14310.0,Minor Movement,0.1389,Restless,0.75,
1882,14303.2,14317.6,Minor Movement,0.1225,Restless,0.75,
1883,14310.8,14325.2,Minor Movement,0.141,Restless,0.75,
1884,14318.4,14332.8,Minor Movement,0.1595,Restless,0.75,
1885,14326.0,14340.4,Minor Movement,0.155,Restless,0.75,
1886,14333.6,14348.0,Minor Movement,0.1853,Active,0.545,
1887,14341.2,14355.6,Minor Movement,0.1594,Restless,0.75,
1888,14348.8,14363.2,Minor Movement,0.1255,Restless,0.75,
1889,14356.4,14370.8,Minor Movement,0.1585,Restless,0.75,
1890,14364.0,14378.4,Minor Movement,0.178,Restless,0.75,
1891,14371.6,14386.0,Minor Movement,0.187,Active,0.561,
1892,14379.2,14393.6,Minor Movement,0.1578,Restless,0.75,
1893,14386.8,14401.2,Minor Movement,0.1453,Restless,0.75,
1894,14394.4,14408.8,Minor Movement,0.18,Restless,0.75,
1895,14402.0,14416.4,Minor Movement,0.1612,Restless,0.75,
1896,14409.6,14424.0,Minor Movement,0.1461,Restless,0.75,
1897,14417.2,14431.6,Minor Movement,0.1443,Restless,0.75,
1898,14424.8,14439.2,Minor Movement,0.1408,Restless,0.75,
1899,14432.4,14446.8,Minor Movement,0.1348,Restless,0.75,
1900,14440.0,14454.4,Minor Movement,0.1545,Restless,0.75,
1901,14447.6,14462.0,Minor Movement,0.1802,Restless,0.75,
1902,14455.2,14469.6,Minor Movement,0.175,Restless,0.75,
1903,14462.8,14477.2,Minor Movement,0.1584,Restless,0.75,
1904,14470.4,14484.8,Minor Movement,0.1497,Restless,0.75,
1905,14478.0,14492.4,Minor Movement,0.1509,Restless,0.75,
1906,14485.6,14500.0,Minor Movement,0.1852,Active,0.552,
1907,14493.2,14507.6,Minor Movement,0.1717,Restless,0.75,
1908,14500.8,14515.2,Minor Movement,0.1316,Restless,0.75,
1909,14508.4,14522.8,Minor Movement,0.1298,Restless,0.75,
1910,14516.0,14530.4,Minor Movement,0.1177,Restless,0.75,
1911,14523.6,14538.0,Minor Movement,0.1721,Restless,0.75,
1912,14531.2,14545.6,Minor Movement,0.1696,Restless,0.75,
1913,14538.8,14553.2,Minor Movement,0.1627,Restless,0.75,
1914,14546.4,14560.8,Minor Movement,0.1733,Restless,0.75,
1915,14554.0,14568.4,Minor Movement,0.1495,Restless,0.75,
1916,14561.6,14576.0,Minor Movement,0.1446,Restless,0.75,
1917,14569.2,14583.6,Minor Movement,0.137,Restless,0.75,
1918,14576.8,14591.2,Minor Movement,0.1553,Restless,0.75,
1919,14584.4,14598.8,Minor Movement,0.1857,Active,0.55,
1920,14592.0,14606.4,Minor Movement,0.1441,Restless,0.75,
1921,14599.6,14614.0,Minor Movement,0.1217,Restless,0.75,
1922,14607.2,14621.6,Minor Movement,0.14,Restless,0.75,
1923,14614.8,14629.2,Minor Movement,0.1532,Restless,0.75,
1924,14622.4,14636.8,Minor Movement,0.1692,Restless,0.75,
1925,14630.0,14644.4,Minor Movement,0.1687,Restless,0.75,
1926,14637.6,14652.0,Minor Movement,0.1498,Restless,0.75,
1927,14645.2,14659.6,Minor Movement,0.1468,Restless,0.75,
1928,14652.8,14667.2,Minor Movement,0.1606,Restless,0.75,
1929,14660.4,14674.8,Minor Movement,0.1706,Restless,0.75,
1930,14668.0,14682.4,Minor Movement,0.1724,Restless,0.75,
1931,14675.6,14690.0,Minor Movement,0.1736,Restless,0.75,
1932,14683.2,14697.6,Minor Movement,0.1429,Restless,0.75,
1933,14690.8,14705.2,Minor Movement,0.1323,Restless,0.75,
1934,14698.4,14712.8,Minor Movement,0.1386,Restless,0.75,
1935,14706.0,14720.4,Minor Movement,0.1319,Restless,0.75,
1936,14713.6,14728.0,Minor Movement,0.1398,Restless,0.75,
1937,14721.2,14735.6,Minor Movement,0.1576,Restless,0.75,
1938,14728.8,14743.2,Minor Movement,0.1645,Restless,0.75,
1939,14736.4,14750.8,Minor Movement,0.1917,Active,0.561,
1940,14744.0,14758.4,Minor Movement,0.2008,Active,0.604,
1941,14751.6,14766.0,Minor Movement,0.1909,Active,0.576,
1942,14759.2,14773.6,Minor Movement,0.1612,Restless,0.75,
1943,14766.8,14781.2,Minor Movement,0.1387,Restless,0.75,
1944,14774.4,14788.8,Minor Movement,0.1479,Restless,0.75,
1945,14782.0,14796.4,Minor Movement,0.1609,Restless,0.75,
1946,14789.6,14804.0,Minor Movement,0.1557,Restless,0.75,
1947,14797.2,14811.6,Minor Movement,0.1505,Restless,0.75,
1948,14804.8,14819.2,Minor Movement,0.1481,Restless,0.75,
1949,14812.4,14826.8,Minor Movement,0.1429,Restless,0.75,
1950,14820.0,14834.4,Minor Movement,0.1477,Restless,0.75,
1951,14827.6,14842.0,Minor Movement,0.1466,Restless,0.75,
1952,14835.2,14849.6,Minor Movement,0.1626,Restless,0.75,
1953,14842.8,14857.2,Minor Movement,0.1912,Active,0.574,
1954,14850.4,14864.8,Minor Movement,0.1959,Active,0.577,
1955,14858.0,14872.4,Minor Movement,0.1689,Restless,0.75,
1956,14865.6,14880.0,Minor Movement,0.1321,Restless,0.75,
1957,14873.2,14887.6,Minor Movement,0.1629,Restless,0.75,
1958,14880.8,14895.2,Minor Movement,0.1921,Active,0.57,
1959,14888.4,14902.8,Minor Movement,0.1542,Restless,0.75,
1960,14896.0,14910.4,Minor Movement,0.1592,Restless,0.75,
1961,14903.6,14918.0,Minor Movement,0.1657,Restless,0.75,
1962,14911.2,14925.6,Minor Movement,0.1421,Restless,0.75,
1963,14918.8,14933.2,Minor Movement,0.13,Restless,0.75,
1964,14926.4,14940.8,Minor Movement,0.1111,Restless,0.75,
1965,14934.0,14948.4,Minor Movement,0.1195,Restless,0.75,
1966,14941.6,14956.0,Minor Movement,0.1219,Restless,0.75,
1967,14949.2,14963.6,Minor Movement,0.1617,Restless,0.75,
1968,14956.8,14971.2,Minor Movement,0.1719,Restless,0.75,
1969,14964.4,14978.8,Minor Movement,0.155,Restless,0.75,
1970,14972.0,14986.4,Minor Movement,0.1624,Restless,0.75,
1971,14979.6,14994.0,Minor Movement,0.1384,Restless,0.75,
1972,14987.2,15001.6,Minor Movement,0.15,Restless,0.75,
1973,14994.8,15009.2,Minor Movement,0.1531,Restless,0.75,
1974,15002.4,15016.8,Minor Movement,0.1488,Restless,0.75,
1975,15010.0,15024.4,Minor Movement,0.1863,Active,0.563,
1976,15017.6,15032.0,Minor Movement,0.1917,Active,0.574,
1977,15025.2,15039.6,Minor Movement,0.1837,Active,0.545,
1978,15032.8,15047.2,Minor Movement,0.1601,Restless,0.75,
1979,15040.4,15054.8,Minor Movement,0.1386,Restless,0.75,
1980,15048.0,15062.4,Minor Movement,0.1334,Restless,0.75,
1981,15055.6,15070.0,Minor Movement,0.1568,Restless,0.75,
1982,15063.2,15077.6,Minor Movement,0.1459,Restless,0.75,
1983,15070.8,15085.2,Minor Movement,0.1359,Restless,0.75,
1984,15078.4,15092.8,Minor Movement,0.1297,Restless,0.75,
1985,15086.0,15100.4,Minor Movement,0.1306,Restless,0.75,
1986,15093.6,15108.0,Minor Movement,0.1318,Restless,0.75,
1987,15101.2,15115.6,Minor Movement,0.126,Restless,0.75,
1988,15108.8,15123.2,Minor Movement,0.1411,Restless,0.75,
1989,15116.4,15130.8,Minor Movement,0.1568,Restless,0.75,
1990,15124.0,15138.4,Minor Movement,0.1382,Restless,0.75,
1991,15131.6,15146.0,Minor Movement,0.1438,Restless,0.75,
1992,15139.2,15153.6,Minor Movement,0.1459,Restless,0.75,
1993,15146.8,15161.2,Minor Movement,0.1425,Restless,0.75,
1994,15154.4,15168.8,Minor Movement,0.1721,Restless,0.75,
1995,15162.0,15176.4,Minor Movement,0.1438,Restless,0.75,
1996,15169.6,15184.0,Minor Movement,0.1688,Restless,0.75,
1997,15177.2,15191.6,Minor Movement,0.2031,Active,0.601,
1998,15184.8,15199.2,Minor Movement,0.1572,Restless,0.75,
1999,15192.4,15206.8,Minor Movement,0.1324,Restless,0.75,
2000,15200.0,15214.4,Minor Movement,0.1295,Restless,0.75,
2001,15207.6,15222.0,Minor Movement,0.1522,Restless,0.75,
2002,15215.2,15229.6,Minor Movement,0.2048,Active,0.618,
2003,15222.8,15237.2,Minor Movement,0.1695,Restless,0.75,
2004,15230.4,15244.8,Minor Movement,0.1241,Restless,0.75,
2005,15238.0,15252.4,Minor Movement,0.1515,Restless,0.75,
2006,15245.6,15260.0,Minor Movement,0.1899,Active,0.572,
2007,15253.2,15267.6,Minor Movement,0.1849,Active,0.549,
2008,15260.8,15275.2,Minor Movement,0.1659,Restless,0.75,
2009,15268.4,15282.8,Minor Movement,0.1946,Active,0.578,
2010,15276.0,15290.4,Minor Movement,0.1712,Restless,0.75,
2011,15283.6,15298.0,Minor Movement,0.1377,Restless,0.75,
2012,15291.2,15305.6,Minor Movement,0.155,Restless,0.75,
2013,15298.8,15313.2,Minor Movement,0.1573,Restless,0.75,
2014,15306.4,15320.8,Minor Movement,0.1555,Restless,0.75,
2015,15314.0,15328.4,Minor Movement,0.1528,Restless,0.75,
2016,15321.6,15336.0,Minor Movement,0.1463,Restless,0.75,
2017,15329.2,15343.6,Minor Movement,0.1422,Restless,0.75,
2018,15336.8,15351.2,Minor Movement,0.1214,Restless,0.75,
2019,15344.4,15358.8,Minor Movement,0.1127,Restless,0.75,
2020,15352.0,15366.4,Minor Movement,0.1656,Restless,0.75,
2021,15359.6,15374.0,Minor Movement,0.171,Restless,0.75,
2022,15367.2,15381.6,Minor Movement,0.155,Restless,0.75,
2023,15374.8,15389.2,Minor Movement,0.1522,Restless,0.75,
2024,15382.4,15396.8,Minor Movement,0.1382,Restless,0.75,
2025,15390.0,15404.4,Minor Movement,0.1432,Restless,0.75,
2026,15397.6,15412.0,Minor Movement,0.1484,Restless,0.75,
2027,15405.2,15419.6,Minor Movement,0.1406,Restless,0.75,
2028,15412.8,15427.2,Minor Movement,0.1335,Restless,0.75,
2029,15420.4,15434.8,Minor Movement,0.1718,Restless,0.75,
2030,15428.0,15442.4,Minor Movement,0.182,Active,0.547,
2031,15435.6,15450.0,Minor Movement,0.1869,Active,0.551,
2032,15443.2,15457.6,Minor Movement,0.1927,Active,0.572,
2033,15450.8,15465.2,Minor Movement,0.1553,Restless,0.75,
2034,15458.4,15472.8,Minor Movement,0.1454,Restless,0.75,
2035,15466.0,15480.4,Minor Movement,0.1756,Restless,0.75,
2036,15473.6,15488.0,Minor Movement,0.1849,Active,0.552,
2037,15481.2,15495.6,Minor Movement,0.1562,Restless,0.75,
2038,15488.8,15503.2,Minor Movement,0.1408,Restless,0.75,
2039,15496.4,15510.8,Minor Movement,0.1485,Restless,0.75,
2040,15504.0,15518.4,Minor Movement,0.1436,Restless,0.75,
2041,15511.6,15526.0,Minor Movement,0.1223,Restless,0.75,
2042,15519.2,15533.6,Minor Movement,0.1449,Restless,0.75,
2043,15526.8,15541.2,Minor Movement,0.1389,Restless,0.75,
2044,15534.4,15548.8,Minor Movement,0.174,Restless,0.75,
2045,15542.0,15556.4,Minor Movement,0.1591,Restless,0.75,
2046,15549.6,15564.0,Minor Movement,0.1628,Restless,0.75,
2047,15557.2,15571.6,Minor Movement,0.1854,Active,0.551,
2048,15564.8,15579.2,Minor Movement,0.1612,Restless,0.75,
2049,15572.4,15586.8,Minor Movement,0.1571,Restless,0.75,
2050,15580.0,15594.4,Minor Movement,0.1485,Restless,0.75,
2051,15587.6,15602.0,Minor Movement,0.1641,Restless,0.75,
2052,15595.2,15609.6,Minor Movement,0.1634,Restless,0.75,
2053,15602.8,15617.2,Minor Movement,0.1281,Restless,0.75,
2054,15610.4,15624.8,Minor Movement,0.1657,Restless,0.75,
2055,15618.0,15632.4,Minor Movement,0.165,Restless,0.75,
2056,15625.6,15640.0,Minor Movement,0.1484,Restless,0.75,
2057,15633.2,15647.6,Minor Movement,0.1795,Restless,0.75,
2058,15640.8,15655.2,Minor Movement,0.1588,Restless,0.75,
2059,15648.4,15662.8,Minor Movement,0.1375,Restless,0.75,
2060,15656.0,15670.4,Minor Movement,0.1283,Restless,0.75,
2061,15663.6,15678.0,Minor Movement,0.1332,Restless,0.75,
2062,15671.2,15685.6,Minor Movement,0.1206,Restless,0.75,
2063,15678.8,15693.2,Minor Movement,0.1037,Restless,0.75,
2064,15686.4,15700.8,Minor Movement,0.1523,Restless,0.75,
2065,15694.0,15708.4,Minor Movement,0.1854,Active,0.552,
2066,15701.6,15716.0,Minor Movement,0.1765,Restless,0.75,
2067,15709.2,15723.6,Minor Movement,0.1824,Active,0.548,
2068,15716.8,15731.2,Minor Movement,0.1614,Restless,0.75,
2069,15724.4,15738.8,Minor Movement,0.1531,Restless,0.75,
2070,15732.0,15746.4,Minor Movement,0.1834,Active,0.546,
2071,15739.6,15754.0,Minor Movement,0.2095,Active,0.634,
2072,15747.2,15761.6,Minor Movement,0.1782,Restless,0.75,
2073,15754.8,15769.2,Minor Movement,0.1365,Restless,0.75,
2074,15762.4,15776.8,Minor Movement,0.1582,Restless,0.75,
2075,15770.0,15784.4,Minor Movement,0.1619,Restless,0.75,
2076,15777.6,15792.0,Minor Movement,0.1363,Restless,0.75,
2077,15785.2,15799.6,Minor Movement,0.1356,Restless,0.75,
2078,15792.8,15807.2,Minor Movement,0.1416,Restless,0.75,
2079,15800.4,15814.8,Minor Movement,0.1335,Restless,0.75,
2080,15808.0,15822.4,Minor Movement,0.1181,Restless,0.75,
2081,15815.6,15830.0,Minor Movement,0.1401,Restless,0.75,
2082,15823.2,15837.6,Minor Movement,0.1679,Restless,0.75,
2083,15830.8,15845.2,Minor Movement,0.1565,Restless,0.75,
2084,15838.4,15852.8,Minor Movement,0.1561,Restless,0.75,
2085,15846.0,15860.4,Minor Movement,0.1498,Restless,0.75,
2086,15853.6,15868.0,Minor Movement,0.145,Restless,0.75,
2087,15861.2,15875.6,Minor Movement,0.1443,Restless,0.75,
2088,15868.8,15883.2,Minor Movement,0.2099,Active,0.63,
2089,15876.4,15890.8,Minor Movement,0.2045,Active,0.602,
2090,15884.0,15898.4,Minor Movement,0.1388,Restless,0.75,
2091,15891.6,15906.0,Minor Movement,0.114,Restless,0.75,
2092,15899.2,15913.6,Minor Movement,0.1524,Restless,0.75,
2093,15906.8,15921.2,Minor Movement,0.1439,Restless,0.75,
2094,15914.4,15928.8,Minor Movement,0.1335,Restless,0.75,
2095,15922.0,15936.4,Minor Movement,0.1411,Restless,0.75,
2096,15929.6,15944.0,Minor Movement,0.1553,Restless,0.75,
2097,15937.2,15951.6,Minor Movement,0.1355,Restless,0.75,
2098,15944.8,15959.2,Minor Movement,0.137,Restless,0.75,
2099,15952.4,15966.8,Minor Movement,0.1658,Restless,0.75,
2100,15960.0,15974.4,Minor Movement,0.1562,Restless,0.75,
2101,15967.6,15982.0,Minor Movement,0.1552,Restless,0.75,
2102,15975.2,15989.6,Minor Movement,0.1837,Active,0.552,
2103,15982.8,15997.2,Minor Movement,0.1826,Active,0.549,
2104,15990.4,16004.8,Minor Movement,0.1571,Restless,0.75,
2105,15998.0,16012.4,Minor Movement,0.172,Restless,0.75,
2106,16005.6,16020.0,Minor Movement,0.1794,Restless,0.75,
2107,16013.2,16027.6,Minor Movement,0.1555,Restless,0.75,
2108,16020.8,16035.2,Minor Movement,0.1594,Restless,0.75,
2109,16028.4,16042.8,Minor Movement,0.1612,Restless,0.75,
2110,16036.0,16050.4,Minor Movement,0.1333,Restless,0.75,
2111,16043.6,16058.0,Minor Movement,0.1337,Restless,0.75,
2112,16051.2,16065.6,Minor Movement,0.1531,Restless,0.75,
2113,16058.8,16073.2,Minor Movement,0.1541,Restless,0.75,
2114,16066.4,16080.8,Minor Movement,0.2075,Active,0.551,
2115,16074.0,16088.4,Minor Movement,0.1889,Restless,0.75,
2116,16081.6,16096.0,Minor Movement,0.2345,Active,0.63,
2117,16089.2,16103.6,Major Movement,0.3914,Active,1.0,
2118,16096.8,16111.2,Major Movement,0.4029,Active,1.0,
2119,16104.4,16118.8,Minor Movement,0.2704,Active,0.754,
2120,16112.0,16126.4,Minor Movement,0.1906,Active,0.572,
2121,16119.6,16134.0,Minor Movement,0.1839,Active,0.552,
2122,16127.2,16141.6,Minor Movement,0.1626,Restless,0.75,
2123,16134.8,16149.2,Minor Movement,0.1437,Restless,0.75,
2124,16142.4,16156.8,Minor Movement,0.1663,Restless,0.75,
2125,16150.0,16164.4,Minor Movement,0.1867,Active,0.563,
2126,16157.6,16172.0,Minor Movement,0.1664,Restless,0.75,
2127,16165.2,16179.6,Minor Movement,0.1569,Restless,0.75,
2128,16172.8,16187.2,Minor Movement,0.1264,Restless,0.75,
2129,16180.4,16194.8,Minor Movement,0.1449,Restless,0.75,
2130,16188.0,16202.4,Minor Movement,0.1766,Restless,0.75,
2131,16195.6,16210.0,Minor Movement,0.1527,Restless,0.75,
2132,16203.2,16217.6,Minor Movement,0.1452,Restless,0.75,
2133,16210.8,16225.2,Minor Movement,0.1326,Restless,0.75,
2134,16218.4,16232.8,Minor Movement,0.1287,Restless,0.75,
2135,16226.0,16240.4,Minor Movement,0.1595,Restless,0.75,
2136,16233.6,16248.0,Minor Movement,0.2736,Active,0.731,
2137,16241.2,16255.6,Minor Movement,0.285,Active,0.757,
2138,16248.8,16263.2,Minor Movement,0.1821,Active,0.545,
2139,16256.4,16270.8,Minor Movement,0.1681,Restless,0.75,
2140,16264.0,16278.4,Minor Movement,0.1326,Restless,0.75,
2141,16271.6,16286.0,Minor Movement,0.1299,Restless,0.75,
2142,16279.2,16293.6,Minor Movement,0.1549,Restless,0.75,
2143,16286.8,16301.2,Minor Movement,0.1356,Restless,0.75,
2144,16294.4,16308.8,Minor Movement,0.1536,Restless,0.75,
2145,16302.0,16316.4,Minor Movement,0.1766,Restless,0.75,
2146,16309.6,16324.0,Minor Movement,0.1693,Restless,0.75,
2147,16317.2,16331.6,Minor Movement,0.1528,Restless,0.75,
2148,16324.8,16339.2,Minor Movement,0.1411,Restless,0.75,
2149,16332.4,16346.8,Minor Movement,0.1594,Restless,0.75,
2150,16340.0,16354.4,Minor Movement,0.1588,Restless,0.75,
2151,16347.6,16362.0,Minor Movement,0.1316,Restless,0.75,
2152,16355.2,16369.6,Minor Movement,0.1138,Restless,0.75,
2153,16362.8,16377.2,Minor Movement,0.1273,Restless,0.75,
2154,16370.4,16384.8,Minor Movement,0.1335,Restless,0.75,
2155,16378.0,16392.4,Minor Movement,0.1338,Restless,0.75,
2156,16385.6,16400.0,Minor Movement,0.1422,Restless,0.75,
2157,16393.2,16407.6,Minor Movement,0.1304,Restless,0.75,
2158,16400.8,16415.2,Minor Movement,0.1274,Restless,0.75,
2159,16408.4,16422.8,Minor Movement,0.1543,Restless,0.75,
2160,16416.0,16430.4,Minor Movement,0.1304,Restless,0.75,
2161,16423.6,16438.0,Minor Movement,0.1252,Restless,0.75,
2162,16431.2,16445.6,Minor Movement,0.1456,Restless,0.75,
2163,16438.8,16453.2,Minor Movement,0.125,Restless,0.75,
2164,16446.4,16460.8,Minor Movement,0.213,Active,0.586,
2165,16454.0,16468.4,Minor Movement,0.2303,Active,0.634,
2166,16461.6,16476.0,Minor Movement,0.1594,Restless,0.75,
2167,16469.2,16483.6,Minor Movement,0.1555,Restless,0.75,
2168,16476.8,16491.2,Minor Movement,0.1582,Restless,0.75,
2169,16484.4,16498.8,Minor Movement,0.1544,Restless,0.75,
2170,16492.0,16506.4,Minor Movement,0.139,Restless,0.75,
2171,16499.6,16514.0,Minor Movement,0.1673,Restless,0.75,
2172,16507.2,16521.6,Minor Movement,0.1811,Restless,0.75,
2173,16514.8,16529.2,Minor Movement,0.1452,Restless,0.75,
2174,16522.4,16536.8,Minor Movement,0.127,Restless,0.75,
2175,16530.0,16544.4,Minor Movement,0.1274,Restless,0.75,
2176,16537.6,16552.0,Minor Movement,0.2233,Active,0.601,
2177,16545.2,16559.6,Minor Movement,0.2287,Active,0.612,
2178,16552.8,16567.2,Minor Movement,0.1009,Restless,0.75,
2179,16560.4,16574.8,Minor Movement,0.1259,Restless,0.75,
2180,16568.0,16582.4,Minor Movement,0.1614,Restless,0.75,
2181,16575.6,16590.0,Minor Movement,0.1316,Restless,0.75,
2182,16583.2,16597.6,Minor Movement,0.1341,Restless,0.75,
2183,16590.8,16605.2,Minor Movement,0.1522,Restless,0.75,
2184,16598.4,16612.8,Minor Movement,0.1568,Restless,0.75,
2185,16606.0,16620.4,Minor Movement,0.1392,Restless,0.75,
2186,16613.6,16628.0,Minor Movement,0.1213,Restless,0.75,
2187,16621.2,16635.6,Minor Movement,0.1261,Restless,0.75,
2188,16628.8,16643.2,Minor Movement,0.1194,Restless,0.75,
2189,16636.4,16650.8,Minor Movement,0.1702,Restless,0.75,
2190,16644.0,16658.4,Minor Movement,0.1671,Restless,0.75,
2191,16651.6,16666.0,Minor Movement,0.1475,Restless,0.75,
2192,16659.2,16673.6,Minor Movement,0.1543,Restless,0.75,
2193,16666.8,16681.2,Minor Movement,0.1224,Restless,0.75,
2194,16674.4,16688.8,Minor Movement,0.2165,Restless,0.75,
2195,16682.0,16696.4,Minor Movement,0.2241,Active,0.553,
2196,16689.6,16704.0,Minor Movement,0.1025,Restless,0.75,
2197,16697.2,16711.6,Minor Movement,0.1179,Restless,0.75,
2198,16704.8,16719.2,Minor Movement,0.2463,Active,0.614,
2199,16712.4,16726.8,Minor Movement,0.2613,Active,0.663,
2200,16720.0,16734.4,Minor Movement,0.1565,Restless,0.75,
2201,16727.6,16742.0,Minor Movement,0.1447,Restless,0.75,
2202,16735.2,16749.6,Minor Movement,0.1549,Restless,0.75,
2203,16742.8,16757.2,Minor Movement,0.1678,Restless,0.75,
2204,16750.4,16764.8,Minor Movement,0.1826,Active,0.541,
2205,16758.0,16772.4,Minor Movement,0.1401,Restless,0.75,
2206,16765.6,16780.0,Minor Movement,0.1092,Restless,0.75,
2207,16773.2,16787.6,Minor Movement,0.1339,Restless,0.75,
2208,16780.8,16795.2,Minor Movement,0.1433,Restless,0.75,
2209,16788.4,16802.8,Minor Movement,0.1227,Restless,0.75,
2210,16796.0,16810.4,Minor Movement,0.1515,Restless,0.75,
2211,16803.6,16818.0,Minor Movement,0.1466,Restless,0.75,
2212,16811.2,16825.6,Minor Movement,0.1102,Restless,0.75,
2213,16818.8,16833.2,Minor Movement,0.1293,Restless,0.75,
2214,16826.4,16840.8,Minor Movement,0.1951,Restless,0.75,
2215,16834.0,16848.4,Minor Movement,0.2106,Active,0.591,
2216,16841.6,16856.0,Minor Movement,0.1787,Restless,0.75,
2217,16849.2,16863.6,Minor Movement,0.1956,Active,0.587,
2218,16856.8,16871.2,Minor Movement,0.1709,Restless,0.75,
2219,16864.4,16878.8,Minor Movement,0.1864,Restless,0.75,
2220,16872.0,16886.4,Minor Movement,0.2232,Active,0.567,
2221,16879.6,16894.0,Minor Movement,0.1672,Restless,0.75,
2222,16887.2,16901.6,Minor Movement,0.1369,Restless,0.75,
2223,16894.8,16909.2,Minor Movement,0.1442,Restless,0.75,
2224,16902.4,16916.8,Minor Movement,0.1523,Restless,0.75,
2225,16910.0,16920.0,Minor Movement,0.1513,Restless,0.75,
